tree
version=v4
num_class=1
num_tree_per_iteration=1
label_index=0
max_feature_idx=11
objective=binary sigmoid:1
feature_names=Column_0 Column_1 Column_2 Column_3 Column_4 Column_5 Column_6 Column_7 Column_8 Column_9 Column_10 Column_11
feature_infos=[0.25:1.5] [-2.8163:2.4266000000000001] [0:1] [0:1] [0:1] [-2.8161999999999998:2.4266000000000001] [-2.8161999999999998:2.4321999999999999] [-11.061:2.0609999999999999] [0.40000000000000002:1] [-2.5486:2.4321999999999999] [0:1] [0:1]
tree_sizes=1718 1752 1745 1746 1741 1734 1740 1757 1747 1743 1743 1744 1741 1748 1746 1750 1744 1753 1756 1743 1756 1755 1746 1748 1750 1745 1749 1750 1766 1753 1751 1760 1745 1761 1759 1753 1755 1755 1756 1752 1760 1754 1762 1750 1759 1766 1769 1744 1749 1754 1769 1762 1762 1761 1755 1767 1749 1745 1750 1762 1733 1755 1739 1755 1754 1747 1741 1755 1762 1748 1755 1747 1755 1753 1767 1757 1744 1742 1736 1740 1742 1744 1742 1754 1750 1759 1755 1758 1743 1749 1740 1753 1735 1746 1749 1741 1742 1731 1735 1757 1744 1733 1741 1756 1753 1740 1726 1744 1715 1733 1735 1735 1743 1729 1735 1751 1734 1736 1762 1721 1745 1741 1735 1728 1761 1741 1738 1743 1739 1752 1742 1749 1753 1724 1737 1733 1729 1738 1735 1730 1750 1728 1751 1713 1756 1731 1732 1735 1738 1734 1741 1722 1737 1729 1730 1721 1737 1731 1724 1748 1725 1754 1705 1736 1744 1738 1740 1732 1759 1715 1750 1702 1734 1750 1721 1738 1737 1750 1737 1721 1737 1716 1735 1736 1727 1721 1722 1741 1740 1717 1723 1745 1745 1736 1734 1727 1744 1739 1730 1730

Tree=0
num_leaves=15
num_cat=0
split_feature=6 0 0 7 7 6 2 5 7 4 0 0 5 0
split_gain=2600.47 368.729 330.91 159.761 125.838 106.928 102.182 77.4949 66.7534 47.0664 30.4394 30.2688 38.2725 28.4316
threshold=0.81255000000000011 0.62500000000000011 0.62500000000000011 0.22850000000000004 0.053500000000000006 0.16085000000000002 0.12500000000000003 1.1147500000000001 -0.41549999999999992 1.0000000180025095e-35 0.37500000000000006 0.87500000000000011 0.3505821428571429 0.87500000000000011
decision_type=2 2 2 2 2 2 2 2 2 2 2 2 2 2
left_child=2 4 5 11 -2 10 -6 -8 13 -7 -1 12 -3 -4
right_child=1 3 8 -5 6 9 7 -9 -10 -11 -12 -13 -14 -15
leaf_value=-1.0145346456335465 -0.94679849761959267 -0.91126157893313042 -0.96730898732085957 -0.83642632114619597 -0.948026878421249 -0.99497629805817767 -0.91050853036469193 -0.8546218384789861 -0.91337639179938712 -0.96394068697145352 -0.99672913572136079 -0.8419964609504561 -0.87084961249995252 -0.87290583565236046
leaf_weight=718.60602378845215 284.03003454208374 172.42530012130737 150.54595470428467 250.30774068832397 89.323933124542236 257.13249063491821 144.72484445571899 111.60473442077637 122.64477109909058 233.44659376144409 380.37944555282593 28.302639484405518 92.134124279022217 7.4269337654113761
leaf_count=3580 1415 859 750 1247 445 1281 721 556 611 1163 1895 141 459 37
internal_value=-0.954317 -0.89598 -0.990915 -0.865818 -0.922096 -0.999747 -0.901878 -0.885883 -0.940898 -0.980257 -1.00842 -0.891254 -0.896927 -0.962387
internal_weight=3043.04 1172.85 1870.18 543.17 629.684 1589.56 345.654 256.33 280.618 490.579 1098.99 292.862 264.559 157.973
internal_count=15160 5843 9317 2706 3137 7919 1722 1277 1398 2444 5475 1459 1318 787
is_linear=0
shrinkage=1


Tree=1
num_leaves=15
num_cat=0
split_feature=6 6 7 2 4 2 7 9 9 2 6 7 7 9
split_gain=2335.77 286.598 227.559 113.657 103.292 57.4709 50.5443 45.1255 44.0429 30.0728 30.5341 26.6105 24.2386 24.1143
threshold=0.85975000000000013 0.12565000000000001 0.22050000000000003 0.20835000000000001 1.0000000180025095e-35 0.70835000000000015 0.16350000000000003 -0.36234999999999995 -0.094799999999999982 1.0000000180025095e-35 1.0736500000000004 -0.42149999999999993 -0.068499999999999991 0.022150000000000006
decision_type=2 2 2 2 2 2 2 2 2 2 2 2 2 2
left_child=1 8 5 13 -3 9 -6 -5 11 -2 -11 -1 -7 -4
right_child=2 4 3 7 6 12 -8 -9 -10 10 -12 -13 -14 -15
leaf_value=-0.042841285963396231 -0.008172822779991866 -0.031517042350544561 0.013537777885515953 0.048661937215572597 0.00028373541206678344 0.04048252057219498 0.060868031587211262 0.1009452938142562 -0.057136062882385923 0.0072181220582821937 0.040523586632346509 -0.010082750937772778 0.071673961772869096 0.059924290151234488
leaf_weight=293.44667091965675 60.412415400147438 330.41397759318352 56.765222609043121 50.218107521533966 398.92494301497936 145.88148766756058 36.678967505693436 339.31669916212559 752.36571823060513 100.53770208358765 220.61802616715431 79.458647266030312 116.67310068011284 55.816971644759178
leaf_count=1487 299 1669 279 242 1987 716 181 1620 3848 495 1079 401 567 270
internal_value=3.82148e-05 -0.0340901 0.0563304 0.0815565 -0.0104799 0.0365698 0.00551282 0.0943469 -0.050139 0.0240787 0.0301521 -0.0359067 0.0545626 0.0368608
internal_weight=3037.53 1891.29 1146.24 502.117 766.018 644.123 435.604 389.535 1125.27 381.568 321.156 372.905 262.555 112.582
internal_count=15140 9573 5567 2411 3837 3156 2168 1862 5736 1873 1574 1888 1283 549
is_linear=0
shrinkage=0.05


Tree=2
num_leaves=15
num_cat=0
split_feature=6 0 0 7 7 2 6 5 7 1 0 5 4 0
split_gain=2112.06 310.188 269.083 111.698 101.756 86.2618 85.8086 71.1996 51.7591 34.4076 33.0663 42.35 30.6331 24.9181
threshold=0.76255000000000006 0.62500000000000011 0.62500000000000011 0.19250000000000003 0.053500000000000006 1.0000000180025095e-35 0.10215000000000002 0.65496904761904773 -0.41549999999999992 1.6194500000000003 0.87500000000000011 0.3505821428571429 1.0000000180025095e-35 0.37500000000000006
decision_type=2 2 2 2 2 2 2 2 2 2 2 2 2 2
left_child=2 4 6 10 -2 -6 13 -7 -4 -9 11 -3 -8 -1
right_child=1 3 8 -5 5 7 12 9 -10 -11 -12 -13 -14 -15
leaf_value=-0.057963170885655502 0.0043427673053909859 0.03308381546988591 -0.0081524685268946438 0.096223560886249726 -0.0099560534228678634 0.0085462219986167862 -0.038611798236336432 0.05238826726087429 0.036376262339611359 0.093219617166720836 0.10132823923978602 0.075319032404697589 -0.013909788835056539 -0.041070746557866369
leaf_weight=661.44876147806644 314.19233323633671 185.0554661154747 152.96559888124466 299.76768608391285 63.064542293548584 67.096710160374641 264.42625863850117 153.36865994334221 112.44695989787579 82.712839603424072 31.371213868260384 88.844630151987076 241.37211862206459 346.30692552030087
leaf_count=3481 1547 893 773 1377 312 322 1363 722 551 387 147 420 1208 1791
internal_value=-0.000346742 0.0484636 -0.0356243 0.0744894 0.0252463 0.0431184 -0.0437632 0.0541549 0.0107787 0.0670267 0.0529026 0.0470078 -0.0268745 -0.0522047
internal_weight=3064.44 1285.47 1778.97 605.039 680.435 366.243 1513.55 303.178 265.413 236.081 305.271 273.9 505.798 1007.76
internal_count=15294 6127 9167 2837 3290 1743 7843 1431 1324 1109 1460 1313 2571 5272
is_linear=0
shrinkage=0.05


Tree=3
num_leaves=15
num_cat=0
split_feature=7 0 0 9 5 2 5 7 5 7 5 0 2 0
split_gain=1602.84 458.324 278.983 155.424 117.793 91.2528 79.4488 51.2771 45.9863 45.8727 39.2843 36.7183 34.6813 26.7262
threshold=-0.083499999999999991 0.62500000000000011 0.62500000000000011 0.3020500000000001 0.65496904761904773 0.12500000000000003 -0.14046249999999996 -0.40449999999999997 1.3854000000000002 0.20050000000000004 0.53631964285714295 0.87500000000000011 0.37500000000000006 0.37500000000000006
decision_type=2 2 2 2 2 2 2 2 2 2 2 2 2 2
left_child=1 3 4 7 -2 -6 11 13 -7 -4 -5 -3 -9 -1
right_child=2 6 9 10 5 8 -8 12 -10 -11 -12 -13 -14 -15
leaf_value=-0.058236186609847633 -0.00390768638434906 -0.00495928596728083 0.055186763612477478 -0.013549599329253559 0.00081784322214583413 0.045106668243061053 0.044742661163944812 -0.041560697127037555 0.092196301721196389 0.08875122198722081 0.032499836690808359 0.078427817820483636 -0.010858059522852159 -0.040578517853363132
leaf_weight=591.60061666369438 208.66067063808441 204.92645432054996 159.66980850696564 189.11909377574921 94.88749036192894 201.48258477449417 187.05753442645073 244.6947209239006 71.423011884093285 320.66491125524044 60.234120815992355 13.105865970253943 148.46617682278156 356.14046244323254
leaf_count=3194 1042 1020 747 946 468 940 891 1285 324 1430 296 62 761 1870
internal_value=-0.000143887 -0.0265104 0.0496173 -0.0386004 0.0260966 0.0430834 0.0209295 -0.0453365 0.0577223 0.0777318 -0.00234045 0.000388272 -0.0300237 -0.0516506
internal_weight=3052.13 1995.35 1056.79 1590.26 576.454 367.793 405.09 1340.9 272.906 480.335 249.353 218.032 393.161 947.741
internal_count=15276 10325 4951 8352 2774 1732 1973 7110 1264 2177 1242 1082 2046 5064
is_linear=0
shrinkage=0.05


Tree=4
num_leaves=15
num_cat=0
split_feature=6 0 0 0 7 7 2 5 7 5 7 0 3 7
split_gain=1723.58 283.15 205.783 104.441 69.1392 64.2229 65.7531 58.8656 49.9311 47.1193 27.3586 25.9045 23.9783 18.3216
threshold=0.85975000000000013 0.62500000000000011 0.62500000000000011 0.37500000000000006 0.22850000000000004 0.053500000000000006 0.12500000000000003 0.018917857142857174 -0.41549999999999992 1.3854000000000002 -0.30749999999999994 0.87500000000000011 0.45835000000000009 -0.48549999999999993
decision_type=2 2 2 2 2 2 2 2 2 2 2 2 2 2
left_child=1 3 5 10 12 -2 -7 13 11 -8 -1 -3 -4 -5
right_child=2 8 4 7 -6 6 9 -9 -10 -11 -12 -13 -14 -15
leaf_value=-0.056626919460872664 0.0064435715603440233 -0.010564722489160346 0.032439902804168461 -0.04036431716147533 0.083873342335390788 0.00070756419012944338 0.038496483480012465 0.00069632902228777599 0.03497583780513238 0.086271906487201358 -0.03440293344697308 0.075373801442417676 0.061376175551177664 -0.020258909110359904
leaf_weight=652.98965373635292 260.78478556871414 154.3127123862505 126.44278986752033 342.80421705543995 294.14006306231022 85.572995185852051 205.68283589184284 164.39515121281147 138.78589056432247 69.807061672210693 183.50623469054699 8.2984730750322324 178.40792025625706 174.31141650676727
leaf_count=3624 1273 781 581 1827 1272 420 943 839 658 306 979 39 817 911
internal_value=-0.000339466 -0.031172 0.0455979 -0.0399569 0.066501 0.0253887 0.0390166 -0.0253679 0.0130595 0.0508707 -0.0517984 -0.00574517 0.0495196 -0.0336393
internal_weight=3040.24 1819.4 1220.84 1518.01 598.991 621.848 361.063 681.511 301.397 275.49 836.496 162.611 304.851 517.116
internal_count=15270 9658 5612 8180 2670 2942 1669 3577 1478 1249 4603 820 1398 2738
is_linear=0
shrinkage=0.05


Tree=5
num_leaves=15
num_cat=0
split_feature=6 0 0 0 7 7 2 5 5 6 1 7 0 5
split_gain=1586.74 226.268 194.209 90.5785 72.1576 66.9972 59.1117 44.3864 41.3964 34.4693 31.3638 28.5191 24.575 26.4108
threshold=0.78650000000000009 0.62500000000000011 0.62500000000000011 0.37500000000000006 0.053500000000000006 0.30950000000000005 0.12500000000000003 0.65496904761904773 -0.026499999999999971 0.12565000000000001 1.6872500000000004 -0.31249999999999994 0.87500000000000011 0.32764880952380954
decision_type=2 2 2 2 2 2 2 2 2 2 2 2 2 2
left_child=1 3 4 11 -2 12 -6 -8 -5 -3 -9 -1 13 -4
right_child=2 9 5 8 6 -7 7 10 -10 -11 -12 -13 -14 -15
leaf_value=-0.055743622271303875 0.004635147862240647 -0.01842448004975605 0.031213358765431961 -0.032812386955301164 0.0014750051476628313 0.080843599026360805 0.010713006891445298 0.045904277968510376 -0.0033246923942496158 0.020529551809230037 0.087143038465490874 -0.032200550506358845 0.086450295660221943 0.060068572781193111
leaf_weight=628.47878658771515 302.3710091561079 78.134852036833763 200.07490657269955 473.80379901826382 88.16886879503727 261.47450095415115 62.663431569933891 161.20424798130989 159.15979598462582 200.87667182087898 67.38005556166172 168.08913725614548 36.56025218963623 136.10019505023956
leaf_count=3597 1481 397 915 2557 433 1107 295 715 818 970 292 917 159 600
internal_value=0.000212474 -0.0315638 0.0414599 -0.039598 0.0228833 0.0613626 0.0373755 0.0482014 -0.0254146 0.00959396 0.0583869 -0.0508222 0.0475169 0.0430389
internal_weight=3024.54 1708.54 1316 1429.53 681.788 634.21 379.417 291.248 632.964 279.012 228.584 796.568 372.735 336.175
internal_count=15253 9256 5997 7889 3216 2781 1735 1302 3375 1367 1007 4514 1674 1515
is_linear=0
shrinkage=0.05


Tree=6
num_leaves=15
num_cat=0
split_feature=6 0 0 6 7 7 7 2 0 6 2 5 2 3
split_gain=1455.04 224.112 146.304 100.618 72.0103 57.9511 47.2325 48.4561 35.2946 30.0591 26.4765 24.4003 22.7225 21.5566
threshold=0.60360000000000014 0.62500000000000011 0.37500000000000006 1.1042500000000002 0.19250000000000003 -0.42149999999999993 -0.13849999999999998 1.0000000180025095e-35 0.87500000000000011 0.12565000000000001 0.70835000000000015 0.43391547619047627 0.54165000000000008 0.45835000000000009
decision_type=2 2 2 2 2 2 2 2 2 2 2 2 2 2
left_child=2 3 -1 -2 8 9 -5 -8 11 -4 -6 13 -7 -3
right_child=1 4 5 6 10 12 7 -9 -10 -11 -12 -13 -14 -15
leaf_value=-0.05163724932028374 -0.0048625881573814604 0.0090201885522283847 -0.039290731219099845 -0.0026082682207172487 0.055981224219361053 -0.014787308500747155 -0.0026511790875778807 0.045697277147222423 0.08446231321694514 -0.013745164143359313 0.085102757540433366 0.058801368467120578 0.014784801420760385 0.038260171821356978
leaf_weight=729.38460859656334 340.50239625573158 107.2416360527277 322.69201289117336 86.962886199355125 161.80864654481411 138.92073374986649 61.362740114331245 328.67856886982918 37.926460012793541 181.1176516264677 172.58922880887985 75.178931310772896 120.25030344724655 154.6452691257
leaf_count=4267 1707 495 1784 422 678 718 304 1470 163 936 720 329 602 705
internal_value=-0.000535366 0.0337692 -0.0356328 0.0158949 0.0543163 -0.0202855 0.0306915 0.0381036 0.0390929 -0.0301526 0.0712203 0.0337532 -0.00106234 0.0263664
internal_weight=3019.26 1526.9 1492.37 817.507 709.39 762.981 477.004 390.041 374.992 503.81 334.398 337.066 259.171 261.887
internal_count=15300 6993 8307 3903 3090 4040 2196 1774 1692 2720 1398 1529 1320 1200
is_linear=0
shrinkage=0.05


Tree=7
num_leaves=15
num_cat=0
split_feature=6 6 6 2 7 4 4 4 7 9 7 7 7 7
split_gain=1331.58 165.682 122.101 74.6278 54.0966 51.6768 43.0308 36.9764 27.4632 25.1509 23.8858 22.481 20.3367 16.8854
threshold=0.62475000000000014 1.1144500000000004 0.11420000000000001 0.29165000000000002 0.33150000000000007 1.0000000180025095e-35 1.0000000180025095e-35 1.0000000180025095e-35 -0.41549999999999992 -0.4610499999999999 0.11950000000000001 -0.60949999999999982 -0.42149999999999993 0.86850000000000016
decision_type=2 2 2 2 2 2 2 2 2 2 2 2 2 2
left_child=2 5 7 13 8 -2 -4 -1 -5 -6 -8 -7 -9 -3
right_child=1 3 6 4 9 11 10 12 -10 -11 -12 -13 -14 -15
leaf_value=-0.051101773466070255 -0.0099034243026414545 0.018890512034744043 -0.030305291400263654 0.013585260497677247 0.025267694165247091 -0.0055995956583154653 -0.0048565530657025281 -0.036746414255746561 0.047877744827505099 0.075097087963618955 0.050719919748438404 0.028194688352476328 -0.0067824149488907876 0.066134502176046273
leaf_weight=626.56314519047737 192.07638680934906 245.17137965559959 216.99001231789589 71.369240909814835 29.403630718588829 59.053618490695953 269.73619206249714 274.02050532400608 346.13550801575184 266.87230843305588 19.819939211010933 285.60402984917164 71.960748970508575 19.755773693323135
leaf_count=3759 961 1120 1204 330 128 287 1373 1572 1518 1108 93 1328 388 86
internal_value=0.000269604 0.0331982 -0.0334679 0.0454328 0.0538457 0.0108461 -0.0135261 -0.04383 0.0420622 0.0702534 -0.000890909 0.0224049 -0.0305517 0.022649
internal_weight=2994.53 1515.44 1479.09 978.708 713.781 536.734 506.546 972.544 417.505 296.276 289.556 344.658 345.981 264.927
internal_count=15255 6866 8389 4290 3084 2576 2670 5719 1848 1236 1466 1615 1960 1206
is_linear=0
shrinkage=0.05


Tree=8
num_leaves=15
num_cat=0
split_feature=7 0 0 0 2 5 5 5 5 1 4 7 0 2
split_gain=985.518 293.097 171.685 114.602 74.4635 67.0251 53.9981 43.4341 35.036 31.3812 24.1633 19.6404 19.0703 18.7023
threshold=-0.13849999999999998 0.62500000000000011 0.62500000000000011 0.37500000000000006 1.0000000180025095e-35 0.65496904761904773 0.22409999999999999 -0.37161369047619047 0.059323809523809522 1.6194500000000003 1.0000000180025095e-35 -0.47449999999999992 0.87500000000000011 0.95835000000000015
decision_type=2 2 2 2 2 2 2 2 2 2 2 2 2 2
left_child=1 3 4 -1 -2 -6 11 -3 -4 13 -10 -5 -9 -7
right_child=2 7 8 6 5 9 -8 12 10 -11 -12 -13 -14 -15
leaf_value=-0.048727278151443718 -0.017793239719381349 -0.0086036394681206219 0.031015416952984029 -0.033506819638070111 0.0022388695648887114 0.022011797687738276 0.0067884009991210819 0.022749431125231648 0.035761480791859028 0.063849004879674057 0.067508983021075455 -0.012336181669588527 0.076044267547448877 0.055547781700067966
leaf_weight=702.28946049511433 121.48886427283287 131.9650321751833 120.13296808302402 375.78522890806198 197.03725811839104 193.69602079689503 147.96179205179214 237.5058435946703 76.643284693360329 91.714386776089668 354.81055776774883 156.78615361452103 17.344678953289986 53.106153890490532
leaf_count=4310 628 671 525 2115 979 871 730 1100 323 385 1472 842 74 233
internal_value=-4.15789e-05 -0.0238065 0.0347451 -0.0345633 0.0174376 0.0254479 -0.0198965 0.0146381 0.0552927 0.0389106 0.0619651 -0.0273091 0.0266596 0.029423
internal_weight=2978.27 1769.64 1208.63 1382.82 657.043 535.554 680.533 386.816 551.587 338.517 431.454 532.571 254.851 246.802
internal_count=15258 9842 5416 7997 3096 2468 3687 1845 2320 1489 1795 2957 1174 1104
is_linear=0
shrinkage=0.05


Tree=9
num_leaves=15
num_cat=0
split_feature=6 0 0 0 7 1 5 1 7 3 0 3 5 5
split_gain=1083.28 165.299 124.895 67.1337 57.2627 45.8144 33.4667 26.8679 24.7412 20.3555 19.986 16.7097 17.2431 16.0387
threshold=0.75225000000000009 0.62500000000000011 0.62500000000000011 0.37500000000000006 0.19250000000000003 1.1072500000000003 -0.026499999999999971 -0.28849999999999992 -0.31249999999999994 0.79165000000000008 0.87500000000000011 1.0000000180025095e-35 1.723257142857143 0.3505821428571429
decision_type=2 2 2 2 2 2 2 2 2 2 2 2 2 2
left_child=1 3 5 8 10 9 -5 -3 -1 -2 13 -7 -13 -4
right_child=2 7 4 6 -6 11 -8 -9 -10 -11 -12 12 -14 -15
leaf_value=-0.051702284497746921 -0.0016434931097319052 -0.01325768346262253 0.019832712498082442 -0.030656342773451584 0.061622300133534882 0.016024472442983956 -0.0030778301955687931 0.019303873302877569 -0.028602388524776978 0.025503115700021919 0.067665058214182172 0.033048221829576382 0.075704284679433728 0.044268929452622736
leaf_weight=552.80801957845688 284.85887496173382 101.64857706427574 203.94992603361607 444.69878588616848 336.93550945818424 132.19703994691372 146.37068447470665 164.79148237407207 152.20710548758507 90.106199637055397 35.432919219136238 185.98175065219402 27.215521886944771 101.81125901639462
leaf_count=3559 1381 521 907 2548 1367 607 762 788 898 423 146 811 113 430
internal_value=-0.000365821 -0.0289684 0.0315895 -0.0363371 0.0469802 0.0170561 -0.0238436 0.00687831 -0.0467628 0.00493047 0.0323831 0.0301675 0.0388215 0.0280872
internal_weight=2961.01 1562.52 1398.49 1296.08 678.13 720.359 591.069 266.44 705.015 374.965 341.194 345.394 213.197 305.761
internal_count=15261 9076 6185 7767 2850 3335 3310 1309 4457 1804 1483 1531 924 1337
is_linear=0
shrinkage=0.05


Tree=10
num_leaves=15
num_cat=0
split_feature=6 6 0 0 0 0 2 5 2 5 2 0 6 5
split_gain=990.691 177.257 112.463 72.5734 51.5516 45.2779 36.2747 35.9785 30.1637 23.8387 22.0258 21.5861 21.2641 19.1003
threshold=0.53515000000000013 1.1144500000000004 0.37500000000000006 0.62500000000000011 0.62500000000000011 0.62500000000000011 0.12500000000000003 1.2023488095238097 0.37500000000000006 -0.37161369047619047 0.70835000000000015 0.87500000000000011 1.6838500000000003 -0.12186071428571429
decision_type=2 2 2 2 2 2 2 2 2 2 2 2 2 2
left_child=2 4 -1 6 8 13 -3 -8 -2 -7 -5 -6 -9 -4
right_child=1 3 5 10 11 9 7 12 -10 -11 -12 -13 -14 -15
leaf_value=-0.047836662277819242 -0.021981937277266873 -0.0018766007961866706 -0.031814193767029285 0.040812521028816995 0.018145456331435147 -0.01206772162167153 0.020788192134505494 0.03567987726065186 0.0060329389199560018 0.023946979739620632 0.062004193226677301 0.070011351518960527 0.077656215475055593 -0.0078350522267917177
leaf_weight=631.93201322853565 170.74896220862865 100.38159209489822 378.35997143387794 246.04541654884815 224.77681264281273 114.86958023905754 253.91767708957195 76.651521578431129 217.35477918386459 75.151712954044342 267.27382852137089 21.251138359308243 52.761879205703735 107.33115918934345
leaf_count=4148 901 483 2223 1019 998 592 1136 323 1078 361 1097 89 215 577
internal_value=-0.000272817 0.025713 -0.0326826 0.0388477 0.00503297 -0.0184606 0.0248695 0.0318601 -0.00631722 0.00222657 0.0519457 0.0228908 0.0532579 -0.0265421
internal_weight=2938.81 1631.16 1307.64 997.032 634.132 675.712 483.713 383.331 388.104 190.021 513.319 246.028 129.413 485.691
internal_count=15240 7339 7901 4273 3066 3753 2157 1674 1979 953 2116 1087 538 2800
is_linear=0
shrinkage=0.05


Tree=11
num_leaves=15
num_cat=0
split_feature=6 6 0 0 0 0 7 7 0 5 0 3 7 4
split_gain=896.133 146.531 116.283 64.5177 44.642 39.3025 31.9179 21.9571 20.4278 23.5233 20.251 19.9826 19.9107 17.3748
threshold=0.53515000000000013 1.1144500000000004 0.37500000000000006 0.62500000000000011 0.62500000000000011 0.62500000000000011 -0.13849999999999998 0.76950000000000018 0.87500000000000011 0.32764880952380954 0.87500000000000011 1.0000000180025095e-35 -0.40449999999999997 1.0000000180025095e-35
decision_type=2 2 2 2 2 2 2 2 2 2 2 2 2 2
left_child=2 4 -1 6 13 12 -3 8 9 -5 -6 -8 -4 -2
right_child=1 3 5 7 10 -7 11 -9 -10 -11 -12 -13 -14 -15
leaf_value=-0.047153764072127652 -0.016442074785295375 -0.005018511248988662 -0.031171719926611774 0.025046793499423244 0.017568406953755753 0.0022979799795030567 0.014629082915514305 0.074298045618001088 0.073550443334067975 0.050201045238494939 0.067823439789962733 0.037682091299053061 -0.0084826959928469021 0.0047232778885746606
leaf_weight=615.15380176901817 178.83605360984802 83.565781831741333 335.88626858592033 160.25123478472233 222.98505848646164 189.50785405933857 154.34258587658405 72.318238705396652 52.634992748498917 233.03001345694065 21.251091971993446 247.36182251572609 136.9429841786623 209.68174803256989
leaf_count=4164 955 398 2013 676 985 949 697 290 212 945 88 1057 753 1031
internal_value=-0.000143624 0.0243511 -0.0315119 0.0362234 0.00549494 -0.0169351 0.0230467 0.0484938 0.044152 0.0400409 0.0221999 0.028883 -0.0246322 -0.0050364
internal_weight=2913.75 1636.26 1277.49 1003.5 632.754 662.337 485.27 518.234 445.916 393.281 244.236 401.704 472.829 388.518
internal_count=15213 7334 7879 4275 3059 3715 2152 2123 1833 1621 1073 1754 2766 1986
is_linear=0
shrinkage=0.05


Tree=12
num_leaves=15
num_cat=0
split_feature=6 7 0 0 2 0 6 5 5 3 2 0 7 2
split_gain=834.36 127.446 108.757 55.333 44.8721 32.9816 29.1502 24.7495 22.9672 22.231 21.0685 20.3469 19.0936 15.4307
threshold=0.53515000000000013 0.20050000000000004 0.37500000000000006 0.62500000000000011 0.70835000000000015 0.62500000000000011 0.89765000000000017 0.20709047619047619 -0.37161369047619047 1.0000000180025095e-35 0.12500000000000003 0.87500000000000011 -0.40449999999999997 0.62500000000000011
decision_type=2 2 2 2 2 2 2 2 2 2 2 2 2 2
left_child=2 3 -1 6 9 12 -2 -8 -7 -3 -9 -5 -4 -14
right_child=1 4 5 11 -6 8 7 10 -10 -11 -12 -13 13 -15
leaf_value=-0.046524917913010833 -0.012741662920639 0.013575559223756592 -0.030648661172235438 0.022207150342328213 0.055651601421423849 -0.013732668258865292 -0.020972462374243259 -0.0099503774467677945 0.021423115347777397 0.038801074441154104 0.022364917233911537 0.060197571933710441 -0.020872663173312808 0.013354321090937106
leaf_weight=591.73598372936249 212.93208266794682 145.64959535002708 330.23816952109337 373.85825824737549 278.13715288043022 113.31653787195683 52.510832235217094 62.571683242917061 77.263647526502609 223.15045291185379 248.86650098860264 38.467243924736977 90.656043261289597 50.547984600067139
leaf_count=4128 1138 640 2016 1619 1138 587 254 308 367 928 1131 156 509 272
internal_value=-0.000282415 0.0232298 -0.0309597 0.0119247 0.0404708 -0.0169978 0.00191662 0.010504 0.000557365 0.0289025 0.0158613 0.0258885 -0.0240807 -0.0086124
internal_weight=2889.9 1636.14 1253.76 989.207 646.937 662.022 576.881 363.949 190.58 368.8 311.438 412.326 471.442 141.204
internal_count=15191 7312 7879 4606 2706 3751 2831 1693 954 1568 1439 1775 2797 781
is_linear=0
shrinkage=0.05


Tree=13
num_leaves=15
num_cat=0
split_feature=6 6 0 2 4 6 7 7 9 0 9 9 1 7
split_gain=767.833 116.042 101.895 58.1007 40.4707 38.9761 33.5511 25.1239 19.9853 19.3176 18.2533 17.4319 15.3138 14.7118
threshold=0.53515000000000013 1.1144500000000004 0.37500000000000006 0.29165000000000002 1.0000000180025095e-35 -0.014899999999999998 -0.078499999999999986 -0.32449999999999996 -0.40709999999999996 0.62500000000000011 0.16595000000000001 1.4713000000000003 1.7132500000000002 -0.30749999999999994
decision_type=2 2 2 2 2 2 2 2 2 2 2 2 2 2
left_child=2 4 13 11 -2 -4 -5 -6 -8 -7 -9 -3 -10 -1
right_child=1 3 5 6 7 9 8 10 12 -11 -12 -13 -14 -15
leaf_value=-0.048776408006905241 -0.011421839947128918 0.0074564146638702354 -0.0298013204294649 0.020003202531780825 -0.0021855518121402066 -0.014435555293599984 0.020254938855182699 0.0078995454595248409 0.044671401841043838 0.0092371023055744499 0.034458174887923999 0.040600654329696943 0.066922994846793649 -0.02725056803400976
leaf_weight=480.42816977202892 226.48229372501373 230.34433923661709 294.56777520477772 163.6383066624403 141.78079344332218 222.28733883798122 69.063371002674103 109.13202196359634 397.90819478034973 139.4787161052227 160.58780227601528 47.11179606616497 102.5853845924139 100.40074436366558
leaf_count=3508 1177 1022 1807 720 684 1270 291 510 1625 679 706 203 412 667
internal_value=-0.000107045 0.0222295 -0.0298665 0.0327611 0.00552079 -0.0163296 0.0401316 0.0148508 0.0458695 -0.00530827 0.0237811 0.0132099 0.0493566 -0.0451087
internal_weight=2885.8 1648.63 1237.16 1010.65 637.983 656.334 733.195 411.501 569.557 361.766 269.72 277.456 500.494 580.829
internal_count=15281 7350 7931 4273 3077 3756 3048 1900 2328 1949 1216 1225 2037 4175
is_linear=0
shrinkage=0.05


Tree=14
num_leaves=15
num_cat=0
split_feature=6 0 6 2 7 0 7 3 7 6 2 7 7 9
split_gain=661.006 108.693 100.259 53.8576 40.7553 31.0214 27.6455 23.4125 21.5202 21.0943 19.6539 17.4051 17.3619 15.9669
threshold=0.60360000000000014 0.37500000000000006 1.1144500000000004 0.79165000000000008 -0.41549999999999992 0.62500000000000011 0.33150000000000007 0.37500000000000006 -0.31849999999999995 0.025450000000000004 0.62500000000000011 -0.65149999999999986 -0.30749999999999994 -0.38699999999999996
decision_type=2 2 2 2 2 2 2 2 2 2 2 2 2 2
left_child=1 12 5 6 9 -2 -4 -7 -5 -3 -6 -9 -1 -8
right_child=2 4 3 8 10 7 13 11 -10 -11 -12 -13 -14 -15
leaf_value=-0.047767343909482014 -0.0055759578631380509 -0.032962194931854115 0.012608272227092463 0.015283695022237989 -0.0097207464862678443 -0.0025628432531993772 0.0051981907547452785 -0.0086623160906969445 0.050421566724472955 -0.011430332859482167 0.018907857564829725 0.038022779713208214 -0.025190527875266738 0.03899213789663547
leaf_weight=469.87102660536766 340.14839611947536 248.020812317729 373.37554951012135 51.800497934222221 143.77490854263306 85.446023494005203 41.76197175681591 23.493338733911514 315.35289599001408 212.31249795854092 101.33553145825863 120.56049235165119 108.55315612256527 224.49101215600967
leaf_count=3542 1724 1576 1619 228 778 372 180 107 1289 1176 508 511 725 925
internal_value=-0.000905824 -0.0275288 0.02078 0.0302574 -0.0143237 0.00400618 0.0214397 0.0181707 0.0455191 -0.0230777 0.00214386 0.0304018 -0.0435811 0.0337308
internal_weight=2860.3 1283.87 1576.43 1006.78 705.444 569.648 639.629 229.5 367.153 460.333 245.11 144.054 578.424 266.253
internal_count=15260 8305 6955 4241 4038 2714 2724 990 1517 2752 1286 618 4267 1105
is_linear=0
shrinkage=0.05


Tree=15
num_leaves=15
num_cat=0
split_feature=6 0 0 7 7 5 2 5 0 0 7 2 6 5
split_gain=629.54 113.591 93.7698 48.209 44.3879 30.9557 29.6233 23.9811 20.9885 18.672 15.2657 15.0865 14.7493 13.7706
threshold=0.53515000000000013 0.62500000000000011 0.37500000000000006 0.053500000000000006 0.29750000000000004 -0.726417857142857 1.0000000180025095e-35 1.3854000000000002 0.87500000000000011 0.62500000000000011 -0.30749999999999994 0.45835000000000009 0.89765000000000017 0.42639444444444452
decision_type=2 2 2 2 2 2 2 2 2 2 2 2 2 2
left_child=2 3 10 12 8 -4 -5 -8 13 -7 -1 -6 -2 -3
right_child=1 4 5 6 11 9 7 -9 -10 -11 -12 -13 -14 -15
leaf_value=-0.047086380578773485 -0.014780078151817609 0.015573050520479812 -0.032163387736937499 -0.010929247560673878 0.031319358458878364 -0.015228387668594821 0.017613367116523667 0.047991674171608108 0.055571849071654092 0.0061032728659611811 -0.024738154112526719 0.056856936465064213 0.0036009008689145148 0.035967046613967955
leaf_weight=452.48981340229511 190.76838199794292 329.67195577919483 186.31211711466312 68.890833541750908 87.908398374915123 301.04098293185234 285.02451698482037 84.160155445337296 47.688266411423683 154.66667836904526 96.350914627313614 198.76041388511658 252.58326379954815 111.26290373504162
leaf_count=3530 1038 1420 1175 341 353 1805 1227 341 192 765 662 800 1191 452
internal_value=-0.000337179 0.0195902 -0.0280533 0.00729778 0.0335381 -0.0150448 0.0190422 0.0246494 0.0242902 -0.00799093 -0.0432152 0.0491618 -0.00432366 0.0207889
internal_weight=2847.58 1656.72 1190.86 881.427 775.292 642.02 438.076 369.185 488.623 455.708 548.841 286.669 443.352 440.935
internal_count=15292 7355 7937 4138 3217 3745 1909 1568 2064 2570 4192 1153 2229 1872
is_linear=0
shrinkage=0.05


Tree=16
num_leaves=15
num_cat=0
split_feature=6 0 0 0 5 5 2 1 5 0 5 9 6 3
split_gain=582.428 94.6873 86.1407 35.9257 47.9166 35.3531 31.7804 31.7227 23.2373 17.8022 15.8 15.7021 14.4135 12.735
threshold=0.5898500000000001 0.37500000000000006 0.62500000000000011 0.87500000000000011 0.42639444444444452 0.19081785714285718 0.29165000000000002 -0.30404999999999999 1.3854000000000002 0.62500000000000011 0.0093428571428571128 0.32350000000000007 0.97710000000000008 0.37500000000000006
decision_type=2 2 2 2 2 2 2 2 2 2 2 2 2 2
left_child=1 -1 5 4 13 -2 12 10 -8 11 -3 -9 -7 -4
right_child=2 7 3 -5 -6 6 8 9 -10 -11 -12 -13 -14 -15
leaf_value=-0.041812969165557358 -0.015996515080223369 -0.025963010604700545 0.0054074037182322765 0.062953538485108956 0.043972716456205423 -0.020619702474377215 0.016107265190578878 -0.017258679264193649 0.048592332271538828 0.012228589913753765 0.045017519918141777 0.020715783535757787 0.0058657180808233947 0.023779641759208211
leaf_weight=545.40759768337011 124.8471155911684 342.19259172677994 153.54327090084553 81.732229098677635 273.05771450698376 68.402068704366684 390.54440273344517 180.91527938842773 63.608436316251755 122.85644243657589 7.1466738432645789 31.140637293457985 196.71371467411518 246.59954637289047
leaf_count=4274 631 2129 653 329 1103 376 1761 1072 257 587 38 166 903 1037
internal_value=-0.000425873 -0.0262865 0.0194648 0.0317262 0.0278472 0.00847429 0.0127381 -0.0138676 0.0207539 -0.00285553 -0.0243866 -0.011611 -0.00101955 0.0167609
internal_weight=2828.71 1229.66 1599.05 754.933 673.201 844.116 719.269 684.252 454.153 334.912 349.339 212.056 265.116 400.143
internal_count=15316 8266 7050 3122 2793 3928 3297 3992 2018 1825 2167 1238 1279 1690
is_linear=0
shrinkage=0.05


Tree=17
num_leaves=15
num_cat=0
split_feature=6 0 7 0 0 2 2 7 5 5 9 9 7 0
split_gain=541.845 95.5295 88.5238 44.399 29.294 26.7294 23.1406 27.7912 19.9272 16.097 16.0903 14.0916 14.0293 13.0605
threshold=0.53515000000000013 0.37500000000000006 0.29750000000000004 0.62500000000000011 0.62500000000000011 0.70835000000000015 1.0000000180025095e-35 -0.19649999999999998 -0.026499999999999971 0.20709047619047619 -0.61839999999999995 -0.70274999999999987 -0.30749999999999994 0.87500000000000011
decision_type=2 2 2 2 2 2 2 2 2 2 2 2 2 2
left_child=1 12 3 6 8 10 -2 -8 -3 13 -4 -9 -1 -5
right_child=2 4 5 9 -6 -7 7 11 -10 -11 -12 -13 -14 -15
leaf_value=-0.046118478969249845 -0.021079870553658914 -0.02517252295883593 -0.0089703458573738345 0.0096310031823066151 0.0031742881546428948 0.048731332173143599 -0.0079800861839583442 -0.013945518066813812 0.0026319834862403727 0.032342931246592502 0.029510923884362564 0.018316398078274579 -0.024017417050184273 0.041761995022410299
leaf_weight=423.73600648343563 91.223005175590515 364.72723577916622 29.902320548892021 237.92455247044563 189.8717425763607 222.97871194779873 218.52217523753643 37.298615321516991 78.006272882223129 213.79114335775375 257.44427759945393 306.46748378872871 90.756765708327293 35.701771274209023
leaf_count=3521 486 2365 132 1027 960 911 1116 181 429 873 1073 1380 652 144
internal_value=9.38289e-05 -0.0262908 0.0184276 0.0106684 -0.0132456 0.0357199 0.00214167 0.00593976 -0.0202787 0.0220729 0.0254892 0.0147857 -0.042274 0.0139601
internal_weight=2798.35 1147.1 1651.25 1140.93 632.605 510.325 653.511 562.288 442.734 487.417 287.347 343.766 514.493 273.626
internal_count=15250 7927 7323 5207 3754 2116 3163 2677 2794 2044 1205 1561 4173 1171
is_linear=0
shrinkage=0.05


Tree=18
num_leaves=15
num_cat=0
split_feature=6 7 4 2 4 7 9 7 6 3 7 11 6 8
split_gain=471.76 104.206 44.4052 43.4468 43.39 28.9444 18.2135 17.0608 16.8896 15.6139 13.8437 13.1982 11.6609 10.8893
threshold=0.28340000000000004 0.082500000000000018 1.0000000180025095e-35 0.29165000000000002 1.0000000180025095e-35 -0.60949999999999982 -0.5482499999999999 -0.42149999999999993 0.98655000000000015 0.54165000000000008 0.44250000000000006 0.47220000000000006 -0.88049999999999995 0.90000000000000013
decision_type=2 2 2 2 2 2 2 2 2 2 2 2 2 2
left_child=4 2 8 -3 12 9 -5 -6 -2 -4 -8 -7 -1 -14
right_child=1 3 5 6 7 11 10 -9 -10 -11 -12 -13 13 -15
leaf_value=-0.050876434207026228 -0.019315290935638135 0.0084943444990881727 -0.027182104947228759 0.008738370479942836 -0.023860958534944382 0.025263731789862066 0.029726772799368081 0.00061058936782169533 0.003109980333162145 0.0043800790856824154 0.046299096148296789 0.0093045791670710795 -0.027055045353494712 -0.045598103812376743
leaf_weight=171.62729563564062 228.48468735814095 234.5130663216114 63.043589025735855 64.731803491711617 276.69922158867121 226.32400238513947 300.92850616574287 95.723699986934662 132.01594419777393 100.36425316333771 230.35924124717712 305.76857748627663 207.03437885642052 136.07208875566721
leaf_count=1467 1355 1039 315 276 1875 1008 1240 552 600 493 940 1417 1504 1146
internal_value=-0.000607172 0.0135328 0.00310469 0.0267723 -0.0306572 0.0104818 0.0339377 -0.0175863 -0.0111172 -0.00788804 0.0369858 0.0161274 -0.0400619 -0.0345202
internal_weight=2773.69 1886.53 1056 830.533 887.157 695.5 596.02 372.423 360.501 163.408 531.288 532.093 514.734 343.106
internal_count=15227 8683 5188 3495 6544 3233 2456 2427 1955 808 2180 2425 4117 2650
is_linear=0
shrinkage=0.05


Tree=19
num_leaves=15
num_cat=0
split_feature=6 6 0 7 2 2 7 7 7 7 6 2 0 0
split_gain=442.834 98.6461 53.6353 41.9062 32.9139 25.9745 23.3347 15.6061 15.1829 12.6887 12.6288 12.275 11.0359 10.8855
threshold=0.33980000000000005 1.0210500000000002 0.37500000000000006 0.44250000000000006 0.45835000000000009 0.29165000000000002 -0.42149999999999993 -0.66549999999999987 -0.41549999999999992 -0.53849999999999987 1.4704000000000002 0.29165000000000002 0.37500000000000006 0.87500000000000011
decision_type=2 2 2 2 2 2 2 2 2 2 2 2 2 2
left_child=2 4 9 5 -2 10 -4 -6 -7 -1 -3 -5 -9 -10
right_child=1 3 6 11 7 8 -8 12 13 -11 -12 -13 -14 -15
leaf_value=-0.046954363705599661 -0.012640708527004198 -0.0073538196332295705 -0.023359522231283184 0.022134256635732093 -0.012016767402243844 0.0036934176783026702 0.0013837727739861451 -0.010182383526538698 0.024235051713514658 -0.028878646615671147 0.016591872529569021 0.04439378424126085 0.017297972675345583 0.055633312604585795
leaf_weight=287.4551950097084 307.40861552208662 129.33612483739853 335.16595695912838 87.887468501925468 70.697292655706406 88.82154107093811 132.82785813510418 41.258317992091179 472.07880854606628 157.1171428412199 94.37786577641964 239.73246391117573 283.02044533193111 29.097755283117294
leaf_count=2566 1691 589 2202 372 362 393 742 237 1961 1296 409 981 1300 118
internal_value=0.000251869 0.0143504 -0.0282168 0.0234168 -0.000394358 0.017301 -0.0163488 0.00914479 0.0227941 -0.0406453 0.00277699 0.038508 0.0137811 0.0261652
internal_weight=2756.28 1843.72 912.566 1141.33 702.385 813.712 467.994 394.976 589.998 444.572 223.714 327.62 324.279 501.177
internal_count=15219 8413 6806 4823 3590 3470 2944 1899 2472 3862 998 1353 1537 2079
is_linear=0
shrinkage=0.05


Tree=20
num_leaves=15
num_cat=0
split_feature=6 6 0 0 4 7 2 7 2 7 5 5 7 0
split_gain=409.955 92.2843 42.7635 39.4004 37.6858 27.6706 21.9763 19.5896 18.6822 18.3105 15.9687 15.7992 12.3694 12.202
threshold=0.29515000000000008 1.0210500000000002 0.37500000000000006 0.62500000000000011 1.0000000180025095e-35 -0.66549999999999987 0.70835000000000015 -0.12549999999999997 1.0000000180025095e-35 -0.42149999999999993 -0.18454285714285715 1.723257142857143 -0.71949999999999992 0.87500000000000011
decision_type=2 2 2 2 2 2 2 2 2 2 2 2 2 2
left_child=2 4 12 7 -2 -6 10 -3 -9 -4 -5 -10 -1 -7
right_child=1 3 9 6 5 13 -8 8 11 -11 -12 -13 -14 -15
leaf_value=-0.049695792729384514 -0.015530201487916985 -0.0057808554294402868 -0.024085385110245564 -0.02444061633325556 -0.015748225185538259 0.012066415528160542 0.040678531582602977 -0.006337037423786971 0.018361659150293967 -0.0011628678635517533 0.024022222134710596 0.054624582135426293 -0.032076881495365459 0.058683245737684867
leaf_weight=191.05577341467142 272.8900683298707 116.14632070064545 315.09381771087646 17.398117735981941 98.416025549173355 362.98936174809933 293.40234366059303 70.670284539461136 348.32249271869659 120.41176281869411 259.16334973275661 32.285076856613159 229.68901919573545 13.696552336215971
leaf_count=1770 1594 546 2116 73 514 1708 1206 342 1453 680 1056 132 2008 56
internal_value=-0.000140903 0.0128882 -0.0288114 0.0218527 -0.000753954 0.00774805 0.0311331 0.0124923 0.0171977 -0.0177648 0.0208964 0.0215727 -0.0401763 0.0139123
internal_weight=2741.63 1885.38 856.25 1137.39 747.992 475.102 569.964 567.424 451.278 435.506 276.561 380.608 420.745 376.686
internal_count=15254 8680 6574 4808 3872 2278 2335 2473 1927 2796 1129 1585 3778 1764
is_linear=0
shrinkage=0.05


Tree=21
num_leaves=15
num_cat=0
split_feature=6 6 4 7 4 2 2 1 1 9 7 9 9 2
split_gain=362.952 113.175 41.3618 36.1809 32.073 29.1317 18.2285 16.9461 16.8459 16.6806 16.6275 12.6547 12.3712 10.4964
threshold=0.13615000000000002 1.0924500000000001 1.0000000180025095e-35 0.71250000000000002 1.0000000180025095e-35 0.29165000000000002 0.29165000000000002 -0.21064999999999998 -0.022749999999999996 0.16595000000000001 -0.87149999999999983 1.4713000000000003 -0.57779999999999987 0.95835000000000015
decision_type=2 2 2 2 2 2 2 2 2 2 2 2 2 2
left_child=4 2 6 5 -1 11 -2 13 -7 -9 -6 -3 -10 -4
right_child=1 3 7 -5 10 8 -8 9 12 -11 -12 -13 -14 -15
leaf_value=-0.039056117728363531 -0.02407181733826216 -0.0014444512717445713 -0.016653915095412239 0.046729074480427846 -0.033397651251905594 0.0085954154259201988 -0.00062820913191653316 0.0013593973092693322 0.0046049523893482531 0.020603692219828201 -0.0082687150612276421 0.02688893043914516 0.03071050105672531 0.0088981951754864876
leaf_weight=434.24713911861181 217.03765410929918 201.65857248008251 106.53323963284492 131.20803582668304 102.70140612125397 139.43155893683434 133.88698310405016 216.73059312999249 50.582688331604004 233.70737184584141 182.87771114706993 47.954485520720482 475.9470871835947 63.374574333429337
leaf_count=3819 1350 892 561 545 764 598 752 1076 211 1045 1244 203 1955 322
internal_value=-3.97755e-05 0.0108338 -0.00146 0.0222312 -0.0304968 0.0186733 -0.0151547 0.00629889 0.0241272 0.0113677 -0.0173907 0.0040844 0.0282161 -0.00712684
internal_weight=2737.88 2018.05 971.27 1046.78 719.826 915.574 350.925 620.346 665.961 450.438 285.579 249.613 526.53 169.908
internal_count=15337 9510 5106 4404 5827 3859 2102 3004 2764 2121 2008 1095 2166 883
is_linear=0
shrinkage=0.05


Tree=22
num_leaves=15
num_cat=0
split_feature=6 0 5 0 0 5 2 1 2 3 5 1 11 1
split_gain=334.158 91.3668 37.3771 36.1864 35.9596 42.4113 28.6583 23.5091 18.5046 12.2561 12.1426 10.0876 10.1589 10.0176
threshold=0.16085000000000002 0.62500000000000011 0.6051928571428572 0.37500000000000006 0.87500000000000011 0.42639444444444452 1.0000000180025095e-35 1.7132500000000002 0.79165000000000008 0.62500000000000011 -0.98436785714285702 -0.25614999999999993 0.47220000000000006 -0.28044999999999992
decision_type=2 2 2 2 2 2 2 2 2 2 2 2 2 2
left_child=3 2 8 -1 5 13 -4 -8 -2 -7 -5 -10 -13 -3
right_child=1 4 6 10 -6 9 7 -9 11 -11 -12 12 -14 -15
leaf_value=-0.040080800015135809 -0.014020414858948133 -0.0010128559361959203 -0.015938591518876888 -0.03621767583109773 0.052608036979901844 0.025795765144561996 0.01002830154431824 0.040504473381312418 -0.010444481154005843 0.047742766022506523 -0.012766509561232105 0.040936161083181558 0.0057068257010157684 0.014738088631739461
leaf_weight=376.77484648674726 398.89899031072855 137.58959238231182 88.201049730181694 68.909360885620117 88.102546244859695 159.31843118369579 389.08640065789223 74.876464158296585 58.144862741231918 111.59826253354549 274.43576170504093 27.420698329806328 74.588008880615234 376.77032183110714
leaf_count=3608 2319 622 456 503 365 651 1723 306 306 462 1825 133 376 1603
internal_value=-0.000232829 0.0103545 0.000839599 -0.0293846 0.0224457 0.0189991 0.0100576 0.0150232 -0.00826652 0.0349787 -0.0175647 0.00606294 0.0154822 0.010531
internal_weight=2704.72 1984.6 1111.22 720.12 873.379 785.277 552.164 463.963 559.053 270.917 343.345 160.154 102.009 514.36
internal_count=15258 9322 5619 5936 3703 3338 2485 2029 3134 1113 2328 815 509 2225
is_linear=0
shrinkage=0.05


Tree=23
num_leaves=15
num_cat=0
split_feature=6 0 0 6 5 0 2 7 5 4 7 7 7 11
split_gain=322.313 72.1964 41.5682 32.0839 31.7889 23.8793 21.0762 19.0082 18.1073 15.8821 13.34 12.8264 12.4135 11.3453
threshold=0.29515000000000008 0.62500000000000011 0.37500000000000006 1.4704000000000002 0.20709047619047619 0.87500000000000011 0.29165000000000002 -0.42149999999999993 0.64548333333333352 1.0000000180025095e-35 -0.72749999999999992 -0.31849999999999995 0.76950000000000018 0.41430000000000006
decision_type=2 2 2 2 2 2 2 2 2 2 2 2 2 2
left_child=2 3 10 6 5 -3 -2 -4 -5 -6 -1 -8 -11 -10
right_child=1 4 7 8 9 -7 11 -9 13 12 -12 -13 -14 -15
leaf_value=-0.049004923818155716 -0.013817872052058892 0.0073074548549618996 -0.022181040162690888 -0.0090950822606624144 0.010751263579195203 0.043570954561783004 -0.0086687457224669112 0.0012417254841363497 -0.018370461799704148 0.031677240573293491 -0.029850462825612014 0.0088937770593117745 0.057577392536645434 0.02677815024508632
leaf_weight=166.95874150842428 274.87123836576939 353.04058688879013 304.51390463113785 51.660670876502991 77.780101835727692 51.217312812805176 149.39167995750904 120.74888968467712 14.262590602040289 308.24203544855118 217.07852524518967 336.15282439440489 56.056255415081978 200.72598233819008
leaf_count=1705 1564 1536 2126 231 319 212 822 689 63 1269 2052 1560 238 839
internal_value=-1.87083e-05 0.011372 -0.026368 0.00245648 0.0221758 0.011998 -0.00278048 -0.0155431 0.0173455 0.0314348 -0.0382834 0.00348345 0.0358093 0.0237118
internal_weight=2682.7 1873.4 809.3 1027.06 846.336 404.258 760.416 425.263 266.649 442.078 384.037 485.545 364.298 214.989
internal_count=15225 8653 6572 5079 3574 1748 3946 2815 1133 1826 3757 2382 1507 902
is_linear=0
shrinkage=0.05


Tree=24
num_leaves=15
num_cat=0
split_feature=6 7 4 0 2 0 6 7 7 6 0 6 7 2
split_gain=274.277 64.6029 41.6052 36.6011 21.4386 17.0191 16.4337 15.2046 14.2079 14.0261 13.33 13.8373 12.4333 10.6042
threshold=0.28340000000000004 0.33150000000000007 1.0000000180025095e-35 0.62500000000000011 0.79165000000000008 0.87500000000000011 -0.057349999999999991 -0.42149999999999993 -0.93749999999999989 0.81255000000000011 0.87500000000000011 1.3425000000000002 -0.23749999999999996 0.45835000000000009
decision_type=2 2 2 2 2 2 2 2 2 2 2 2 2 2
left_child=2 3 6 4 9 8 -1 -4 -5 -2 11 13 -6 -3
right_child=1 10 7 5 12 -7 -8 -9 -10 -11 -12 -13 -14 -15
leaf_value=-0.039998704387016915 -0.015913929531563158 -0.0085815739043440132 -0.018052649669276968 -0.01974415937395587 -0.0025062132064676149 0.040959345409721029 -0.016505470674578606 0.0054527081057930511 0.013918465639061276 -0.0003243322842552118 0.056782335954121271 0.029911426969654521 0.020668021448323727 0.021041493548924924
leaf_weight=343.52914090454578 242.30914371460676 46.918734282255173 249.97795993089676 32.539347752928734 98.516129389405251 54.693564191460609 97.55378807336092 94.243127353489399 508.8930369913578 354.59310136735439 33.402979373931885 304.3158188611269 138.63759100437164 81.625597223639488
leaf_count=3349 1521 205 1857 153 510 226 774 553 2149 1648 143 1278 610 341
internal_value=0.000134028 0.0104237 -0.0246964 0.00514622 -0.00161751 0.0145964 -0.0348518 -0.01162 0.0118627 -0.00666887 0.0265659 0.0241086 0.0110711 0.0102463
internal_weight=2681.75 1896.45 785.304 1430.18 834.056 596.126 441.083 344.221 541.432 596.902 466.263 432.86 237.154 128.544
internal_count=15317 8784 6533 6817 4289 2528 4123 2410 2302 3169 1967 1824 1120 546
is_linear=0
shrinkage=0.05


Tree=25
num_leaves=15
num_cat=0
split_feature=6 0 0 0 5 5 5 2 0 5 7 5 7 8
split_gain=264.072 61.1378 43.7966 25.0655 29.4726 20.8979 20.1832 17.955 15.883 23.163 14.7327 15.1456 14.255 14.2438
threshold=0.53515000000000013 0.37500000000000006 0.62500000000000011 0.87500000000000011 0.42639444444444452 -1.0598499999999997 1.3854000000000002 0.12500000000000003 0.37500000000000006 0.19081785714285718 -0.39049999999999996 -0.12186071428571429 -0.28149999999999992 0.90000000000000013
decision_type=2 2 2 2 2 2 2 2 2 2 2 2 2 2
left_child=1 12 6 4 13 -3 8 -8 -2 -10 11 -7 -1 -4
right_child=2 5 3 -5 -6 10 7 -9 9 -11 -12 -13 -14 -15
leaf_value=-0.039572390001602474 -0.012421270125464151 -0.041641098976860913 0.0078019843358862351 0.046677170440553029 0.030198746122986394 -0.018359844714200921 -0.0090503343672855684 0.035898888152229677 -0.013271327509805288 0.010267191995697271 0.0037825875693685423 0.0081754403817809202 -0.014289252445522425 0.085945319251371596
leaf_weight=347.5738558024168 167.31969591975212 48.316044606268406 411.91530679166317 80.684493571519852 267.6888195425272 293.520453132689 29.937532022595406 81.441361978650093 134.00542934238911 462.6379821896553 186.12927274405956 65.174757048487663 68.165330298244953 4.9284744411706916
leaf_count=3626 884 376 1728 340 1113 1998 138 334 700 2054 1000 379 557 21
internal_value=-0.000671203 -0.0207889 0.0117055 0.0204354 0.0172788 -0.0104556 0.00405934 0.023844 0.00114753 0.00496711 -0.00761877 -0.0135291 -0.0354712 0.00892937
internal_weight=2649.44 1008.88 1640.56 765.217 684.533 593.141 875.342 111.379 763.963 596.643 544.824 358.695 415.739 416.844
internal_count=15248 7936 7312 3202 2862 3753 4110 472 3638 2754 3377 2377 4183 1749
is_linear=0
shrinkage=0.05


Tree=26
num_leaves=15
num_cat=0
split_feature=6 0 7 0 0 5 2 5 2 7 7 6 2 4
split_gain=244.864 65.7518 37.283 32.6938 31.7636 32.2235 19.5391 20.8858 12.8465 12.4209 12.1869 11.3498 11.1376 10.5966
threshold=0.17395000000000002 0.62500000000000011 -0.19649999999999998 0.37500000000000006 0.87500000000000011 0.42639444444444452 1.0000000180025095e-35 1.2951000000000004 0.20835000000000001 -0.46849999999999997 -0.80149999999999999 1.6838500000000003 0.70835000000000015 1.0000000180025095e-35
decision_type=2 2 2 2 2 2 2 2 2 2 2 2 2 2
left_child=3 2 8 10 5 -3 -4 -8 -2 -5 -1 -9 -7 -12
right_child=1 4 6 9 -6 12 7 11 -10 -11 13 -13 -14 -15
leaf_value=-0.04948159559404617 -0.026541318287485901 0.008629028520051242 -0.011151000953835066 -0.021204175324294597 0.04816927570878729 0.019686198284927403 0.0068287761414995377 0.016562357893148243 -0.0060741296838685132 -0.00032667175556565068 -0.033643180769742133 0.049190469090898442 0.040312915578189321 0.00037085610215450407
leaf_weight=125.6849150210619 103.17497322708368 512.03203631937504 113.57064922899008 238.96377012133598 84.604238376021385 135.27387404441833 470.25184570997953 62.699032202363014 293.86614736914635 101.36856843531132 182.80339854210615 47.529402032494545 132.96569316089153 26.131384752690792
leaf_count=1420 700 2205 621 1789 361 555 2141 255 1644 618 1932 198 566 247
internal_value=-3.93254e-05 0.00892218 0.000756978 -0.025984 0.0192103 0.0160127 0.0077443 0.011454 -0.011446 -0.015005 -0.0370724 0.030947 0.0300226 -0.0294076
internal_weight=2630.92 1955.97 1091.09 674.952 864.876 780.272 694.051 580.48 397.041 340.332 334.62 110.228 268.24 208.935
internal_count=15252 9246 5559 6006 3687 3326 3215 2594 2344 2407 3599 453 1121 2179
is_linear=0
shrinkage=0.05


Tree=27
num_leaves=15
num_cat=0
split_feature=6 6 0 0 7 0 0 5 2 2 5 7 7 2
split_gain=218.631 64.1165 31.4194 25.7178 23.3228 16.8567 13.6893 13.3201 13.6745 13.1372 12.485 11.9677 11.2694 10.7337
threshold=0.12565000000000001 1.1144500000000004 0.37500000000000006 0.37500000000000006 0.79750000000000021 0.87500000000000011 0.87500000000000011 0.61416666666666675 0.95835000000000015 0.29165000000000002 1.3854000000000002 -0.80149999999999999 -0.59049999999999991 1.0000000180025095e-35
decision_type=2 2 2 2 2 2 2 2 2 2 2 2 2 2
left_child=3 2 -2 11 5 9 7 8 12 -3 -11 -1 -4 -13
right_child=1 4 6 -5 -6 -7 -8 -9 -10 10 -12 13 -14 -15
leaf_value=-0.048494235892870149 -0.018915190382401689 0.0028576975034471787 -0.017139876659584337 -0.015515726051801043 0.040290062976397194 0.042970317850580711 0.037591974681895707 0.023593213231485846 0.011383722247484971 0.014186515343632369 0.0377089623480662 -0.039688136067775381 9.2153721423238636e-05 -0.01611942856046129
leaf_weight=119.39841698110104 195.81203308701515 241.47471681237221 125.62249134480953 306.46120389550924 95.798407793045044 48.043885409832001 27.249641329050064 65.099326610565186 193.19781562685966 553.22442756593227 62.422455385327339 98.707916773855686 378.4114413112402 98.17212986946106
leaf_count=1404 1326 1058 715 2220 412 208 114 287 916 2314 259 1070 1867 1041
internal_value=-9.05625e-05 0.00801495 -0.00104007 -0.0259162 0.0169212 0.0144063 0.00341119 0.00214174 0.000107936 0.012757 0.0166288 -0.0359131 -0.00422809 -0.0280767
internal_weight=2609.1 1986.36 985.393 622.74 1000.96 905.165 789.581 762.331 697.232 857.122 615.647 316.278 504.034 196.88
internal_count=15211 9476 5225 5735 4251 3839 3899 3785 3498 3631 2573 3515 2582 2111
is_linear=0
shrinkage=0.05


Tree=28
num_leaves=15
num_cat=0
split_feature=6 7 0 6 7 7 9 4 3 0 11 4 4 9
split_gain=195.386 61.1812 38.7638 29.7353 17.499 14.8276 14.3498 13.1965 11.8398 11.5471 10.2315 10.007 9.91887 9.88401
threshold=0.17395000000000002 0.44250000000000006 0.62500000000000011 -0.44664999999999994 -0.19649999999999998 -0.7124999999999998 -0.70274999999999987 1.0000000180025095e-35 0.87500000000000011 0.87500000000000011 0.52780000000000016 1.0000000180025095e-35 1.0000000180025095e-35 0.91390000000000005
decision_type=2 2 2 2 2 2 2 2 2 2 2 2 2 2
left_child=3 2 4 -1 12 -4 -6 -3 10 13 -8 -5 -2 -7
right_child=1 7 5 11 6 9 8 -9 -10 -11 -12 -13 -14 -15
leaf_value=-0.034756333807880894 -0.020894010670390425 0.011124764348568197 -0.0072072767370359482 -0.022908200357905185 -0.019004128695906161 0.0073496169804888592 -0.0089604761714669138 0.033175386200821368 0.02547124602446631 0.037937782438868986 0.0078744301965550708 -0.0053305400946033789 -0.004522571066083456 0.021081358774134279
leaf_weight=319.14811351150274 151.24279135465622 95.658507540822029 79.779670998454094 146.97874050587416 64.99304124712944 297.75662039220333 128.81816089898348 244.44518639147282 65.381543010473251 52.365353345870972 295.40830039232969 180.59904807060957 237.74629238992929 235.49374990165234
leaf_count=3340 1039 412 374 1373 325 1277 641 1046 281 224 1381 1261 1273 965
internal_value=-0.000114208 0.00778864 0.00370842 -0.0239069 -0.00280885 0.0129408 0.00289325 0.0270242 0.00583283 0.0156933 0.00275339 -0.0132631 -0.0109252 0.0134419
internal_weight=2595.82 1949.09 1608.99 646.726 943.59 665.395 554.601 340.104 489.608 585.616 424.226 327.578 388.989 533.25
internal_count=15212 9238 7780 5974 4940 2840 2628 1458 2303 2466 2022 2634 2312 2242
is_linear=0
shrinkage=0.05


Tree=29
num_leaves=15
num_cat=0
split_feature=6 0 4 7 7 7 0 7 5 8 0 0 9 3
split_gain=196.314 52.33 33.5614 27.5597 23.6758 14.2352 12.9012 11.6248 10.9916 11.2717 14.3473 11.0428 13.5445 10.8885
threshold=0.16085000000000002 0.62500000000000011 1.0000000180025095e-35 -0.19649999999999998 0.20050000000000004 -0.87149999999999983 0.87500000000000011 -0.51449999999999985 1.3854000000000002 0.90000000000000013 0.37500000000000006 0.37500000000000006 -0.70274999999999987 0.37500000000000006
decision_type=2 2 2 2 2 2 2 2 2 2 2 2 2 2
left_child=2 3 7 -2 13 -4 -6 -1 11 10 -10 -5 -13 -3
right_child=1 4 5 8 6 -7 -8 -9 9 -11 -12 12 -14 -15
leaf_value=-0.040908554747119255 -0.010272902861426462 0.00033392079727515917 -0.027246257108959688 -0.0083194203792425255 0.02335768553106389 -0.0029545984240025775 0.053846321964284266 -0.021212538481696051 -0.032314032732848323 0.030654071270591284 0.038416859727122138 -0.011141592907619093 0.01152764350046036 0.015314579634074739
leaf_weight=241.37611824274063 394.40399441868067 185.74300625920296 90.394194714725018 146.29765582084656 298.24526707828045 178.16872277110815 39.255318686366081 114.02206110209227 18.017614409327507 78.169174551963806 10.524895906448366 79.457679629325867 366.29521584510803 348.83375446498394
leaf_count=2729 2376 801 765 790 1269 1301 178 1104 81 332 44 392 1605 1497
internal_value=-0.000190016 0.00756901 -0.024601 0.00027904 0.0166963 -0.0112015 0.0270525 -0.0346668 0.00624107 0.0209362 -0.00581486 0.00356157 0.00747084 0.0101198
internal_weight=2589.2 1965.24 623.961 1093.17 872.077 268.563 337.501 355.398 698.762 106.712 28.5425 592.051 445.753 534.577
internal_count=15264 9365 5899 5620 3745 2066 1447 3833 3244 457 125 2787 1997 2298
is_linear=0
shrinkage=0.05


Tree=30
num_leaves=15
num_cat=0
split_feature=6 0 6 0 0 5 5 2 5 7 2 2 2 5
split_gain=184.413 50.6287 29.683 27.0896 22.2573 25.2835 12.7482 12.1769 12.6499 11.9653 11.4833 9.41813 9.63942 9.31152
threshold=0.13615000000000002 0.62500000000000011 0.89765000000000017 0.37500000000000006 0.87500000000000011 0.42639444444444452 0.20709047619047619 1.0000000180025095e-35 1.6379000000000004 -0.80149999999999999 0.37500000000000006 0.70835000000000015 0.62500000000000011 -0.98436785714285702
decision_type=2 2 2 2 2 2 2 2 2 2 2 2 2 2
left_child=3 2 10 9 5 -3 -4 -8 -9 -1 -2 12 -7 -5
right_child=1 4 6 13 -6 11 7 8 -10 -11 -12 -13 -14 -15
leaf_value=-0.048608350896324301 -0.018171766231288203 0.0072796686945789287 -0.01391137394215311 -0.031293837637208922 0.040828854347134728 0.021574727717100534 -0.0083608909673077974 0.0098150614486483354 0.038253164801503009 -0.0273166732274506 -0.00226491573468571 0.03593080483559228 -0.020015038549627856 -0.0094087739533656681
leaf_weight=108.34634118527174 209.6979841068387 522.5283073335886 64.659328103065491 60.523005396127701 82.807961881160736 117.46686106920242 82.781109020113945 462.5938965678215 41.927712842822075 184.04018224030733 246.55635366588831 129.12289878726006 14.996116101741789 239.86492740362883
leaf_count=1407 1458 2250 316 508 367 487 411 1980 179 2111 1395 564 63 1735
internal_value=-8.88859e-05 0.00725305 0.000170371 -0.0245234 0.0162964 0.0136569 0.00701178 0.00933506 0.0122494 -0.0353453 -0.00959958 0.0263196 0.0167517 -0.0139074
internal_weight=2567.91 1975.14 1108.22 592.774 866.922 784.114 651.962 587.303 504.522 292.387 456.254 261.586 132.463 300.388
internal_count=15231 9470 5739 5761 3731 3364 2886 2570 2159 3518 2853 1114 550 2243
is_linear=0
shrinkage=0.05


Tree=31
num_leaves=15
num_cat=0
split_feature=6 6 6 2 0 0 7 7 9 7 8 7 7 3
split_gain=155.469 48.1159 26.3867 24.9348 18.7397 14.733 11.6925 11.5661 11.4506 11.3244 10.206 9.7255 9.45674 10.1608
threshold=0.17395000000000002 1.0210500000000002 -0.94069999999999987 0.79165000000000008 0.37500000000000006 0.62500000000000011 -0.47449999999999992 -0.47949999999999993 0.022150000000000006 -0.96749999999999992 0.90000000000000013 -0.30749999999999994 0.44250000000000006 1.0000000180025095e-35
decision_type=2 2 2 2 2 2 2 2 2 2 2 2 2 2
left_child=2 4 -1 6 11 7 -3 10 -8 -6 -4 -2 13 -5
right_child=1 3 5 12 9 -7 8 -9 -10 -11 -12 -13 -14 -15
leaf_value=-0.041859923638880497 -0.036954891460676306 -0.015222709611151592 -0.020646285428486292 -0.00050922247087464118 -0.020025832861069598 0.0036683605091716296 0.0018987995787280714 -0.0092948849189763202 0.015179205520992887 0.003215968024019876 -0.043393400533370804 -0.0097411884649792058 0.036084562145667458 0.023321828710290763
leaf_weight=132.56655550003052 46.232964441180229 49.846983700990677 188.24909156560898 55.574294835329056 56.344479382038116 74.981311827898026 277.63093468546867 150.14029026776552 390.84419469535351 608.45844578742981 68.249204613268375 111.43527139723301 109.71194858849049 227.29480645060539
leaf_count=1655 403 226 1747 234 324 452 1218 1290 1651 3005 844 724 493 961
internal_value=-0.00026101 0.00670203 -0.022155 0.0134844 -0.0024641 -0.0166557 0.00792819 -0.0204031 0.00967467 0.00121902 -0.0268439 -0.0179037 0.0236049 0.0186545
internal_weight=2547.56 1933.37 614.186 1110.9 822.471 481.62 718.322 406.639 668.475 664.803 256.498 157.668 392.581 282.869
internal_count=15227 9239 5988 4783 4456 4333 3095 3881 2869 3329 2591 1127 1688 1195
is_linear=0
shrinkage=0.05


Tree=32
num_leaves=15
num_cat=0
split_feature=6 2 0 6 0 6 5 0 1 3 5 0 2 5
split_gain=141.962 38.9087 25.1117 22.6665 16.3795 15.0305 10.8713 9.32268 8.784 14.3219 8.01056 9.1189 7.87674 8.42986
threshold=0.11420000000000001 0.70835000000000015 0.37500000000000006 1.0091000000000003 0.87500000000000011 1.3319000000000003 -0.98436785714285702 0.62500000000000011 0.53975000000000006 0.29165000000000002 0.21514285714285716 0.87500000000000011 0.12500000000000003 -0.11415833333333333
decision_type=2 2 2 2 2 2 2 2 2 2 2 2 2 2
left_child=2 3 12 7 5 -3 -4 -2 9 -7 -5 -12 -1 -14
right_child=1 4 6 10 -6 8 -8 -9 -10 -11 11 -13 13 -15
leaf_value=-0.039457038100350034 -0.01197137829735846 0.007146580397237679 -0.031089991649659761 -0.0051340943214980422 0.043914202890897619 -0.033788585232316863 -0.007131106087883342 0.0024212349855872606 0.027701361601656871 0.017971492619489351 0.0077983883990746829 0.046249607826230631 -0.027793934676112776 0.012280502758237466
leaf_weight=183.48207827657461 369.65955659747124 473.90957261621952 59.27001079916954 123.57280050218105 43.413600847125053 15.479444831609724 225.54489948600531 161.12636874616146 192.68776720762253 70.432377010583878 514.04894496500492 14.952803686261175 76.566871613264084 15.193913556635378
leaf_count=2385 2403 2221 520 537 201 65 1670 726 836 295 2216 67 957 163
internal_value=-0.000479739 0.00581066 -0.0226812 5.91327e-05 0.0143511 0.0125895 -0.0122083 -0.00760599 0.0217895 0.00836399 0.00629583 0.00897047 -0.0334348 -0.0210975
internal_weight=2539.34 1979.28 560.058 1183.36 795.923 752.509 284.815 530.786 278.6 85.9118 652.575 529.002 275.243 91.7608
internal_count=15262 9567 5695 5949 3618 3417 2190 3129 1196 360 2820 2283 3505 1120
is_linear=0
shrinkage=0.05


Tree=33
num_leaves=15
num_cat=0
split_feature=6 0 5 7 4 2 4 7 7 6 0 5 6 3
split_gain=133.286 46.8171 25.7889 25.4921 23.5074 14.4168 13.4896 13.0054 12.1174 10.811 10.4504 10.1757 9.03933 8.64372
threshold=0.12565000000000001 0.62500000000000011 0.20709047619047619 -0.19649999999999998 1.0000000180025095e-35 1.0000000180025095e-35 1.0000000180025095e-35 0.76950000000000018 -0.88349999999999984 -0.88049999999999995 0.87500000000000011 1.3854000000000002 1.9384000000000001 1.0000000180025095e-35
decision_type=2 2 2 2 2 2 2 2 2 2 2 2 2 2
left_child=4 3 10 -2 9 13 12 -8 -6 -1 -3 -7 -4 -5
right_child=1 2 6 5 8 11 7 -9 -10 -11 -12 -13 -14 -15
leaf_value=-0.043113331991910975 -0.010143557980698053 0.0040327447969986533 -0.0027417640558886035 -0.015495533815784297 -0.025124802416642018 0.0060184919721978092 0.024125438283551758 0.051665706966234327 -0.0015309153283637605 -0.023259913421461428 0.02821233213807119 0.024682826084082583 0.042925413829088835 0.026586125881786132
leaf_weight=106.21677405387163 407.75499896705151 390.90538540482521 63.992949739098549 101.63350006937981 80.55752208083868 495.56306871026754 297.10446731746197 50.505404934287071 163.96781776100397 207.96552255749702 49.538523733615875 84.922121539711952 12.020752295851706 12.929719753563402
leaf_count=1468 2524 1707 266 567 738 2244 1265 237 1254 2287 219 357 50 71
internal_value=0.000474318 0.00659752 0.0153051 -0.000232733 -0.021055 0.00558774 0.0241006 0.0282636 -0.00937446 -0.0300873 0.00681007 0.00878674 0.00494361 -0.0105572
internal_weight=2525.58 1966.87 864.067 1102.8 558.708 695.048 423.624 347.61 244.525 314.182 440.444 580.485 76.0137 114.563
internal_count=15254 9507 3744 5763 5747 3239 1818 1502 1992 3755 1926 2601 316 638
is_linear=0
shrinkage=0.05


Tree=34
num_leaves=15
num_cat=0
split_feature=6 7 2 5 0 2 7 6 7 0 0 6 6 9
split_gain=130.066 37.3676 26.4448 21.4278 14.1834 13.5779 11.8103 8.85724 8.53034 8.48136 8.21934 7.99558 7.89872 6.7511
threshold=0.13615000000000002 0.44250000000000006 0.79165000000000008 -0.98436785714285702 0.62500000000000011 0.12500000000000003 -0.47949999999999993 0.76255000000000006 -0.76549999999999996 0.87500000000000011 0.87500000000000011 -0.72739999999999994 1.3425000000000002 -1.0000000180025095e-35
decision_type=2 2 2 2 2 2 2 2 2 2 2 2 2 2
left_child=3 2 4 -1 7 13 -7 -2 -6 12 -4 -8 -3 -5
right_child=1 9 10 5 8 6 11 -9 -10 -11 -12 -13 -14 -15
leaf_value=-0.037573329447748327 -0.013459474343515066 0.0050621330951070888 0.0099230006175846496 -0.0049356500372191173 -0.017339879990319322 -0.016898312197381228 0.058435720612966008 -0.0018356214546420035 0.0079818895812019449 0.049268521896466168 0.038243057302271677 0.0010364123830611067 0.023340142016403911 -0.034022969520395366
leaf_weight=154.24991814047098 269.00754614174366 80.793600007891655 532.0075663626194 24.881382770836353 35.817503616213799 172.69458004832268 5.5034845992922774 417.93507961928844 348.44628430902958 23.795461654663086 26.090115264058113 91.01703455299139 226.097023203969 107.89461226016283
leaf_count=1923 1879 348 2412 195 171 1561 50 1961 1479 118 118 669 993 1404
internal_value=-0.000443657 0.00561393 0.00249813 -0.0217602 -0.00210065 -0.0156142 -0.0091029 -0.00640048 0.00558275 0.0209118 0.0113129 0.00487491 0.0185602 -0.0286498
internal_weight=2516.23 1959.99 1629.3 556.241 1071.21 401.991 269.215 686.943 384.264 330.686 558.098 96.5205 306.891 132.776
internal_count=15281 9479 8020 5802 5490 3879 2280 3840 1650 1459 2530 719 1341 1599
is_linear=0
shrinkage=0.05


Tree=35
num_leaves=15
num_cat=0
split_feature=7 0 9 2 7 5 5 2 11 5 8 11 2 8
split_gain=119.352 62.0044 37.6391 25.4962 14.3094 13.8495 10.9281 10.1888 9.02559 9.24772 8.82942 11.9771 8.5568 8.2736
threshold=-0.31849999999999995 0.37500000000000006 0.37780000000000008 0.29165000000000002 0.73950000000000016 -0.91355119047619038 1.5734250000000001 0.95835000000000015 0.41430000000000006 0.21514285714285716 0.90000000000000013 0.58570000000000011 0.70835000000000015 0.70000000000000007
decision_type=2 2 2 2 2 2 2 2 2 2 2 2 2 2
left_child=1 10 3 -2 7 -3 -5 -4 13 12 11 -1 -10 -7
right_child=2 5 4 6 -6 8 -8 -9 9 -11 -12 -13 -14 -15
leaf_value=-0.031481150631328454 -0.0093546763646156408 -0.026891690672025272 0.011126972179687215 0.0065422815808227845 0.039149836378149207 0.0026457633161856009 0.03500793056007831 0.025841632522738207 -0.015278152842461899 0.0068131415207541186 -0.042389208732918127 0.0078517551879847512 -0.0012532897322166307 0.038927832035420856
leaf_weight=96.286541171371937 318.72855245321989 69.439813539385796 437.78256987035275 502.503158159554 68.832829907536507 62.710064873099327 35.237872630357742 161.71461451053619 246.10814601182938 114.25656281411648 146.86425504088402 23.725002467632294 194.59236688166857 20.040815606713295
leaf_count=1330 1892 631 1880 2382 317 326 155 694 1622 546 1930 302 1121 113
internal_value=4.58209e-05 -0.0136184 0.00877756 0.00183297 0.0176611 -0.00584884 0.00846914 0.0151327 -0.00351897 -0.00581921 -0.0341069 -0.0237048 -0.0091023 0.0117925
internal_weight=2498.82 974.024 1524.8 856.47 668.33 707.148 537.741 599.497 637.708 554.957 266.876 120.012 440.701 82.7509
internal_count=15241 7921 7320 4429 2891 4359 2537 2574 3728 3289 3562 1632 2743 439
is_linear=0
shrinkage=0.05


Tree=36
num_leaves=15
num_cat=0
split_feature=6 7 2 9 7 4 9 0 7 0 5 6 9 1
split_gain=104.628 37.6666 26.6786 18.2036 16.3158 14.9516 14.0983 10.3497 9.68769 9.53921 8.71958 7.75288 7.55845 8.01482
threshold=-0.087149999999999991 0.44250000000000006 0.20835000000000001 -0.34194999999999992 -0.41549999999999992 1.0000000180025095e-35 -0.45109999999999995 0.62500000000000011 -0.79549999999999998 0.87500000000000011 -0.58377499999999982 1.3425000000000002 -0.67684999999999984 1.5146500000000003
decision_type=2 2 2 2 2 2 2 2 2 2 2 2 2 2
left_child=3 2 5 6 10 -2 -1 12 -8 11 -4 -3 13 -6
right_child=1 9 4 -5 7 -7 8 -9 -10 -11 -12 -13 -14 -15
leaf_value=-0.01517807859574186 -0.015863490037641315 0.003922809501984279 -0.023685490963871084 -0.030963586406960737 -0.0056632968494302258 0.0063999399575199907 -0.012834195790320647 0.0139382789170003 0.055657995566881335 0.050988833043623588 -0.0011323734630300309 0.022034083326961745 0.0058335588777727694 -0.059263828584694644
leaf_weight=130.7035671249032 290.70225727558136 80.26465455442667 48.188740432262421 266.48041521012783 63.586177334189415 101.08119661360979 8.0286535024642962 429.32642798125744 12.029313303530214 22.012492090463638 333.87631208449602 228.34919001162052 458.92035154253244 6.8770888000726691
leaf_count=1112 1917 347 318 3527 333 500 69 1811 89 112 1850 1011 2207 29
internal_value=-0.00032085 0.00429985 0.00134407 -0.023125 0.00469834 -0.0101178 -0.00915711 0.00817787 0.0289349 0.0197381 -0.00403134 0.0173516 0.00348875 -0.0116507
internal_weight=2480.43 2063.18 1732.56 417.242 1340.78 391.783 150.762 958.71 20.058 330.626 382.065 308.614 529.384 70.4633
internal_count=15232 10435 8965 4797 6548 2417 1270 4380 158 1470 2168 1358 2569 362
is_linear=0
shrinkage=0.05


Tree=37
num_leaves=15
num_cat=0
split_feature=7 0 2 9 0 2 7 7 8 5 7 5 2 11
split_gain=93.2893 55.726 30.1912 15.1 14.8933 12.7626 15.3018 9.96762 11.5669 9.21291 9.1429 9.04356 8.6563 10.1088
threshold=-0.19649999999999998 0.37500000000000006 0.70835000000000015 0.010500000000000001 0.87500000000000011 0.95835000000000015 -0.98049999999999982 -0.72749999999999992 0.90000000000000013 -0.96718214285714277 -0.28149999999999992 0.29180714285714288 0.12500000000000003 0.69050000000000011
decision_type=2 2 2 2 2 2 2 2 2 2 2 2 2 2
left_child=1 7 3 12 5 6 -3 11 -9 -8 -10 -1 13 -2
right_child=2 4 -4 -5 -6 -7 9 8 10 -11 -12 -13 -14 -15
leaf_value=-0.042181181027383774 -0.020418879783339471 -0.026395060462073378 0.018868723730659089 0.010149664345054307 0.035898646554542821 0.0056189381498533853 -0.032467060450925476 -0.0056816833167895493 -0.037494687072812234 -0.0032374407024457967 -0.0060185454180416492 0.052000435526703449 0.0021093431714039124 0.0095451997470490726
leaf_weight=108.282984059304 113.41837603598833 97.283368960022926 505.23970357328653 393.52328617870808 22.3605697453022 223.8721024543047 27.557715989649296 75.719408370554447 100.54912059754133 489.23628668487072 30.409708775579929 1.7992279082536686 246.4386598393321 36.664730899035931
leaf_count=1719 675 740 2234 1700 98 1232 257 906 1219 2809 237 17 1163 211
internal_value=8.02886e-05 -0.0101038 0.00933555 0.00322287 -0.00349042 -0.00458305 -0.00830545 -0.0279979 -0.0213431 -0.00485578 -0.0302867 -0.0401876 -0.00365979 -0.013084
internal_weight=2472.36 1177.07 1295.28 790.045 860.31 837.949 614.077 316.76 206.678 516.794 130.959 110.082 396.522 150.083
internal_count=15217 9234 5983 3749 5136 5038 3806 4098 2362 3066 1456 1736 2049 886
is_linear=0
shrinkage=0.05


Tree=38
num_leaves=15
num_cat=0
split_feature=6 7 0 2 0 7 7 3 7 11 1 6 5 2
split_gain=88.5911 28.3628 21.204 19.3509 14.3984 13.4855 11.4351 9.70725 11.1335 10.1754 9.67583 8.94204 11.5248 8.6387
threshold=0.11420000000000001 0.41450000000000004 0.37500000000000006 0.95835000000000015 0.62500000000000011 -0.72749999999999992 -0.42149999999999993 1.0000000180025095e-35 -0.75649999999999984 0.15480000000000002 0.77780000000000016 0.052550000000000006 -0.21069999999999997 1.0000000180025095e-35
decision_type=2 2 2 2 2 2 2 2 2 2 2 2 2 2
left_child=2 3 5 4 10 -1 -4 -6 -9 -10 -2 12 -8 -7
right_child=1 -3 6 -5 7 13 11 8 9 -11 -12 -13 -14 -15
leaf_value=-0.042983097555063 -0.010353290745419795 0.01758253163059428 -0.015163948438160366 0.011645682719811191 -0.0082007971921452278 -0.031600017506224605 0.0067893988624228201 -0.014987126328161682 0.073289401114208272 0.011266703325800452 0.0010227080507994926 -0.032626996166475401 0.070114502970665044 -0.0061114158942043566
leaf_weight=104.23857055231929 428.37979673594236 351.53711236268282 200.97373209893703 387.24655321240425 97.212876230478287 65.381838131695986 53.742115713655949 40.365156978368759 5.7952375113964072 319.03803144395351 330.72055095434189 10.515843540430067 7.3477405756711951 67.784357216209173
leaf_count=1726 2718 1576 1748 1759 414 920 345 194 25 1360 1534 63 46 871
internal_value=-9.34437e-05 0.00473772 -0.0186366 0.00192177 -0.00116794 -0.029536 -0.00907043 0.0057798 0.00951355 0.0125948 -0.00540223 0.00800538 0.0154126 -0.018768
internal_weight=2470.28 1960.3 509.984 1608.76 1221.51 237.405 272.579 462.411 365.198 324.833 759.1 71.6057 61.0899 133.166
internal_count=15299 9580 5719 8004 6245 3517 2202 1993 1579 1385 4252 454 391 1791
is_linear=0
shrinkage=0.05


Tree=39
num_leaves=15
num_cat=0
split_feature=7 0 2 9 5 8 9 1 7 11 2 7 3 3
split_gain=82.3778 46.6209 27.7361 14.7668 13.0775 13.0068 11.7354 12.0214 10.8138 10.242 9.38664 12.647 9.23963 9.23216
threshold=-0.31849999999999995 0.37500000000000006 0.29165000000000002 0.44375000000000003 -1.0598499999999997 0.90000000000000013 -0.70274999999999987 1.7132500000000002 -1.0564999999999998 0.30950000000000005 0.95835000000000015 -0.47449999999999992 0.12500000000000003 0.87500000000000011
decision_type=2 2 2 2 2 2 2 2 2 2 2 2 2 2
left_child=1 5 3 -2 -3 8 -4 13 -1 -10 11 -6 -13 -8
right_child=2 4 6 -5 10 -7 7 -9 9 -11 -12 12 -14 -15
leaf_value=-0.044344336368534999 -0.0087987294425490026 -0.034221151676096705 -0.0035395720204004842 0.01040478842123522 -0.012232979187876226 -0.040987142132283244 0.0082940114976028587 0.02975159987824871 -0.040703455772682973 0.0013018909289118433 0.0060517404652813949 0.028800494648319193 -0.0016959085290666452 0.020157541863338058
leaf_weight=26.948255904018879 324.47870106250048 35.437820345163345 111.56463675945997 143.62001501023769 341.00116061419249 133.25401965901256 599.06952132284641 101.84186367690563 17.733616888523102 64.135099340230227 185.9622752442956 32.31917592138052 97.172675475478172 226.46029759198427
leaf_count=459 1942 361 536 623 2248 1950 2719 471 267 889 1020 186 512 999
internal_value=-2.52203e-05 -0.0116858 0.00720424 -0.00289717 -0.00506005 -0.0305251 0.0117539 0.0135956 -0.017457 -0.00817829 -0.00343617 -0.00719115 0.0060779 0.0115689
internal_weight=2441 933.964 1507.04 468.099 691.893 242.071 1038.94 927.372 108.817 81.8687 656.455 470.493 129.492 825.53
internal_count=15182 7892 7290 2565 4327 3565 4725 4189 1615 1156 3966 2946 698 3718
is_linear=0
shrinkage=0.05


Tree=40
num_leaves=15
num_cat=0
split_feature=6 6 7 7 2 3 4 2 3 7 5 7 11 11
split_gain=76.0876 29.6467 17.1802 15.7691 13.491 17.6335 13.4052 12.8243 13.6143 10.979 9.33515 8.4788 8.37338 8.35398
threshold=-0.073149999999999979 1.0620500000000004 0.79750000000000021 -0.79549999999999998 1.0000000180025095e-35 0.12500000000000003 1.0000000180025095e-35 0.70835000000000015 1.0000000180025095e-35 -1.1704999999999999 -0.11415833333333333 0.16350000000000003 0.41430000000000006 0.58570000000000011
decision_type=2 2 2 2 2 2 2 2 2 2 2 2 2 2
left_child=3 6 7 -1 -5 -6 -2 -3 -9 -8 12 13 -7 -11
right_child=1 2 -4 4 5 10 9 8 -10 11 -12 -13 -14 -15
leaf_value=-0.032404904774005282 -0.010466581150901374 0.0024628663694156536 0.030657742595998894 -0.03058547860497058 0.025695652906333369 0.029703345035796552 -0.025837851487959026 -0.004219259957526254 0.018781860821677231 0.0047077066658748048 0.054199007721165975 0.018085762226881335 -0.019155071893899756 -0.009200140526437247
leaf_weight=162.11935179308057 354.93126158416271 551.20215639472008 85.994414120912552 68.492097113281488 36.97301447764039 8.593007877469061 33.532503828406334 79.940206527709961 321.81060495972633 386.78759244084358 4.0169096179306498 81.198288917541504 116.75083786249161 148.64309315383434
leaf_count=2216 2516 2393 404 990 392 71 211 345 1405 1957 44 348 1169 809
internal_value=-0.000437297 0.00345537 0.00937406 -0.0204406 -0.0120783 -0.00432028 -0.00266591 0.0074233 0.014206 0.0016021 -0.0130305 0.00313371 -0.015597 0.00083674
internal_weight=2440.99 2044.04 1038.95 396.945 234.826 166.334 1005.09 952.953 401.751 650.161 129.361 616.629 125.344 535.431
internal_count=15270 10388 4547 4882 2666 1676 5841 4143 1750 3325 1284 3114 1240 2766
is_linear=0
shrinkage=0.05


Tree=41
num_leaves=15
num_cat=0
split_feature=6 0 4 6 2 7 7 3 9 7 7 6 11 3
split_gain=73.4641 27.1588 21.2013 19.0354 18.9956 11.16 10.459 11.8576 11.5452 9.42311 8.8254 12.451 10.1277 7.83352
threshold=0.12565000000000001 0.87500000000000011 1.0000000180025095e-35 1.4704000000000002 0.20835000000000001 -0.72749999999999992 0.86850000000000016 1.0000000180025095e-35 -0.57779999999999987 -0.88349999999999984 -0.59049999999999991 0.40055000000000007 0.69050000000000011 0.45835000000000009
decision_type=2 2 2 2 2 2 2 2 2 2 2 2 2 2
left_child=2 3 5 4 -2 -1 7 -5 13 -4 11 -6 -12 -9
right_child=1 -3 9 6 10 -7 -8 8 -10 -11 12 -13 -14 -15
leaf_value=-0.039455203621528462 -0.01139462028189493 0.032982663343903033 -0.02147747426209156 -0.0033090734888819337 0.012018206502177831 -0.018409221123293035 0.032555757386116942 0.022345008267143161 0.016895726998652289 0.00044831336547831242 0.0083857664949088528 -0.015580730810785169 -0.0035732528642404508 -0.034241828951444557
leaf_weight=109.12913228198886 299.68108023703098 76.623456418514252 70.118916776031256 143.23647093772888 58.67650843411684 155.57083789259195 49.890391573309898 8.0611622333526629 290.3710555434227 157.45474337786436 620.08612284064293 129.28051538020372 246.95628292858601 18.664439141750336
leaf_count=1767 1836 367 728 627 372 1983 233 34 1254 1250 2798 668 1248 77
internal_value=-0.000373214 0.00400264 -0.0176047 0.00279489 -0.000307252 -0.0272018 0.0110158 0.00861582 0.0139959 -0.00637176 0.00285001 -0.00694688 0.00497933 -0.0169834
internal_weight=2433.8 1941.53 492.274 1864.9 1354.68 264.7 510.224 460.333 317.097 227.574 1055 187.957 867.042 26.7256
internal_count=15242 9514 5728 9147 6922 3750 2225 1992 1365 1978 5086 1040 4046 111
is_linear=0
shrinkage=0.05


Tree=42
num_leaves=15
num_cat=0
split_feature=6 0 0 5 5 0 5 8 9 8 8 5 4 8
split_gain=73.1776 28.4625 15.4287 19.1183 15.3058 15.1052 14.4293 13.3869 12.0217 10.9688 9.35167 10.1002 7.97135 7.88125
threshold=-0.44664999999999994 0.62500000000000011 0.87500000000000011 0.42639444444444452 1.3854000000000002 0.37500000000000006 0.11718750000000001 0.90000000000000013 1.0474000000000003 0.90000000000000013 0.90000000000000013 -0.85917936507936499 1.0000000180025095e-35 0.70000000000000007
decision_type=2 2 2 2 2 2 2 2 2 2 2 2 2 2
left_child=10 4 3 9 5 -2 -7 8 -6 12 11 -1 -3 -8
right_child=1 2 -4 -5 7 6 13 -9 -10 -11 -12 -13 -14 -15
leaf_value=-0.028833562321563158 -0.013149418471276278 -0.010052411724858866 0.031199946270735086 0.019403219802503334 -0.028964334753485206 -0.0080540417902853993 -0.00028060816583607155 0.027038653503625089 0.037265183890051679 0.061250481343454788 -0.041945728655459376 -0.0024951350169591354 0.0049002915838704218 0.011938105417042053
leaf_weight=104.59111321717501 296.19180354848504 109.12966378033161 76.354641735553741 248.73282395303249 23.76017153263092 346.64705469459295 304.18667076528072 78.334926262497902 8.5234875380992872 6.9357849955558768 68.988038156181574 55.857494983822107 466.99752356112003 232.04677930474281
leaf_count=1458 2531 508 370 1118 108 2385 1375 344 37 32 1205 651 2095 1056
internal_value=0.000239162 0.00304837 0.00982391 0.00782659 -0.00172661 -0.00339925 -0.000117057 0.0159726 -0.0108842 0.00286326 -0.0265675 -0.0197365 0.00205545 0.00501923
internal_weight=2427.28 2197.84 908.15 831.796 1289.69 1179.07 882.881 110.619 32.2837 583.063 229.437 160.449 576.127 536.233
internal_count=15273 11959 4123 3753 7836 7347 4816 489 145 2635 3314 2109 2603 2431
is_linear=0
shrinkage=0.05


Tree=43
num_leaves=15
num_cat=0
split_feature=7 0 2 0 7 8 7 9 5 2 1 9 11 11
split_gain=68.701 25.354 24.049 14.2671 13.2398 11.0879 12.4187 10.0555 9.67542 10.7989 9.76653 8.55048 10.9656 10.1076
threshold=-0.41549999999999992 0.37500000000000006 0.29165000000000002 0.87500000000000011 0.64150000000000007 0.90000000000000013 -0.78549999999999998 0.44375000000000003 -0.12186071428571429 0.95835000000000015 -1.4298999999999997 0.56845000000000012 0.30950000000000005 0.43650000000000005
decision_type=2 2 2 2 2 2 2 2 2 2 2 2 2 2
left_child=1 5 7 4 -4 6 -1 -2 9 -3 -10 12 -12 -13
right_child=2 8 3 -5 -6 -7 -8 -9 10 -11 11 13 -14 -15
leaf_value=-0.034350455353770598 -0.0083127306556185498 -0.017688740214979636 0.0063075089795080821 0.034899933376874415 0.024869494564747054 -0.040379447801116561 0.002604623204435468 0.0069919701342883644 0.053842149177081293 0.0020948061163877001 0.069438366369300231 0.008009725713175429 0.005799021663095906 -0.020172364219450276
leaf_weight=44.248082011938095 354.98050040379167 265.22681455314159 977.9052130356431 51.34193266928196 105.75610485672951 97.778619293123484 45.425156503915787 152.76522287726402 7.3789643123745909 92.834682993590832 6.5853993669152251 52.561764255166054 65.333607643842697 77.960860773921013
leaf_count=823 2326 2066 4542 263 500 1670 650 670 32 620 36 245 386 373
internal_value=-0.000401748 -0.0128725 0.00533665 0.00938039 0.00814026 -0.0287713 -0.0158081 -0.00370332 -0.00758318 -0.0125679 0.000942588 -0.00124077 0.0124986 -0.00884876
internal_weight=2398.08 755.334 1642.75 1135 1083.66 187.452 89.6732 507.746 567.882 358.061 209.821 202.442 71.919 130.523
internal_count=15202 6901 8301 5305 5042 3143 1473 2996 3758 2686 1072 1040 422 618
is_linear=0
shrinkage=0.05


Tree=44
num_leaves=15
num_cat=0
split_feature=7 0 2 8 0 7 1 11 2 5 1 4 7 9
split_gain=51.8986 35.238 21.4872 13.1298 12.1568 10.9396 10.7557 10.4139 9.58042 13.9043 9.11627 8.49983 8.41229 7.83063
threshold=-0.31849999999999995 0.37500000000000006 0.29165000000000002 0.90000000000000013 0.87500000000000011 -1.0564999999999998 1.8228000000000002 0.43650000000000005 0.95835000000000015 0.19979285714285716 -0.77254999999999985 1.0000000180025095e-35 -0.81649999999999989 -0.25014999999999993
decision_type=2 2 2 2 2 2 2 2 2 2 2 2 2 2
left_child=1 3 11 5 6 -1 13 -7 9 12 -11 -2 -3 -4
right_child=2 8 4 -5 -6 7 -8 -9 -10 10 -12 -13 -14 -15
leaf_value=-0.042595287098612558 -0.0074385451282413173 -0.021128132639054525 -0.0021787933923254994 -0.03835207099477897 0.033943080159835971 -0.021131169804265118 0.0273765660027603 0.015107605451296545 0.0057522632151915092 0.045594527223580358 0.0031130934979459244 0.0075355751930060487 -0.0060249760294600191 0.0094404837494303541
leaf_weight=23.570393327623606 327.10163175314665 142.66625306010246 179.66564272344112 114.90755476802588 48.984689190983772 41.455466330051422 70.190251812338829 36.238938424736261 191.69910322129726 14.0552432090044 79.474657356739044 132.34589985013008 260.83395531773567 743.48538998514414
leaf_count=467 1951 1137 846 1906 256 659 328 506 1076 63 391 601 1712 3349
internal_value=0.000187127 -0.00926585 0.00588544 -0.0268286 0.00985334 -0.0135054 0.00863246 -0.00425116 -0.00372251 -0.00738104 0.0099118 -0.00311819 -0.0114041 0.0071792
internal_weight=2406.68 904.902 1501.77 216.172 1042.33 101.265 993.341 77.6944 688.729 497.03 93.5299 459.448 403.5 923.151
internal_count=15248 7917 7331 3538 4779 1632 4523 1165 4379 3303 454 2552 2849 4195
is_linear=0
shrinkage=0.05


Tree=45
num_leaves=15
num_cat=0
split_feature=4 7 5 0 7 7 2 2 7 8 5 7 7 11
split_gain=51.9258 35.5726 21.6229 12.8458 11.6379 11.6155 8.7475 8.51131 8.15305 8.71504 8.46123 8.17142 6.97884 6.94885
threshold=1.0000000180025095e-35 -0.15649999999999997 0.20709047619047619 0.37500000000000006 -1.1704999999999999 0.64150000000000007 0.87500000000000011 0.95835000000000015 -0.72749999999999992 0.90000000000000013 0.20709047619047619 -0.28149999999999992 -0.88349999999999984 0.25395000000000006
decision_type=2 2 2 2 2 2 2 2 2 2 2 2 2 2
left_child=1 3 4 8 -2 -4 -3 12 10 -10 -1 -11 -6 -14
right_child=2 6 5 -5 7 -7 -8 -9 9 11 -12 -13 13 -15
leaf_value=-0.043114175169878872 -0.01976493720024167 -0.00050262477216402729 0.0097153904377182791 -0.009282776287488026 -0.018737930971743335 0.027467639569047284 0.027603168095998377 0.0099302524505456586 -0.0047025396618964503 -0.037210640819119033 0.04534527232727175 -0.0086296737058023133 0.058974032140376581 -0.00023103064228293679
leaf_weight=72.384865760803223 64.829243931919336 391.08655658364296 648.76715726405382 203.65856092423201 52.315385956317186 107.01866416633129 28.790665231645107 235.99737791717052 60.567258942872286 78.802005771547556 2.0262694060802451 37.498541228473186 4.0172150433063498 405.94494742900133
leaf_count=1506 557 1952 2878 1422 428 518 130 1265 804 1142 24 298 19 2328
internal_value=0.000685867 -0.0090116 0.00627344 -0.0186818 0.000333962 0.0122621 0.00148557 0.00222558 -0.0262326 -0.0201905 -0.040136 -0.0281475 -0.00172068 0.00049121
internal_weight=2393.7 874.815 1518.89 454.938 763.104 755.786 419.877 698.275 251.279 176.868 74.4111 116.301 462.278 409.962
internal_count=15271 7278 7993 5196 4597 3396 2082 4040 3774 2244 1530 1440 2775 2347
is_linear=0
shrinkage=0.05


Tree=46
num_leaves=15
num_cat=0
split_feature=6 0 6 4 8 7 9 7 1 1 3 0 9 6
split_gain=49.1071 23.2997 20.0281 13.8093 10.8547 10.1593 9.4351 9.6732 9.24315 8.81124 8.01583 7.36522 6.72925 6.66466
threshold=-0.44664999999999994 0.87500000000000011 1.4704000000000002 1.0000000180025095e-35 0.90000000000000013 -0.15649999999999997 -0.57779999999999987 -0.045499999999999992 -1.4095999999999997 -0.32644999999999996 1.0000000180025095e-35 0.37500000000000006 0.16595000000000001 1.8120500000000004
decision_type=2 2 2 2 2 2 2 2 2 2 2 2 2 2
left_child=4 2 3 5 8 11 13 -8 -1 -5 -9 -2 -11 -4
right_child=1 -3 6 9 -6 -7 7 10 -10 12 -12 -13 -14 -15
leaf_value=-0.037620944585401161 -0.022037313594065702 0.030326340835605776 -0.027309894982122836 -0.0052860747805046071 -0.039438111086938343 0.00014021705655003353 -0.00080833738754305061 0.0058962062906081697 -0.0080468311313887427 0.00029615266336850747 0.021947866900805788 -0.0061052651167720967 0.0095706172530992447 0.011498759434911656
leaf_weight=33.115935940295458 132.98907045647502 74.693644374608994 25.43939146399498 256.58625035360456 61.915651798248291 263.44734997302294 100.06870965659618 115.94645370543003 121.0382344648242 357.88788618519902 241.1882249712944 160.55405839532614 430.43723180890083 18.263686120510101
leaf_count=558 1571 376 109 1570 1234 1382 423 517 1559 1912 1082 1078 1881 77
internal_value=0.000811555 0.00307096 0.00208887 -0.000641476 -0.0218675 -0.00699297 0.0108044 0.0129274 -0.0146016 0.00274764 0.0167676 -0.0133736 0.00536586 -0.0111972
internal_weight=2393.57 2177.5 2102.81 1601.9 216.07 556.99 500.906 457.203 154.154 1044.91 357.135 293.543 788.325 43.7031
internal_count=15329 11978 11602 9394 3351 4031 2208 2022 2117 5363 1599 2649 3793 186
is_linear=0
shrinkage=0.05


Tree=47
num_leaves=15
num_cat=0
split_feature=6 0 7 7 7 11 3 8 8 11 5 7 8 9
split_gain=46.1601 19.306 11.7917 11.6295 10.5415 9.0547 8.7415 8.12887 7.22035 10.7326 6.23784 10.2018 7.53243 7.24833
threshold=-0.44664999999999994 0.62500000000000011 0.29750000000000004 -0.38549999999999995 -0.79549999999999998 0.18335000000000004 0.95835000000000015 0.90000000000000013 0.90000000000000013 0.35415000000000002 1.723257142857143 0.21150000000000002 0.90000000000000013 0.37780000000000008
decision_type=2 2 2 2 2 2 2 2 2 2 2 2 2 2
left_child=4 3 5 8 -1 -3 -4 -6 -2 -10 13 -12 -13 -5
right_child=1 2 6 10 7 -7 -8 -9 9 -11 11 12 -14 -15
leaf_value=-0.034064159378408974 -0.0062857354884421762 0.041947372893382608 0.012670535548319511 -0.0026080254538634624 -0.0029980126046407706 0.003460535816799155 0.037093280381915637 -0.032278870144552899 0.061628550720491074 -0.031305386280192291 -0.04001809019977047 -0.010408685173205867 0.042998948766738765 0.0072495024188724043
leaf_weight=98.186356201767921 303.24391882866621 14.672526374459265 197.10371164977551 606.1166575923562 81.138451036065817 634.55096646398306 44.708495736122131 32.625923924148083 2.3913743905723086 51.102095767855644 5.1441364288330069 8.258931949734686 26.317378327250481 268.16398231685162
leaf_count=1755 2292 66 926 3466 974 2865 234 613 30 677 23 38 125 1171
internal_value=9.1715e-05 0.00227863 0.00791709 -0.00167815 -0.0221195 0.00439352 0.0173202 -0.0116034 -0.00932099 -0.0260962 0.0013118 0.020441 0.030308 0.000420356
internal_weight=2373.72 2161.77 891.036 1270.74 211.951 649.223 241.812 113.764 356.737 53.4935 914.001 39.7204 34.5763 874.281
internal_count=15255 11913 4091 7822 3342 2931 1160 1587 2999 707 4823 186 163 4637
is_linear=0
shrinkage=0.05


Tree=48
num_leaves=15
num_cat=0
split_feature=7 9 6 2 5 7 7 2 3 7 1 5 2 1
split_gain=42.6556 21.5212 19.2228 11.0452 14.6936 10.8741 9.49944 8.03604 7.98247 7.47544 6.5231 8.04116 8.12378 6.96277
threshold=-0.41549999999999992 0.37780000000000008 -0.74194999999999989 0.12500000000000003 1.6379000000000004 0.76950000000000018 0.21150000000000002 0.79165000000000008 0.20835000000000001 -0.78549999999999998 0.19250000000000003 0.70659285714285736 0.37500000000000006 1.4939500000000001
decision_type=2 2 2 2 2 2 2 2 2 2 2 2 2 2
left_child=2 3 9 -2 -5 7 -6 10 -9 -1 11 -3 -13 -12
right_child=1 5 -4 4 6 -7 -8 8 -10 -11 13 12 -14 -15
leaf_value=-0.039692763184622733 -0.010190933214538539 0.00061500292031272275 -0.0065815069124594318 0.00096157451584231394 -0.011923529725090224 0.031976067230748736 0.049574865590733617 0.00088498299342115976 0.021229288815860017 -0.01255881274288613 0.011631132121401086 -0.0048999217743232642 -0.070587597791567702 -0.011814163113480537
leaf_weight=66.477310609072447 222.00165070965886 94.185670077800751 612.4721266888082 682.16879408061504 7.859511509537696 56.250170737504959 24.738273978233337 64.478560954332352 191.22773559391499 42.740123394876719 254.36780519783497 10.590060055255892 7.7126930058002463 35.330749228596687
leaf_count=1352 1615 421 4805 3475 34 286 118 280 851 710 1101 45 32 157
internal_value=7.86075e-05 0.00451104 -0.0100531 -0.000474896 0.00255286 0.0110428 0.0348337 0.00920718 0.0161227 -0.0292847 0.00478126 -0.00540371 -0.0348032 0.00874101
internal_weight=2372.6 1650.91 721.69 936.768 714.767 714.143 32.5978 657.893 255.706 109.217 402.187 112.488 18.3028 289.699
internal_count=15282 8415 6867 5242 3627 3173 152 2887 1131 2062 1756 498 77 1258
is_linear=0
shrinkage=0.05


Tree=49
num_leaves=15
num_cat=0
split_feature=5 2 4 1 11 5 2 9 7 5 11 6 1 7
split_gain=38.0809 23.4395 14.9858 14.2513 12.3503 11.5738 10.3013 10.0966 9.47959 10.1132 9.70897 7.42486 7.41993 8.58967
threshold=-0.98436785714285702 0.12500000000000003 1.0000000180025095e-35 1.7132500000000002 0.18335000000000004 0.33447619047619054 0.95835000000000015 -0.022499999999999996 -0.81649999999999989 0.29180714285714288 0.61250000000000016 -0.72739999999999994 -1.2899999999999998 -0.42649999999999993
decision_type=2 2 2 2 2 2 2 2 2 2 2 2 2 2
left_child=-1 2 5 4 -3 -2 8 -5 9 -6 11 -10 13 -13
right_child=1 3 -4 7 6 -7 -8 -9 10 -11 -12 12 -14 -15
leaf_value=-0.028458871015560324 -0.02406564983393563 0.052517201936717862 0.011361400885445131 0.00083450297089169396 -0.016952891278962674 -0.0049390389279414353 0.0081493827316395269 0.029952927599480303 0.056643499687899758 0.047111561652002809 -0.0060699681311519524 0.01215432544562571 0.0028174334190255346 0.085355806544278448
leaf_weight=112.33283226564527 158.13678413629532 11.190306961536406 66.999061867594719 46.405780121684074 115.46347028389573 158.53944597393274 488.54552797600627 82.338048875331879 5.6656085811555377 5.5544569194316855 336.09050533175468 14.65222489833832 757.08906155079603 4.7511435449123374
leaf_count=1933 1995 53 367 202 962 931 2422 412 61 29 2033 91 3780 23
internal_value=-0.000178519 0.00124451 -0.0099958 0.00355763 0.00236352 -0.0145359 0.00200851 0.0195445 -0.00041698 -0.0136505 0.00102608 0.00407908 0.00362319 0.0333835
internal_weight=2363.75 2251.42 383.675 1867.75 1739 316.676 1727.81 128.744 1239.27 121.018 1118.25 782.158 776.492 19.4034
internal_count=15294 13361 3293 10068 9454 2926 9401 614 6979 991 5988 3955 3894 114
is_linear=0
shrinkage=0.05


Tree=50
num_leaves=15
num_cat=0
split_feature=6 0 0 2 1 7 3 8 11 7 0 9 1 4
split_gain=33.5311 20.6232 12.7877 10.1379 9.16667 8.84673 7.3992 14.4042 7.2921 8.43885 7.28569 7.15936 8.29212 6.65152
threshold=-0.88049999999999995 0.62500000000000011 0.87500000000000011 1.0000000180025095e-35 0.5787000000000001 0.76950000000000018 1.0000000180025095e-35 0.70000000000000007 0.41430000000000006 -1.4994999999999998 0.37500000000000006 -0.70274999999999987 1.4723000000000002 1.0000000180025095e-35
decision_type=2 2 2 2 2 2 2 2 2 2 2 2 2 2
left_child=-1 3 5 10 8 6 -3 13 -5 -10 -2 12 -6 -8
right_child=1 2 -4 4 11 -7 7 -9 9 -11 -12 -13 -14 -15
leaf_value=-0.029806518171370519 -0.019719163442571304 -0.0053795531444753956 0.027013891878028464 0.016163058046906525 -0.00057880748917154071 0.025557833298115382 -0.0083514695003446826 0.025793824215131683 -0.043922181296108746 -0.0055517227154341306 -6.8545397473156456e-06 0.0058735225056480173 -0.040381764851019131 0.0060208574555183844
leaf_weight=91.049129229038954 136.95363942533731 171.02961821109056 71.498593628406525 36.756874520331621 46.004492059350014 48.670953974127769 98.382110714912415 81.511359363794327 13.725569494068621 574.63208909705281 70.999615110456944 471.20698525011539 17.302760362625122 424.217151299119
leaf_count=1825 1544 757 369 254 228 253 457 369 132 4455 452 2143 73 1940
internal_value=-0.000224447 0.00097845 0.00687371 -0.00288318 -0.0010555 0.00509512 0.00377899 0.00637647 -0.00516241 -0.00651986 -0.0130212 0.0037482 -0.0119163 0.00330441
internal_weight=2353.94 2262.89 895.31 1367.58 1159.63 823.811 775.14 604.111 625.115 588.358 207.953 534.514 63.3073 522.599
internal_count=15251 13426 4145 9281 7285 3776 3523 2766 4841 4587 1996 2444 301 2397
is_linear=0
shrinkage=0.05


Tree=51
num_leaves=15
num_cat=0
split_feature=0 6 8 7 0 7 2 7 11 7 2 1 6 4
split_gain=32.5104 22.8022 12.9953 11.911 10.6663 10.4826 7.41776 6.91254 6.82653 6.25258 7.61219 6.0544 7.29418 7.36494
threshold=0.62500000000000011 0.26895000000000008 0.90000000000000013 -1.2074999999999998 0.87500000000000011 -0.51449999999999985 0.70835000000000015 0.73950000000000016 0.81665000000000021 -0.19649999999999998 0.79165000000000008 -0.44229999999999997 0.32965000000000005 1.0000000180025095e-35
decision_type=2 2 2 2 2 2 2 2 2 2 2 2 2 2
left_child=1 2 3 -1 6 -4 11 -8 -5 -3 -11 -2 13 -13
right_child=4 9 5 8 -6 -7 7 -9 -10 10 -12 12 -14 -15
leaf_value=-0.035394668425106197 -0.011631256057841668 -0.0061869494623721369 -0.041547403008272407 -0.0078009735943292777 0.025591497635512037 -0.0086768032032183244 0.008746960366910625 0.034523935181594065 0.02489122349967925 -0.00096306377598612757 0.011109053764681846 -0.0083981834211515425 0.0014319547049895525 0.040319163900752561
leaf_weight=38.020092476159334 75.740210928022861 328.6686497554183 65.556631121784449 290.78849969804287 72.65821048617363 39.167502596974373 374.52793624252081 27.137459009885788 15.930420622229574 494.96295776218176 176.31186534464359 10.838496021926401 312.13205467164516 23.865446239709854
leaf_count=585 393 2028 1423 3209 379 566 1699 156 155 2392 761 67 1342 129
internal_value=-0.000126577 -0.00475537 -0.0140959 -0.00935943 0.0073506 -0.0294519 0.00571358 0.0105699 -0.00602763 -0.000547004 0.00221951 0.00108348 0.00388552 0.025295
internal_weight=2346.31 1449.41 449.463 344.739 896.9 104.724 824.242 401.665 306.719 999.943 671.275 422.576 346.836 34.7039
internal_count=15284 11119 5938 3949 4165 1989 3786 1855 3364 5181 3153 1931 1538 196
is_linear=0
shrinkage=0.05


Tree=52
num_leaves=15
num_cat=0
split_feature=5 4 1 5 2 11 0 7 2 8 0 2 0 2
split_gain=32.0648 17.0239 13.5813 11.1041 11.0204 10.377 9.25567 8.81905 8.45851 12.7602 6.87166 7.65932 6.74004 6.57412
threshold=-0.98436785714285702 1.0000000180025095e-35 1.1376500000000001 0.20709047619047619 1.0000000180025095e-35 0.41430000000000006 0.87500000000000011 0.86850000000000016 0.95835000000000015 0.90000000000000013 0.37500000000000006 0.12500000000000003 0.62500000000000011 0.95835000000000015
decision_type=2 2 2 2 2 2 2 2 2 2 2 2 2 2
left_child=13 2 4 8 -2 -6 7 -5 9 10 -3 -12 -13 -1
right_child=1 3 -4 6 5 -7 -8 -9 -10 -11 11 12 -14 -15
leaf_value=-0.030750943426427698 -0.0202096049823501 0.029662629923664832 0.0056429354284119647 0.0065014718377815091 0.015412609019454385 -0.0077057454945933385 0.04011689360060379 0.031062722076454163 0.0076134637779639112 0.039337460382169863 0.019105475674533742 -0.015705273498500108 -0.0027253159811638649 0.010365799857108041
leaf_weight=95.432198297232389 152.91568338871002 12.54988059774041 228.05032125115395 683.87058369070292 55.638907168060541 340.23814567923546 21.975133821368217 37.721255913376808 243.63875238224864 15.4963410384953 26.421390794217587 172.60993491858244 237.159981533885 10.329847536981104
leaf_count=1819 1820 152 1017 3057 320 2742 130 194 1295 135 162 1206 1103 118
internal_value=9.26109e-05 0.00137452 -0.00459553 0.00457077 -0.00885264 -0.00442591 0.00883352 0.00782662 8.69595e-05 -0.00387094 -0.0054472 -0.0065229 -0.00821787 -0.0266756
internal_weight=2334.05 2228.29 776.843 1451.44 548.793 395.877 743.567 721.592 707.876 464.238 448.741 436.191 409.77 105.762
internal_count=15270 13333 5899 7434 4882 3062 3381 3251 4053 2758 2623 2471 2309 1937
is_linear=0
shrinkage=0.05


Tree=53
num_leaves=15
num_cat=0
split_feature=6 0 5 11 11 5 4 2 5 7 2 3 1 1
split_gain=27.7603 17.3824 11.9074 9.79897 8.42487 7.79571 7.36889 6.88965 8.38756 8.11766 6.69106 9.31236 6.31006 6.82323
threshold=-0.88049999999999995 0.62500000000000011 0.6051928571428572 0.43650000000000005 0.18335000000000004 0.20709047619047619 1.0000000180025095e-35 1.0000000180025095e-35 1.723257142857143 0.25750000000000006 0.37500000000000006 0.20835000000000001 -1.2682499999999999 -0.28044999999999992
decision_type=2 2 2 2 2 2 2 2 2 2 2 2 2 2
left_child=10 2 3 -2 -3 12 -7 -4 -9 -10 -1 -12 -6 -14
right_child=1 4 7 -5 5 6 -8 8 9 -11 11 -13 13 -15
leaf_value=-0.035773269460351982 0.00098903096999227846 0.038908101380048292 -0.010272464940098263 -0.010350298743701178 0.019961870382392582 -0.0035826137241607211 0.014204796010472771 0.0039314811470125702 -0.011305919671220351 0.048682696851822457 0.079056831756002505 -0.015414831772351787 -0.01038792227073828 0.0034729267778273614
leaf_weight=64.513855114579201 295.41879215463996 18.511311307549477 78.570467635989189 534.73468533158302 41.020826451480389 70.895379588007927 315.98759746551514 419.82206586003304 7.3491407930851009 19.350215405225754 2.0129822641611126 18.48234074190259 121.05501704663038 324.75521425902843
leaf_count=1495 2356 87 439 4502 214 303 1474 1869 33 98 27 300 617 1451
internal_value=-9.32833e-05 0.000973146 -0.00259427 -0.00631874 0.00638871 0.00565603 0.0109445 0.00329482 0.00569976 0.0323585 -0.027971 -0.00288994 0.00143952 -0.000305664
internal_weight=2332.48 2247.47 1355.25 830.153 892.225 873.714 386.883 525.092 446.521 26.6994 85.0092 20.4953 486.831 445.81
internal_count=15265 13443 9297 6858 4146 4059 1777 2439 2000 131 1822 327 2282 2068
is_linear=0
shrinkage=0.05


Tree=54
num_leaves=15
num_cat=0
split_feature=6 7 2 11 7 4 9 1 2 5 9 6 5 11
split_gain=32.4086 15.9214 11.5512 10.7382 10.4306 9.18393 7.37157 7.69729 7.32018 6.89353 6.45336 5.66725 5.20005 7.97703
threshold=-0.88049999999999995 0.44250000000000006 1.0000000180025095e-35 0.18335000000000004 -1.4994999999999998 1.0000000180025095e-35 1.4713000000000003 1.1491000000000002 0.95835000000000015 1.2023488095238097 -0.4610499999999999 1.0736500000000004 0.84077500000000016 0.47220000000000006
decision_type=2 2 2 2 2 2 2 2 2 2 2 2 2 2
left_child=-1 2 5 -4 -5 12 7 11 -6 -10 -7 -3 -2 -14
right_child=1 6 3 4 8 10 -8 -9 9 -11 -12 -13 13 -15
leaf_value=-0.030718027973095391 -0.020245200592978685 0.0071095376861620707 0.043229185364250959 -0.035454971568760624 -0.001215133052044112 0.071086563650860746 0.034832790488881583 0.013259952390651697 0.0048305965370785513 0.033771854795222975 0.0045374708032265513 -0.024034269772862955 -0.02559117882034111 0.016425564345864552
leaf_weight=82.418695580214262 138.4010664075613 31.043767355382442 13.701045487076042 19.143610149621964 1254.0745935067534 3.6426543146371868 29.900157153606415 217.60127426683903 422.42819201946259 20.677676737308502 17.657382506877184 26.025479018688202 18.023342072963715 26.81204816699028
leaf_count=1817 1628 143 70 169 7508 25 151 1042 2121 93 99 121 102 147
internal_value=-0.000117529 0.00102203 -0.000652921 0.000678064 0.000313413 -0.0118593 0.0116283 0.00898508 0.000737509 0.00625415 0.0185958 -0.00726239 -0.0154812 -0.000654541
internal_weight=2321.55 2239.13 1934.56 1730.03 1716.32 204.536 304.571 274.671 1697.18 443.106 21.3 57.0692 183.236 44.8354
internal_count=15236 13419 11962 9961 9891 2001 1457 1306 9722 2214 124 264 1877 249
is_linear=0
shrinkage=0.05


Tree=55
num_leaves=15
num_cat=0
split_feature=6 4 6 7 7 8 10 7 2 6 7 9 2 0
split_gain=24.2654 17.2285 12.7693 10.8514 9.04208 7.35998 17.0591 19.1175 7.08048 6.44889 7.60457 5.4056 5.24929 11.4735
threshold=1.0210500000000002 1.0000000180025095e-35 -0.94069999999999987 -0.98049999999999982 0.82800000000000007 0.90000000000000013 1.0000000180025095e-35 -0.28149999999999992 1.0000000180025095e-35 0.95410000000000006 0.16350000000000003 -0.70274999999999987 1.0000000180025095e-35 0.37500000000000006
decision_type=2 2 2 2 2 2 2 2 2 2 2 2 2 2
left_child=1 2 -1 -3 11 12 7 -7 -5 10 -10 -2 -4 -14
right_child=4 3 5 8 -6 6 -8 -9 9 -11 -12 -13 13 -15
leaf_value=-0.034554797655744506 -0.0083868315835639706 -0.015553797557264149 -0.014182516205741217 0.042123783238281767 0.023538496907052397 -0.037031681392718528 0.081970875069873606 0.00078256044414055578 0.001649960778133092 -0.015163913904055276 0.02068058478867334 0.0058822411858462133 0.033296368281014392 -0.0039190821641533731
leaf_weight=52.712647147476673 70.610229641199112 91.465738862752914 89.21737115830183 10.209908623248337 68.4541170373559 77.882716838270426 3.1754074767231932 57.92906066775322 555.22060617431998 49.350606694817543 57.004425950348377 928.78928592056036 22.35651420801878 181.81341864168644
leaf_count=1340 312 866 1026 61 357 1355 23 447 3322 215 250 4143 266 1247
internal_value=0.000554213 -0.00417764 -0.0115352 0.000507432 0.00608456 -0.00865548 -0.018093 -0.0210146 0.00271409 0.00204323 0.00345274 0.00486672 -0.00413837 0.000298417
internal_weight=2316.19 1248.34 485.087 763.251 1067.85 432.374 138.987 135.812 671.786 661.576 612.225 999.4 293.387 204.17
internal_count=15230 10418 5704 4714 4812 4364 1825 1802 3848 3787 3572 4455 2539 1513
is_linear=0
shrinkage=0.05


Tree=56
num_leaves=15
num_cat=0
split_feature=5 0 1 7 3 8 2 9 2 1 6 1 3 0
split_gain=25.4313 16.1154 9.87593 9.57932 9.10867 14.8068 7.14186 6.95831 6.93149 6.71887 8.80263 8.06216 6.457 6.28477
threshold=-1.0121071428571426 0.62500000000000011 0.62050000000000016 0.76950000000000018 1.0000000180025095e-35 0.70000000000000007 0.12500000000000003 1.5348000000000002 0.70835000000000015 -0.47384999999999994 0.31735000000000008 -0.28849999999999992 0.79165000000000008 0.87500000000000011
decision_type=2 2 2 2 2 2 2 2 2 2 2 2 2 2
left_child=-1 2 6 4 -3 8 -2 -4 9 -6 11 -11 -12 -10
right_child=1 3 7 -5 5 -7 -8 -9 13 10 12 -13 -14 -15
leaf_value=-0.02587223234886965 -0.015130632011634469 -0.0050364195342458822 0.0016515619265892426 0.026456213023242216 -0.015980168723025295 0.026924118048998708 -0.0034687353155774571 0.039662649146027712 0.0079717173583748243 -0.022098150098711543 0.0018358755118124512 0.043041735142580431 -0.034698583948005568 0.033970644496155125
leaf_weight=89.536363191902637 170.58425692841411 176.18558074533939 594.11421329528093 54.781342513859272 56.33350095897913 86.311806716024876 563.11355597898364 11.292748838663099 255.6132897362113 5.3622170686721828 193.75287468731403 21.289496719837189 11.894771471619604 24.75179198384285
leaf_count=1816 2312 785 2807 312 293 394 4170 48 1173 35 838 113 52 136
internal_value=0.000104685 0.001161 -0.0023002 0.00638733 0.00503494 0.00774626 -0.00619702 0.00242483 0.00479502 -0.000646687 0.0031243 0.0296107 -0.000434983 0.0103796
internal_weight=2314.92 2225.38 1339.1 886.277 831.495 655.31 733.698 605.407 568.998 288.633 232.299 26.6517 205.648 280.365
internal_count=15284 13468 9337 4131 3819 3034 6482 2855 2640 1331 1038 148 890 1309
is_linear=0
shrinkage=0.05


Tree=57
num_leaves=15
num_cat=0
split_feature=5 0 8 1 2 3 2 5 0 9 9 11 9 9
split_gain=22.8918 12.1647 12.441 9.44699 8.78141 8.92187 8.08252 6.96099 7.09918 6.67737 5.44947 5.80528 11.5205 5.85818
threshold=-0.12186071428571429 0.37500000000000006 0.90000000000000013 -1.2337999999999998 1.0000000180025095e-35 1.0000000180025095e-35 0.20835000000000001 1.723257142857143 0.87500000000000011 1.4713000000000003 1.0719500000000004 0.41430000000000006 0.59015000000000006 0.032750000000000008
decision_type=2 2 2 2 2 2 2 2 2 2 2 2 2 2
left_child=1 2 4 -2 -1 -6 9 8 -8 -5 11 12 13 -3
right_child=3 10 -4 6 5 -7 7 -9 -10 -11 -12 -13 -14 -15
leaf_value=-0.022084072162949539 0.037692764811284446 0.010452737023908634 -0.03719795418595194 -0.0054909000398502723 0.05986560149041812 -0.0014255821435279214 0.0037118501450077949 0.033459671763004913 0.025264213858865577 0.01838739202471714 -0.026284874234419484 -0.0051918712864505862 0.052901085326568745 -0.021496984594169415
leaf_weight=43.145267184823751 18.822563700377941 47.931424852460623 61.590312849730253 342.52963250502944 6.4681024290621272 28.755239970982075 1137.6560238264501 20.06338457763195 38.58038529753685 31.030614152550697 25.528184428811073 465.95168311521411 11.782516330480574 19.3015426248312
leaf_count=944 86 301 1518 2230 98 533 5439 105 226 134 115 3322 53 103
internal_value=4.87962e-05 -0.00740577 -0.0205626 0.00338502 -0.00718475 0.0111714 0.00294993 0.00495387 0.00443962 -0.0034636 -0.0041477 -0.00306447 0.00938886 0.00109984
internal_weight=2299.14 710.454 139.959 1588.68 78.3686 35.2233 1569.86 1196.3 1176.24 373.56 570.495 544.967 79.0155 67.233
internal_count=15207 6987 3093 8220 1575 631 8134 5770 5665 2364 3894 3779 457 404
is_linear=0
shrinkage=0.05


Tree=58
num_leaves=15
num_cat=0
split_feature=5 7 8 11 2 6 3 9 11 9 5 5 7 9
split_gain=17.8091 12.878 11.9078 11.285 10.6809 9.36086 6.86547 6.60364 6.3659 6.31073 6.21876 13.8907 6.0354 6.01476
threshold=-1.3852499999999999 -0.31849999999999995 0.90000000000000013 0.35415000000000002 0.29165000000000002 -0.71064999999999989 0.12500000000000003 -0.22639999999999996 0.21110000000000004 1.8968500000000004 -0.30755714285714281 -0.60106428571428561 -1.2074999999999998 -1.7097999999999998
decision_type=2 2 2 2 2 2 2 2 2 2 2 2 2 2
left_child=-1 2 12 6 9 -6 -4 -5 -7 -3 11 -10 -2 -14
right_child=1 4 3 7 5 8 -8 -9 10 -11 -12 -13 13 -15
leaf_value=-0.039703623447410942 -0.017449862713995054 -0.0042191456128060139 -0.010706855533134033 0.028592122947881465 0.078425242420848501 0.052952044255366253 0.095883622059491067 -0.027542857367368313 0.024370717910908803 0.031623050191724081 0.0064963017454190714 -0.021244000000850777 -0.038670153352577841 -0.0003608035275965959
leaf_weight=27.087471542879939 59.867207899689674 440.74888611957431 2.4716857187449923 4.765243347734212 3.4488703384995452 6.0850594937801352 2.2722103968262672 91.713511917740107 22.597144894301891 11.640659928321837 922.4321871176362 56.378503248095512 9.4139025136828405 636.48196015134454
leaf_count=725 605 2520 48 45 31 32 15 1727 128 50 4275 276 88 4686
internal_value=-0.000133639 0.000355749 -0.00471173 -0.0206625 0.00315163 0.00600736 0.0481521 -0.0245054 0.00568194 -0.00322916 0.00534216 -0.00805082 -0.00239803 -0.000978075
internal_weight=2297.4 2270.32 806.986 101.223 1463.33 1010.94 4.7439 96.4788 1007.49 452.39 1001.41 78.9756 705.763 645.896
internal_count=15251 14526 7214 1835 7312 4742 63 1772 4711 2570 4679 404 5379 4774
is_linear=0
shrinkage=0.05


Tree=59
num_leaves=15
num_cat=0
split_feature=5 0 5 0 8 7 6 3 8 9 6 5 11 5
split_gain=17.8965 10.7489 9.63176 8.39642 8.65477 7.99411 8.76117 6.86682 8.86504 7.05838 7.56082 7.94369 7.04369 6.28689
threshold=-0.91355119047619038 0.62500000000000011 0.72610833333333347 0.87500000000000011 0.90000000000000013 -0.54949999999999999 -0.77834999999999988 1.0000000180025095e-35 0.70000000000000007 1.4870000000000003 0.40055000000000007 -0.12186071428571429 0.76390000000000013 0.15088333333333334
decision_type=2 2 2 2 2 2 2 2 2 2 2 2 2 2
left_child=-1 5 3 4 7 -2 -7 12 9 10 -9 -12 -3 -5
right_child=1 2 -4 13 -6 6 -8 8 -10 -11 11 -13 -14 -15
leaf_value=-0.019799135573141179 -0.01030570345939321 -0.0051322821096329973 0.021224862273995962 0.0070735930118341356 0.046121539347669036 0.058692207873259808 -0.0009222817505569695 0.011812570785400163 0.02000767490357748 0.016737849292895669 -0.016123413546348692 0.00030496643382101085 -0.041665388896162843 0.038170623092398687
leaf_weight=115.2196267452091 263.57602808810771 139.95834947377443 78.377436354756355 40.986797705292702 9.6549205183982831 5.2002362273633471 1030.1700495108962 87.144173838198185 68.400443077087402 60.935559496283531 103.52027243375778 248.46640481054783 13.623564541339872 26.586508892476559
leaf_count=2218 2784 624 392 204 43 78 6042 488 309 261 458 1093 62 164
internal_value=-0.000682167 0.000338428 0.00461015 0.00295642 0.00138659 -0.00254916 -0.000566519 0.000725455 0.00326143 0.00093547 -0.00129038 -0.00455866 -0.00862154 0.0196868
internal_weight=2291.82 2176.6 877.654 799.277 731.704 1298.95 1035.37 722.049 568.467 500.066 439.131 351.987 153.582 67.5733
internal_count=15220 13002 4098 3706 3338 8904 6120 3295 2609 2300 2039 1551 686 368
is_linear=0
shrinkage=0.05


Tree=60
num_leaves=15
num_cat=0
split_feature=6 2 0 5 11 4 3 6 1 6 7 11 9 3
split_gain=17.7434 9.39016 12.6269 7.93862 8.07697 6.26283 7.70796 6.93482 5.94642 5.9782 5.8228 6.58981 5.62484 5.59657
threshold=-0.9847499999999999 0.12500000000000003 0.37500000000000006 1.723257142857143 0.18335000000000004 1.0000000180025095e-35 0.12500000000000003 -0.057349999999999991 -1.17275 0.75225000000000009 -1.3694999999999997 0.41430000000000006 1.0097000000000003 1.0000000180025095e-35
decision_type=2 2 2 2 2 2 2 2 2 2 2 2 2 2
left_child=-1 2 -2 4 -3 8 7 -7 -4 -10 11 -6 -8 -11
right_child=1 3 5 -5 10 6 12 -9 9 13 -12 -13 -14 -15
leaf_value=-0.026954523317421621 -0.015856806185795762 0.040578903791100927 0.05261971729949845 0.030862894849738157 0.036811137285423519 0.079695759018461973 -0.030699628263742937 0.018552279589558317 -0.020445474403106824 -0.0047037686086538718 0.0019570822793038944 -0.029265459723030018 0.025003582119689179 0.027431304112057575
leaf_weight=58.058471787720919 180.94505347497761 12.385863795876501 3.4920174404978743 22.93664862215519 3.5255238860845592 4.4425500184297553 12.089611783623697 40.858304433524609 43.989325873553753 59.55246152728796 1802.1149157937616 25.447525272145867 6.0326804518699637 16.464446559548378
leaf_count=1525 2256 63 29 118 23 37 76 199 353 289 9965 247 27 76
internal_value=9.65894e-05 0.000811266 -0.00647922 0.00225091 0.00187838 0.00263461 0.0152788 0.0261402 -0.00392947 -0.00599622 0.00159459 -0.0202652 -0.0118189 0.00252214
internal_weight=2292.34 2234.28 367.866 1866.41 1843.47 186.921 63.4231 45.3009 123.498 120.006 1831.09 28.973 18.1223 76.0169
internal_count=15283 13758 3342 10416 10298 1086 339 236 747 718 10235 270 103 365
is_linear=0
shrinkage=0.05


Tree=61
num_leaves=15
num_cat=0
split_feature=5 7 5 0 2 11 4 6 7 7 5 3 3 7
split_gain=17.7167 12.3485 7.33838 7.26573 6.00385 8.34738 5.85427 5.62873 5.51616 4.87431 4.32466 4.27202 6.03336 4.85953
threshold=-0.91355119047619038 0.44250000000000006 0.20709047619047619 0.87500000000000011 1.0000000180025095e-35 0.18335000000000004 1.0000000180025095e-35 1.1447500000000004 0.42650000000000005 -1.4994999999999998 -0.098794047619047629 1.0000000180025095e-35 0.12500000000000003 0.86850000000000016
decision_type=2 2 2 2 2 2 2 2 2 2 2 2 2 2
left_child=-1 4 -3 11 6 -6 10 -8 9 -7 -2 13 -13 -4
right_child=1 2 3 -5 5 8 7 -9 -10 -11 -12 12 -14 -15
leaf_value=-0.0197212327430012 -0.023808544906885724 -0.010640108143132317 -0.0033958729161644701 0.051438407448543659 0.036997742617342878 -0.028954139589149226 0.033704777368953262 -0.018970610371432776 -0.034139872033157312 0.00028304582912235888 -0.006746034333146524 0.047311398694456948 0.012995323757795052 0.023497796000852295
leaf_weight=111.05510136298835 53.836892327293754 36.688781596720219 73.489551946520805 10.831173762679098 14.206484813243149 13.380820263177155 13.440458133816721 7.0174335688352576 10.89757765829563 1634.5781546570361 119.04929137602448 13.31741042435169 143.86906135082245 20.704208865761757
leaf_count=2221 917 178 335 77 77 116 82 32 48 9271 986 59 706 101
internal_value=-0.000335082 0.000667847 0.0100854 0.0130147 -0.000844938 0.000121252 -0.00916327 0.0155941 -0.000216659 2.82356e-05 -0.0121657 0.0111619 0.0161834 0.00270022
internal_weight=2276.36 2165.31 298.9 262.211 1866.41 1673.06 193.344 20.4579 1658.86 1647.96 172.886 251.38 157.186 94.1938
internal_count=15206 12985 1456 1278 11529 9512 2017 114 9435 9387 1903 1201 765 436
is_linear=0
shrinkage=0.05


Tree=62
num_leaves=15
num_cat=0
split_feature=6 0 5 2 11 5 9 7 7 5 6 7 6 11
split_gain=15.1883 10.7129 8.75096 8.11748 9.24439 7.74142 9.26774 6.7208 7.71669 5.329 8.99609 7.14535 7.59808 7.56156
threshold=-0.9847499999999999 0.87500000000000011 0.62364285714285728 0.95835000000000015 0.64585000000000015 0.051050000000000019 0.61365000000000014 -0.75649999999999984 -0.74949999999999994 0.66439166666666671 1.91205 0.06950000000000002 1.4594000000000003 0.47220000000000006
decision_type=2 2 2 2 2 2 2 2 2 2 2 2 2 2
left_child=-1 2 3 4 7 6 -3 -2 -9 10 -4 -11 13 -13
right_child=1 5 9 -5 -6 -7 -8 8 -10 11 -12 12 -14 -15
leaf_value=-0.025557539356610849 -0.011699245322598159 0.022427270271692595 0.02841475640572115 0.004457799212927575 -0.01181926109198278 0.037188204762684973 -0.030103192971164552 0.063689065883384285 3.9408577216091018e-05 -0.0040077114234158906 -0.038096207236914606 -0.013794433388624358 0.013375978435463776 0.0080984901689984141
leaf_weight=55.271300856024027 133.68167689070106 22.067318290472031 42.712412178516388 373.56992939114571 284.47323169000447 32.935059264302254 12.211739435791968 3.7933596633374682 725.433569021523 198.54556552320719 4.87799248099327 64.982380390167236 232.4601374566555 97.055416829884052
leaf_count=1519 1301 106 209 1946 2590 206 63 30 4470 976 23 302 1085 425
internal_value=9.73532e-05 0.000744737 0.000129017 -0.00193573 -0.00401943 0.020254 0.00339072 -0.00143738 0.000457272 0.00502638 0.0209537 0.00371513 0.00760224 -0.000712036
internal_weight=2284.07 2228.8 2161.59 1520.95 1147.38 67.2141 34.2791 862.909 729.227 640.634 47.5904 593.044 394.498 162.038
internal_count=15251 13732 13357 10337 8391 375 169 5801 4500 3020 232 2788 1812 727
is_linear=0
shrinkage=0.05


Tree=63
num_leaves=15
num_cat=0
split_feature=6 0 8 2 7 1 5 5 10 7 11 6 5 9
split_gain=15.3622 8.72803 7.37149 6.78357 7.64113 9.55695 6.44046 6.27957 6.4645 5.88413 5.68505 8.13713 10.5395 5.32657
threshold=-0.44664999999999994 0.87500000000000011 0.90000000000000013 0.95835000000000015 -0.46249999999999997 -1.1099499999999998 0.63495000000000013 1.3854000000000002 1.0000000180025095e-35 -1.2074999999999998 0.58570000000000011 -1.1952499999999999 -1.3852499999999999 1.8576500000000002
decision_type=2 2 2 2 2 2 2 2 2 2 2 2 2 2
left_child=2 3 9 4 6 -6 -2 8 -5 -1 -11 12 -12 -3
right_child=1 13 -4 7 5 -7 -8 -9 -10 10 11 -13 -14 -15
leaf_value=-0.03443705993033213 -0.0092648124663610859 0.0217967437763378 -0.032648307620429237 -0.0042748452582131776 0.042326839314779381 -0.00013865084109152131 0.039111671705856943 0.037499868620505077 0.0082867659629192892 -0.010381662981415834 -0.0015581357055982567 0.0039495720576697537 0.15736928002516176 -0.030631902375313505
leaf_weight=17.964843219146132 322.24414938688278 64.55518064647913 42.628979809582233 149.91745911538601 12.396102197468279 1207.0466144010425 6.0599335581064215 13.686569705605505 318.83420497179031 84.468665758147836 1.9873606842011216 21.633920665830374 1.1516116894781614 4.3681107610464087
leaf_count=412 2653 361 1219 749 63 6358 35 69 1568 1367 45 267 22 25
internal_value=-0.000458244 0.000714862 -0.0148768 0.000116599 -0.00149744 0.000327355 -0.00825581 0.0052871 0.00426873 -0.00871301 -0.00420866 0.0164257 0.0806826 0.0180834
internal_weight=2268.94 2099.11 169.835 2030.19 1547.75 1219.44 328.304 482.438 468.752 127.206 109.242 24.7729 3.13897 68.9233
internal_count=15213 11881 3332 11495 9109 6421 2688 2386 2317 2113 1701 334 67 386
is_linear=0
shrinkage=0.05


Tree=64
num_leaves=15
num_cat=0
split_feature=2 7 6 7 8 0 1 9 1 1 7 11 6 7
split_gain=13.8223 13.0563 9.60322 6.3867 6.16466 5.87206 5.36963 6.01368 5.44624 5.68271 4.92902 4.7549 4.16497 4.03571
threshold=0.70835000000000015 -0.77949999999999997 -0.88049999999999995 0.41450000000000004 0.50000000000000011 0.62500000000000011 0.16805000000000003 -1.0000000180025095e-35 -1.1539999999999997 -1.2499499999999999 0.42650000000000005 0.18335000000000004 0.98655000000000015 -1.1524999999999996
decision_type=2 2 2 2 2 2 2 2 2 2 2 2 2 2
left_child=1 2 -1 13 -3 12 8 -8 9 -4 -5 -7 -6 -2
right_child=3 4 6 10 5 11 7 -9 -10 -11 -12 -13 -14 -15
leaf_value=-0.040161785949853729 -0.013762341099714066 -0.017467461367186996 -0.0043801689275511707 0.058456931886475029 -0.0063840164902758019 0.034796713605010562 -0.022677398580577511 0.057857821273357417 -0.019959306644126949 0.053192198633214144 0.012591714726478163 0.0033295679139633107 0.0007638883765591427 0.0036586818630212287
leaf_weight=33.441929465159774 33.935767138376832 57.699217513203621 33.860023643821478 5.2660819590091696 456.97782877273858 11.447731912136076 3.1324556991457939 4.8447684533894053 84.591706935316324 3.8899590894579879 122.23328538239002 352.85067068785429 366.84469566494226 696.92144621536136
leaf_count=1080 291 282 305 25 4615 53 22 41 993 32 656 1587 1656 3577
internal_value=-0.000355147 -0.00340037 -0.0166285 0.00464381 -0.00164961 -0.000867393 -0.0103297 0.0272303 -0.0129797 0.002772 0.0149263 0.00441094 -0.00320402 0.00283208
internal_weight=2267.94 1409.58 163.761 858.357 1245.82 1188.12 130.319 7.97722 122.342 37.75 127.499 364.298 823.823 730.857
internal_count=15215 10666 2473 4549 8193 7911 1393 63 1330 337 681 1640 6271 3868
is_linear=0
shrinkage=0.05


Tree=65
num_leaves=15
num_cat=0
split_feature=5 0 3 8 7 5 2 5 0 11 3 2 7 11
split_gain=14.9542 8.87398 7.61451 12.2534 8.89306 7.80449 6.9321 9.49496 8.30677 7.32659 7.01096 6.91734 9.25864 6.61245
threshold=-1.0121071428571426 0.62500000000000011 1.0000000180025095e-35 0.70000000000000007 0.9105000000000002 0.57591666666666674 0.12500000000000003 1.3854000000000002 0.37500000000000006 0.41430000000000006 0.70835000000000015 0.70835000000000015 0.03450000000000001 0.76390000000000013
decision_type=2 2 2 2 2 2 2 2 2 2 2 2 2 2
left_child=-1 6 4 5 13 -4 8 9 -2 -8 -9 12 -7 -3
right_child=1 2 3 -5 -6 11 7 10 -10 -11 -12 -13 -14 -15
leaf_value=-0.021524208805782239 -0.015379971825600676 -0.0036625152425047575 0.0021553533268686932 0.024478606160648484 0.039263910364921946 -0.047746894202539525 0.01856930102949898 0.023869555944931779 0.0015078868337445811 -0.0021315647894628842 -0.019498464075034153 0.031620743548308364 0.013459988726636519 -0.036711469389525686
leaf_weight=76.562182486057281 176.36733291111887 166.17545080929995 506.41438513994217 88.08259554207325 10.175261028110979 6.3303944617509833 43.875327058136463 61.845664441585541 123.24781058728695 899.8940589632839 10.165449038147925 45.288094863295555 38.487213730812073 15.691235817968844
leaf_count=1811 2278 751 2384 414 57 26 251 287 775 5655 47 251 182 73
internal_value=5.22275e-05 0.000815307 0.00470939 0.00717534 -0.00407299 0.00458364 -0.00178151 0.000192154 -0.00845118 -0.00115056 0.0175643 0.0180577 0.00396123 -0.0066991
internal_weight=2268.6 2192.04 876.645 684.603 192.042 596.52 1315.4 1015.78 299.615 943.769 72.0111 90.1057 44.8176 181.867
internal_count=15242 13431 4138 3257 881 2843 9293 6240 3053 5906 334 459 208 824
is_linear=0
shrinkage=0.05


Tree=66
num_leaves=15
num_cat=0
split_feature=5 2 1 7 6 5 1 3 4 6 6 2 2 1
split_gain=13.7329 8.81609 6.9327 6.34291 9.53322 6.21666 9.86851 5.26396 8.13935 7.22764 7.98973 5.29045 5.26439 5.19726
threshold=-1.3852499999999999 0.70835000000000015 1.7949500000000003 -0.72749999999999992 -1.1952499999999999 0.29180714285714288 -0.31644999999999995 0.62500000000000011 1.0000000180025095e-35 1.6177500000000002 1.51685 1.0000000180025095e-35 1.0000000180025095e-35 -1.8561999999999999
decision_type=2 2 2 2 2 2 2 2 2 2 2 2 2 2
left_child=-1 3 -3 5 -5 13 -7 8 12 10 -9 -10 -6 -2
right_child=1 2 -4 4 7 6 -8 9 11 -11 -12 -13 -14 -15
leaf_value=-0.0389444192931684 0.021056528224729486 0.0025521995961472806 0.02328545400034332 0.06714416003841582 -0.011529895955395589 -0.022792949641209214 0.075850166638341723 -0.0093865391974584794 0.029183982109701207 -0.037233796396253176 0.04235675968506547 0.0030908025792967231 -0.0013488322903386285 -0.016022743224671326
leaf_weight=22.342022052034736 9.2042598165571672 818.37304966710508 41.43832179158926 4.0273352600634089 185.49719990044832 4.3470668494701385 4.0926190912723523 111.42389364913106 19.318637501448393 21.087043032050133 7.0059716850519171 454.95790207386017 398.79866715893149 158.19056289084256
leaf_count=717 79 4314 229 95 1843 21 30 635 95 96 32 2284 2601 2184
internal_value=-0.000791356 -0.000393207 0.00357732 -0.00287153 -0.0015695 -0.0117138 0.0280095 -0.00185628 -0.000648658 -0.0109492 -0.00599653 0.00421282 -0.00459521 -0.013871
internal_weight=2260.1 2237.76 859.811 1377.95 1202.12 175.835 8.43969 1198.09 1058.57 139.517 118.43 474.277 584.296 167.395
internal_count=15255 14538 4543 9995 7681 2314 51 7586 6823 763 667 2379 4444 2263
is_linear=0
shrinkage=0.05


Tree=67
num_leaves=15
num_cat=0
split_feature=7 4 1 6 1 2 6 3 5 0 3 3 3 7
split_gain=12.825 7.83219 7.90836 7.45671 7.29115 6.52201 5.9338 5.68821 4.94659 4.8316 7.74439 4.48608 4.45272 4.39887
threshold=-0.90749999999999986 1.0000000180025095e-35 -1.2899999999999998 -0.74194999999999989 -0.35364999999999996 1.0000000180025095e-35 1.8318500000000004 0.29165000000000002 0.29180714285714288 0.37500000000000006 0.62500000000000011 0.45835000000000009 0.87500000000000011 0.86850000000000016
decision_type=2 2 2 2 2 2 2 2 2 2 2 2 2 2
left_child=3 5 -3 -1 6 -2 9 -8 11 10 -4 -5 -7 -6
right_child=1 2 4 8 13 12 7 -9 -10 -11 -12 -13 -14 -15
leaf_value=-0.033309944569437942 -0.010360983673024023 0.026106174696890423 0.049503405543185788 -0.020459557823885977 0.0040565116728684793 0.0012166874435425581 -0.018544874046278744 0.04257057803851215 0.034260525785001127 -0.0094784278957658549 -0.031809403126849371 -0.0022623025864220467 -0.019380443378439565 0.020175633036383523
leaf_weight=33.70123803243041 201.57449495978653 37.254095148295164 7.6411522291600686 54.854039160534739 1037.4142157956958 511.88596009463072 4.9323017597198477 10.784624129533766 5.8269183039665213 192.33529385924339 3.6004819236695766 86.774754114449024 26.654151555150747 43.216679371893406
leaf_count=1048 2308 252 99 576 4970 3565 21 47 32 1158 52 674 191 248
internal_value=0.000296338 0.0014112 0.00369434 -0.0124251 0.00303247 -0.00271321 -0.00526307 0.0234292 -0.00745965 -0.00758192 0.0229894 -0.00940429 0.000163236 0.00471921
internal_weight=2258.45 2077.29 1337.18 181.157 1299.92 740.115 219.294 15.7169 147.456 203.577 11.2416 141.629 538.54 1080.63
internal_count=15241 12911 6847 2330 6595 6064 1377 68 1282 1309 151 1250 3756 5218
is_linear=0
shrinkage=0.05


Tree=68
num_leaves=15
num_cat=0
split_feature=5 4 7 7 11 9 7 11 3 6 1 1 7 7
split_gain=10.339 7.66356 9.14135 8.32325 12.6863 8.13567 9.61401 7.92827 8.95313 7.65492 6.8455 7.48714 8.62685 6.6358
threshold=-1.3852499999999999 1.0000000180025095e-35 0.82800000000000007 -0.15649999999999997 0.84520000000000006 -0.78129999999999988 0.091500000000000012 0.84520000000000006 0.20835000000000001 -0.33949999999999997 -0.32644999999999996 -1.3303999999999998 -0.74249999999999983 -0.24849999999999997
decision_type=2 2 2 2 2 2 2 2 2 2 2 2 2 2
left_child=-1 3 5 4 -2 6 7 -3 -9 13 11 12 -11 -7
right_child=1 2 -4 -5 -6 9 -8 8 -10 10 -12 -13 -14 -15
leaf_value=-0.034055593091876647 -0.0054471218672992065 -0.0063232091510319185 0.022994199819089161 0.00077768562617847037 -0.03061267754850841 0.015786071704955874 -0.032628282881545366 0.091741113672535748 -0.0069027105752490804 -0.0025105008749841361 0.0038948763052982852 -0.00956485355214301 0.036600524420932985 0.081870582461452554
leaf_weight=21.642545053735375 305.02026788890362 113.23094905912876 49.265400424599648 409.48655536770821 59.086302902549505 46.808280233293772 33.837071776390076 3.5547629594802848 4.3860155120491982 44.44574886187911 921.97807427123189 212.69204954057932 19.571672521531582 3.2504801377654067
leaf_count=730 3634 790 284 2096 980 558 149 23 33 301 4388 1182 104 23
internal_value=-0.000439348 -9.74587e-05 0.00204261 -0.00411455 -0.00960359 0.00129146 -0.00947574 -0.00279627 0.0425781 0.00263453 0.0018253 -0.00505957 0.00982571 0.0215966
internal_weight=2248.26 2226.61 1453.02 773.593 364.107 1403.76 155.009 121.172 7.94078 1248.75 1198.69 276.709 64.0174 50.0588
internal_count=15275 14545 7835 6710 4614 7551 995 846 56 6556 5975 1587 405 581
is_linear=0
shrinkage=0.05


Tree=69
num_leaves=15
num_cat=0
split_feature=5 1 5 9 9 1 9 5 3 3 11 2 5 7
split_gain=11.3522 8.45171 8.12449 5.86584 11.706 7.93957 8.09843 6.49648 5.8515 7.57168 9.39299 8.7543 7.19331 5.59579
threshold=-0.12186071428571429 -1.4095999999999997 -1.3852499999999999 -0.34194999999999992 -0.45109999999999995 -0.13039999999999999 -0.034099999999999991 -0.83326904761904752 0.20835000000000001 1.0000000180025095e-35 0.64585000000000015 0.29165000000000002 -0.26089285714285709 0.86850000000000016
decision_type=2 2 2 2 2 2 2 2 2 2 2 2 2 2
left_child=2 -2 -1 4 8 -5 -7 -6 9 10 12 -12 -4 -3
right_child=1 13 3 5 7 6 -8 -9 -10 -11 11 -13 -14 -15
leaf_value=-0.035354420165996277 0.04529205219985577 0.0017415215947239927 -0.027176537190871881 -0.011811806817921025 0.084324025668268063 -0.019739071481417181 0.015501094453171974 0.019408364719583356 -0.0076850190023819934 0.031090887117418527 -0.020927567277123631 0.050738342179847851 0.032143585401833034 0.017506197998004309
leaf_weight=20.494719950482249 10.535862870514391 1510.134854696691 28.623637348413467 301.06316281296313 3.6572457849979392 21.541564755141735 58.264257971197367 29.756388761103153 165.00709569081664 24.790566544979811 5.773977808654311 11.519012644886969 5.2965417504310599 57.491536289453506
leaf_count=720 46 7924 222 3734 39 110 280 198 1280 209 49 78 34 318
internal_value=0.000323944 0.00264578 -0.00509413 -0.00409529 0.00147587 -0.00810278 0.00586234 0.0287575 -0.00240964 0.00899448 -0.00209226 0.0269738 -0.0172586 0.00233047
internal_weight=2253.95 1578.16 675.788 655.293 274.424 380.869 79.8058 33.4136 241.011 76.0037 51.2132 17.293 33.9202 1567.63
internal_count=15241 8288 6953 6233 2109 4124 390 237 1872 592 383 127 256 8242
is_linear=0
shrinkage=0.05


Tree=70
num_leaves=15
num_cat=0
split_feature=0 7 8 9 0 7 9 7 7 7 5 0 8 4
split_gain=11.4677 10.4606 10.8761 6.74835 6.05116 7.17115 6.97762 5.82632 6.7428 6.06529 5.19162 6.05057 6.0595 5.98267
threshold=0.62500000000000011 -0.31849999999999995 0.90000000000000013 -1.6632499999999999 0.37500000000000006 -0.7124999999999998 0.23170000000000004 -0.87149999999999983 -0.35849999999999993 -0.38549999999999995 0.72610833333333347 0.87500000000000011 0.90000000000000013 1.0000000180025095e-35
decision_type=2 2 2 2 2 2 2 2 2 2 2 2 2 2
left_child=1 2 3 -1 -4 6 -6 -5 9 -9 11 12 13 -2
right_child=10 -3 4 7 5 -7 -8 8 -10 -11 -12 -13 -14 -15
leaf_value=-0.042585825006279679 -0.0077751287350525944 0.00069592866411932622 -0.02918613971235437 -0.013389656017809099 -0.0083640213316997208 -0.025041537829036883 0.077937815261787668 0.00011511431604438654 -0.022885024338804072 0.027611367721291281 0.017101181307808157 0.017912211364858696 0.038637472282749566 0.0037420740591144019
leaf_weight=10.522132258862255 138.53901431709528 851.82789542898536 78.994373435154557 113.29698739759624 4.3251333013176936 9.58974716439843 3.6967152953147888 253.92704227380455 28.44422272965312 20.776761464774609 74.847809314727783 64.968424960970879 10.177113950252531 586.94780237972736
leaf_count=121 650 4560 1962 1630 48 65 24 2372 197 150 386 370 45 2701
internal_value=0.000122842 -0.00272389 -0.00827849 -0.00482345 -0.0233428 0.00302654 0.0356371 -0.00376959 -0.000142036 0.00228735 0.00459314 0.00340394 0.0021001 0.00153507
internal_weight=2250.88 1375.4 523.573 426.967 96.606 17.6116 8.02185 416.445 303.148 274.704 875.48 800.632 735.664 725.487
internal_count=15281 11129 6569 4470 2099 137 72 4349 2719 2522 4152 3766 3396 3351
is_linear=0
shrinkage=0.05


Tree=71
num_leaves=15
num_cat=0
split_feature=0 7 4 7 11 11 9 5 5 9 9 5 7 6
split_gain=9.85802 9.79992 7.79056 9.08995 8.79706 5.57939 5.68629 7.614 5.43358 4.99572 4.76212 10.339 4.59179 4.5779
threshold=0.87500000000000011 -1.4994999999999998 1.0000000180025095e-35 -0.15649999999999997 0.84520000000000006 0.81665000000000021 -1.1174999999999997 -0.23545714285714281 -0.098794047619047629 -0.011099999999999997 0.8267500000000001 0.15870000000000004 0.64150000000000007 1.9618500000000003
decision_type=2 2 2 2 2 2 2 2 2 2 2 2 2 2
left_child=1 -1 3 4 -3 6 7 -5 -9 -6 -2 -12 -4 -8
right_child=10 2 12 5 9 -7 13 8 -10 -11 11 -13 -14 -15
leaf_value=-0.032433186240961157 0.030375902568514287 -0.0066858312900034689 0.00098809514489234316 -0.0092906384809565267 0.027269426582445355 0.014238558897003303 -0.0051100737485175298 0.089368817695908806 0.013650954106947581 -0.03099813124362711 -0.029305915708964115 0.030043614994793074 0.012108013115451666 0.01751853243461025
leaf_weight=23.20558475703001 36.964772999286652 306.21958803385496 1293.2754789441824 8.4712809547781962 3.1796044223010531 63.198654565960169 295.29032430052757 4.2979856133460999 5.064615994691847 56.860971726477146 12.545704148709776 15.02418417483568 99.040071874856949 23.200763180851936
leaf_count=359 202 3935 6948 57 30 315 1519 21 25 1057 68 103 520 106
internal_value=-0.000221914 -0.000795615 -0.000440559 -0.00448805 -0.0101662 0.000729697 -0.00184343 0.0248631 0.0536798 -0.0275162 0.0188857 0.00295609 0.00178721 -0.003412
internal_weight=2245.84 2181.3 2158.1 765.784 366.26 399.524 336.325 17.8339 9.3626 60.0406 64.5347 27.5699 1392.32 318.491
internal_count=15265 14892 14533 7065 5022 2043 1728 103 46 1087 373 171 7468 1625
is_linear=0
shrinkage=0.05


Tree=72
num_leaves=15
num_cat=0
split_feature=5 2 0 8 7 5 7 5 5 10 7 5 11 9
split_gain=11.2529 8.3221 7.63741 5.15643 5.19584 9.71316 4.93161 9.83527 5.28866 10.1471 7.3558 6.59821 4.54015 6.2036
threshold=-1.3852499999999999 0.79165000000000008 0.87500000000000011 0.50000000000000011 0.025500000000000005 0.45715000000000011 -0.89049999999999996 0.29180714285714288 -1.2052928571428569 1.0000000180025095e-35 -0.7124999999999998 -0.98436785714285702 0.41430000000000006 0.58015000000000005
decision_type=2 2 2 2 2 2 2 2 2 2 2 2 2 2
left_child=-1 3 12 4 -2 -6 7 -5 9 10 -8 -10 13 -3
right_child=1 2 -4 6 5 -7 8 -9 11 -11 -12 -13 -14 -15
leaf_value=-0.036714554421610701 -0.027341687806810566 0.0008809491377326081 0.029726851140341466 -0.014704291420466595 0.016385721152496511 -0.043713345502069324 -0.012171145384075013 0.049278234121529332 -0.027797518445812464 -0.028917819290455976 0.10584056240423634 0.00028994101165378335 0.0026933166702972702 0.030413495289421194
leaf_weight=19.233053021132946 36.417725279927254 34.769016526639462 29.318432830274105 101.20892103947699 23.795368127524853 8.2240462452173215 1.5665378291159866 5.4144732803106299 20.253192119300365 3.0981207080185413 3.7446153350174409 1291.6519383303821 620.92651601694524 35.528461769223213
leaf_count=717 185 173 185 1461 119 37 52 32 389 44 86 8333 3262 164
internal_value=0.000404967 0.000743562 0.00515394 -0.00138359 -0.0146894 9.31594e-05 -0.000735594 -0.0110275 0.000103256 0.0374552 0.0746195 -0.000164515 0.00407023 0.016024
internal_weight=2235.15 2215.92 720.542 1495.37 68.4371 32.0194 1426.94 106.623 1320.31 8.40927 5.31115 1311.91 691.224 70.2975
internal_count=15239 14522 3784 10738 341 156 10397 1493 8904 182 138 8722 3599 337
is_linear=0
shrinkage=0.05


Tree=73
num_leaves=15
num_cat=0
split_feature=6 7 7 9 9 7 3 6 9 5 9 8 5 7
split_gain=11.2813 6.99037 6.01305 5.89468 5.86707 5.3287 6.0261 7.76635 7.23798 6.98763 5.26631 5.23604 6.60657 6.14508
threshold=-0.88049999999999995 -0.78549999999999998 -0.75649999999999984 -0.78129999999999988 -0.94484999999999986 0.29750000000000004 0.95835000000000015 1.7124500000000002 1.4713000000000003 1.2615373015873017 0.35755000000000009 0.50000000000000011 -0.61924214285714274 -0.23249999999999998
decision_type=2 2 2 2 2 2 2 2 2 2 2 2 2 2
left_child=1 -1 -3 4 -2 11 7 8 9 -7 -8 12 -5 -14
right_child=3 2 -4 5 -6 6 10 -9 -10 -11 -12 -13 13 -15
leaf_value=-0.037472115556479939 -0.0023593524076868998 0.063736375895690853 -0.010483858871576532 0.044881545192380648 -0.021326803173625834 -0.00099974805929858141 0.0010842873845506226 0.014536237304665309 0.025354963386509961 -0.03156720997517367 0.032054683626390156 0.00074002139081035434 -0.03617237263484295 -0.0037565764359578421
leaf_weight=30.692954374477267 159.3122296333313 2.0370682664215591 26.060132101178169 3.521231520920991 53.93579426035285 202.87525203078985 21.304838567972183 117.51165523380041 22.491141550242901 19.602577447891235 37.957139164209366 1488.2795244213194 25.438718989491463 33.293861567974091
leaf_count=1135 1031 59 601 22 349 940 109 597 114 87 218 9705 127 155
internal_value=5.7614e-05 -0.0213702 -0.0030973 0.000643527 -0.00723385 0.00149848 0.00647459 0.00402811 -0.00105124 -0.00382226 0.0211235 0.000141692 -0.0139479 -0.0181673
internal_weight=2244.31 58.7902 28.0972 2185.52 213.248 1972.28 421.743 362.481 244.969 222.478 59.262 1550.53 62.2538 58.7326
internal_count=15249 1795 660 13454 1380 12074 2065 1738 1141 1027 327 10009 304 282
is_linear=0
shrinkage=0.05


Tree=74
num_leaves=15
num_cat=0
split_feature=5 2 5 7 1 1 1 11 1 3 2 4 6 1
split_gain=9.17421 6.33459 7.53048 6.85095 8.78385 7.01994 5.88985 4.87962 7.04141 7.38949 5.88081 8.84583 7.09044 7.20405
threshold=-1.0121071428571426 0.95835000000000015 1.3854000000000002 -0.47449999999999992 -0.75944999999999985 -0.32644999999999996 -0.25614999999999993 0.61250000000000016 1.6194500000000003 0.70835000000000015 0.12500000000000003 1.0000000180025095e-35 0.052550000000000006 0.20415000000000003
decision_type=2 2 2 2 2 2 2 2 2 2 2 2 2 2
left_child=-1 3 -3 -2 -5 -6 -7 10 -9 -10 11 -8 -12 -14
right_child=1 2 -4 4 5 6 7 8 9 -11 12 -13 13 -15
leaf_value=-0.017698135256987695 -0.0068105933733433087 0.0044287565413151193 0.041343697817201014 0.022834690133520241 -0.014807684364899293 0.029170320234723907 -0.010316415441503135 -0.0075798435914525564 0.017789013142276974 -0.043072816552926607 0.035480721047708823 0.017774548384010179 -0.010249556154924991 0.0061006588229341697
leaf_weight=69.808116616681218 378.03584546409547 495.18535152822733 13.234086155891417 42.838265737518668 73.615440659224987 17.278580382466316 151.01709775999188 286.43436393141747 49.501626431941986 4.5804047361016265 17.506403487175703 33.409669250249863 76.167749933898449 533.4573569893837
leaf_count=1827 3820 2533 69 292 551 116 1043 1665 232 22 127 157 366 2481
internal_value=1.31791e-05 0.000590234 0.00546892 -0.000902933 0.000837902 6.20475e-05 0.00101001 0.000562735 -0.00445278 0.011946 0.00267005 -0.00515921 0.00497703 0.00404439
internal_weight=2242.07 2172.26 508.419 1663.84 1285.81 1242.97 1169.35 1152.07 340.516 54.082 811.558 184.427 627.132 609.625
internal_count=15301 13474 2602 10872 7052 6760 6209 6093 1919 254 4174 1200 2974 2847
is_linear=0
shrinkage=0.05


Tree=75
num_leaves=15
num_cat=0
split_feature=5 2 7 5 0 3 6 6 3 1 6 7 7 1
split_gain=8.94937 7.65447 7.15359 6.49966 5.23204 5.14015 5.64438 5.36362 5.34312 5.07769 4.68985 4.58004 6.83722 4.1409
threshold=-1.3852499999999999 0.70835000000000015 -0.77949999999999997 0.29180714285714288 0.87500000000000011 0.54165000000000008 -1.1952499999999999 1.6434500000000003 0.70835000000000015 1.7949500000000003 -0.88049999999999995 -0.71949999999999992 -0.52549999999999997 -1.1539999999999997
decision_type=2 2 2 2 2 2 2 2 2 2 2 2 2 2
left_child=-1 2 3 10 9 6 -4 11 -9 -3 -2 -7 -13 -12
right_child=1 4 5 -5 -6 7 -8 8 -10 -11 13 12 -14 -15
leaf_value=-0.033372181698666459 -0.039671143667960547 0.0028054597523036397 0.050153765850237689 0.030072770379317021 0.024292793004210781 0.034978201755667009 0.00089772997383963686 -0.0080157589131974946 -0.051125750112503567 0.021193464050520503 0.0030098775828127596 -0.028435936198675422 -0.0015466639474377307 -0.017298047871148758
leaf_weight=18.373205287382007 15.792263861745594 784.08634909801185 4.8509301766753188 7.6598116829991332 31.063909605145454 6.2243913486599913 994.94390383176506 17.110949702560905 11.988533809781073 38.473596021533012 35.601491935551167 26.897586867213249 155.83060494251549 82.018801048398018
leaf_count=737 581 4128 111 45 198 64 6658 80 55 214 328 222 823 1029
internal_value=0.000463734 0.000759661 -0.00157104 -0.0121884 0.0044675 -0.000332157 0.00118659 -0.00726943 -0.0268849 0.00369021 -0.0148205 -0.00412293 -0.00563799 -0.0111777
internal_weight=2230.92 2212.54 1358.92 141.072 853.624 1217.85 999.795 218.052 29.0995 822.56 133.413 188.953 182.728 117.62
internal_count=15273 14536 9996 1983 4540 8013 6769 1244 135 4342 1938 1109 1045 1357
is_linear=0
shrinkage=0.05


Tree=76
num_leaves=15
num_cat=0
split_feature=5 0 9 2 5 3 6 1 11 1 5 7 1 9
split_gain=8.21342 7.4208 5.71319 5.21528 5.4019 5.22799 5.61705 8.37719 4.72736 4.86485 4.52248 4.52204 4.18817 5.76255
threshold=-1.3852499999999999 0.87500000000000011 1.8576500000000002 0.70835000000000015 1.6379000000000004 0.54165000000000008 1.6583500000000002 -0.22019999999999998 0.69050000000000011 -0.022749999999999996 0.44875714285714291 0.053500000000000006 -0.77254999999999985 -0.20154999999999998
decision_type=2 2 2 2 2 2 2 2 2 2 2 2 2 2
left_child=-1 3 -3 5 -5 -2 7 12 -9 -10 -8 -11 13 -7
right_child=1 2 -4 4 -6 6 10 8 9 11 -12 -13 -14 -15
leaf_value=-0.03235949187719013 0.00025190096509504343 0.022354872785374236 -0.032629484305868921 0.0033465573692880758 0.038230969538473929 -0.035652742354557697 0.0093116924196296608 0.0068541262386283691 0.031845973359464361 -0.034209192862600844 -0.040066425329116237 0.0073776330154523319 -0.031600918402866378 0.0051002135530632698
leaf_weight=17.378458961844444 1087.845680616796 57.758436299860477 4.2640186250209799 816.99977007322013 10.262421682476996 11.504782952368258 5.5134035646915462 110.21453925594687 4.0475603081285945 20.275754563510421 20.1823920160532 8.9904342293739301 33.516152547672391 27.669385382905602
leaf_count=715 8307 341 25 4295 61 144 24 544 35 148 92 38 284 242
internal_value=0.000929593 0.00120476 0.018117 0.000710297 0.00382494 -0.00122879 -0.0078608 -0.00516277 0.00186055 -0.0143784 -0.0295197 -0.0216123 -0.0188675 -0.00745777
internal_weight=2236.42 2219.04 62.0225 2157.02 827.262 1329.76 241.914 216.219 143.528 33.3137 25.6958 29.2662 72.6903 39.1742
internal_count=15295 14580 366 14214 4356 9858 1551 1435 765 221 116 186 670 386
is_linear=0
shrinkage=0.05


Tree=77
num_leaves=15
num_cat=0
split_feature=0 3 8 7 5 5 11 6 6 9 11 1 6 6
split_gain=11.1887 6.72965 11.2214 6.57324 6.28797 8.02805 6.22572 7.16101 6.45716 6.12716 5.53711 5.46312 5.24142 7.59804
threshold=0.62500000000000011 1.0000000180025095e-35 0.70000000000000007 0.86850000000000016 0.11718750000000001 0.14191666666666672 0.64585000000000015 1.3075000000000003 0.94075000000000009 -1.1668499999999999 0.64585000000000015 1.6194500000000003 1.5549000000000002 0.40055000000000007
decision_type=2 2 2 2 2 2 2 2 2 2 2 2 2 2
left_child=4 3 12 10 -1 -6 7 -4 -8 -7 -2 -9 13 -3
right_child=1 2 6 -5 5 9 8 11 -10 -11 -12 -13 -14 -15
leaf_value=-0.0073781471418152382 -0.0010101541741220608 0.013820375113747674 0.042215343851732479 0.033280842136008175 0.03394741565970593 -0.055818556063551274 -0.043041820554828504 -0.00059132230999643643 0.019180940385223139 -0.00073221935203707927 -0.020661433226787245 0.050549614019589406 0.012971208971027737 -0.0017727301859917213
leaf_weight=520.0740254316479 130.92098014056683 98.212354212999344 42.297672174870968 10.089231520891188 15.696712777018545 4.0797743201255789 5.8448397144675246 24.825467176735405 9.7138688936829549 813.54852598160505 48.419536828994751 5.6056001707911483 127.0832032635808 366.72739608585835
leaf_count=6633 594 559 194 61 116 18 31 119 44 4298 224 32 645 1664
internal_value=-0.000227048 0.00419498 0.00651394 -0.00412373 -0.00306979 -0.00037535 0.0230419 0.029113 -0.0053816 -0.00107494 -0.00640089 0.0101377 0.00401446 0.0015437
internal_weight=2223.14 869.74 680.31 189.43 1353.4 833.325 88.2874 72.7287 15.5587 817.628 179.341 30.4311 592.023 464.94
internal_count=15232 4167 3288 879 11065 4432 420 345 75 4316 818 151 2868 2223
is_linear=0
shrinkage=0.05


Tree=78
num_leaves=15
num_cat=0
split_feature=0 7 6 9 5 1 9 2 0 11 6 7 9 7
split_gain=6.4497 6.89868 5.28242 4.80597 5.51251 5.31488 4.48503 3.54058 7.78785 6.49274 5.13605 8.3291 8.06174 5.49487
threshold=0.87500000000000011 -1.2294999999999998 -0.29159999999999991 1.5348000000000002 0.15088333333333334 0.30655000000000004 0.8267500000000001 1.0000000180025095e-35 0.37500000000000006 0.18335000000000004 1.8120500000000004 0.61950000000000005 1.0317500000000004 0.37550000000000006
decision_type=2 2 2 2 2 2 2 2 2 2 2 2 2 2
left_child=1 2 -1 4 6 -5 -2 8 -3 -9 12 -12 13 -10
right_child=3 7 -4 5 -6 -7 -8 9 10 -11 11 -13 -14 -15
leaf_value=-0.037013262550140973 0.019649890027371889 -0.01343135942424812 -0.0055576601726133653 -0.044872024489317042 0.043969232014685493 0.026116221180393803 -0.019536562589493951 0.036594458772788045 0.0010580644903943497 0.00035204216829427652 0.064393866136126479 -0.012498082446255379 -0.03347160606414714 0.039075284727106224
leaf_weight=20.941864965483546 27.435297675430775 138.00043774582446 35.185434218496084 5.4346042871475202 17.013468220829964 3.6143773347139359 8.9343973696231824 11.440520109608768 54.022822111845016 1858.9560036361217 7.5019555836915952 5.5373855382204056 13.462812453508375 10.549526050686834
leaf_count=566 140 2306 287 31 125 26 49 59 391 11075 34 25 62 51
internal_value=-0.000130912 -0.000593054 -0.0177366 0.0155833 0.0212695 -0.0167404 0.00975835 -0.000126511 -0.00597966 0.00059316 0.00533475 0.033176 0.000321694 0.00777033
internal_weight=2218.03 2155.6 56.1273 62.4321 53.3832 9.04898 36.3697 2099.47 229.075 1870.4 91.0745 13.0393 78.0352 64.5723
internal_count=15227 14856 853 371 314 57 189 14003 2869 11134 563 59 504 442
is_linear=0
shrinkage=0.05


Tree=79
num_leaves=15
num_cat=0
split_feature=5 1 9 9 9 1 9 9 1 1 1 11 5 9
split_gain=6.57565 7.92236 7.88122 7.28225 6.26419 9.23528 6.25378 6.22821 10.4597 5.26796 8.24173 5.17253 5.12425 6.69427
threshold=-0.12186071428571429 -1.2337999999999998 -0.34194999999999992 -0.45109999999999995 1.0000000180025095e-35 0.52775000000000005 -0.70274999999999987 1.16185 -0.69359999999999988 0.75245000000000006 1.1221500000000002 0.69050000000000011 -0.098794047619047629 -0.28359999999999991
decision_type=2 2 2 2 2 2 2 2 2 2 2 2 2 2
left_child=2 -2 3 -1 11 7 9 -6 -9 -3 -11 -4 13 -8
right_child=1 6 4 -5 5 -7 12 8 -10 10 -12 -13 -14 -15
leaf_value=-0.00046755102450776189 0.033334311140478488 0.019694793988430451 -0.0090525526669126121 0.02405235345101326 -0.0024925926291411628 0.031958149335532732 -0.018929438215744401 -0.0049829325130140495 -0.080335285344381918 -0.050573168233100589 -0.0078857723808150523 -0.0269052331241625 0.0020027712327589267 0.039728067373941571
leaf_weight=241.33615193888545 19.015129625797272 10.162731148302553 121.52526840940118 33.619584530591965 169.08351277187467 16.859687089920044 5.882618039846423 13.229434594511988 6.1858331114053717 13.779721617698668 50.35002363473177 61.275030743330717 1438.2640672940761 17.802849739789963
leaf_count=1932 87 50 2167 235 1017 75 31 60 27 69 227 1491 7634 124
internal_value=0.000300626 0.00207799 -0.00386481 0.00260686 -0.008444 -0.00242959 0.00166967 -0.00565771 -0.0317498 -0.0123856 -0.0176938 -0.0151506 0.0023919 0.024983
internal_weight=2218.37 1555.26 663.115 274.956 388.159 205.358 1536.24 188.499 19.4153 74.2925 64.1297 182.8 1461.95 23.6855
internal_count=15226 8222 7004 2167 4837 1179 8135 1104 87 346 296 3658 7789 155
is_linear=0
shrinkage=0.05


Tree=80
num_leaves=15
num_cat=0
split_feature=2 5 9 5 4 3 7 5 2 3 7 0 3 9
split_gain=8.4253 6.49683 8.06443 6.83174 5.90596 5.09236 11.1052 7.13796 5.21299 5.62542 5.08935 5.78723 5.41668 5.51849
threshold=1.0000000180025095e-35 0.62364285714285728 1.6859500000000003 0.66439166666666671 1.0000000180025095e-35 0.12500000000000003 -0.045499999999999992 1.0137107142857145 0.37500000000000006 0.29165000000000002 -0.012499999999999999 0.62500000000000011 0.70835000000000015 1.1766500000000002
decision_type=2 2 2 2 2 2 2 2 2 2 2 2 2 2
left_child=4 -2 3 -3 -1 -5 7 -7 -8 -10 -11 12 -12 -14
right_child=1 2 -4 5 -6 6 8 -9 9 10 11 -13 13 -15
leaf_value=-0.011853359911990187 -0.00099043817774405662 0.027203986399854347 -0.01382820483444647 0.01258522053537843 0.013213136722062377 -0.00618249597872602 -0.0066944128330063751 -0.042795964643144474 0.038703237899712868 0.04938546441622476 0.010709308601718903 0.021846160398163224 -0.019138277621685542 0.018968210892140715
leaf_weight=213.90644032135606 1442.4745263401419 38.72123184800148 48.773126468062401 164.84366714954376 25.550398457795382 50.828518845140934 53.314917132258415 17.252438947558403 15.725935019552706 6.1581530421972266 58.284843392670155 41.619296386837959 43.057570815086365 11.247438877820967
leaf_count=2968 9592 190 218 750 161 268 230 77 76 26 262 240 184 48
internal_value=-0.000293787 0.000772885 0.00539237 0.00728714 -0.0091349 0.00556395 0.00164423 -0.0159459 0.00691097 0.0110447 0.00810946 0.00615359 0.000211512 -0.0110455
internal_weight=2231.76 1992.3 549.827 501.054 239.457 462.333 297.489 68.081 229.408 176.093 160.367 154.209 112.59 54.305
internal_count=15290 12161 2569 2351 3129 2161 1411 345 1066 836 760 734 494 232
is_linear=0
shrinkage=0.05


Tree=81
num_leaves=15
num_cat=0
split_feature=5 8 5 2 7 3 3 0 7 6 11 7 6 3
split_gain=5.58453 4.73492 5.69442 5.87286 5.83926 7.65286 5.66226 5.48017 5.09476 3.56181 7.39001 5.79289 3.48064 5.82662
threshold=-1.3852499999999999 0.50000000000000011 0.48480714285714283 0.37500000000000006 -0.24849999999999997 0.45835000000000009 0.62500000000000011 0.87500000000000011 -1.4994999999999998 -1.1952499999999999 0.56350000000000011 -0.74249999999999983 2.0512500000000005 0.70835000000000015
decision_type=2 2 2 2 2 2 2 2 2 2 2 2 2 2
left_child=-1 2 4 -4 5 -2 -6 8 -3 10 -10 -12 -11 -14
right_child=1 7 3 -5 6 -7 -8 -9 9 12 11 -13 13 -15
leaf_value=-0.028262211270440204 -0.055419172128108499 -0.024789740383433286 -0.074837778173737823 -0.0074530479277334282 0.018609215436036327 -0.0033558510668669525 -0.013202450480352238 0.022028303804673598 -0.021502132955444262 0.00015526713434922115 0.0077245041351478097 0.10064640505329131 0.021850715176399318 -0.016283967381762653
leaf_weight=16.351676709018648 10.493959415704014 18.869467837736011 5.5428721755743009 6.8833632990717888 29.46648047119379 18.653147283941507 24.916747599840164 28.73006497323513 3.94188419356942 1988.5269845705479 3.2485813535749912 2.9180558323860168 41.294242426753044 12.319976054131983
leaf_count=721 59 244 24 35 146 94 136 183 116 12992 138 61 190 64
internal_value=-7.9285e-06 0.000215244 -0.0105878 -0.0408461 -0.0056565 -0.023317 0.00405886 0.000713714 0.000407555 0.000651193 0.0288873 0.0596035 0.000497355 0.0129501
internal_weight=2212.16 2195.81 95.9566 12.4262 83.5303 29.1471 54.3832 2099.85 2071.12 2052.25 10.1085 6.16664 2042.14 53.6142
internal_count=15203 14482 494 59 435 153 282 13988 13805 13561 315 199 13246 254
is_linear=0
shrinkage=0.05


Tree=82
num_leaves=15
num_cat=0
split_feature=6 7 7 7 1 1 6 9 6 2 2 11 5 7
split_gain=7.89309 5.40223 4.78681 5.26106 4.05242 5.64544 4.23536 4.32186 7.68429 6.41636 3.96976 8.39434 6.0879 5.72878
threshold=-0.94069999999999987 1.2650000000000003 -0.78549999999999998 -0.6974999999999999 -1.1374999999999997 -0.99114999999999986 1.5675500000000002 -0.22639999999999996 -0.47479999999999994 0.79165000000000008 0.12500000000000003 0.21110000000000004 1.723257142857143 0.26850000000000007
decision_type=2 2 2 2 2 2 2 2 2 2 2 2 2 2
left_child=2 4 -1 -4 6 -6 7 8 -2 -10 -7 -12 -13 -14
right_child=1 -3 3 -5 5 10 -8 -9 9 -11 11 12 13 -15
leaf_value=-0.035301256005410224 -0.0063040608947102714 0.037841756142682266 0.036595564709556251 -0.016747817963101395 -0.018620686056274649 -0.0048712272969101906 0.04123527340756751 0.0010930511740906851 0.012449947908028034 0.07972788768770267 0.042916317565516005 0.00046072000975346536 -0.010501850803106887 0.04324314388380196
leaf_weight=23.887502128258348 11.448109753429891 8.6171414926648122 5.2139407284557846 17.099274007603526 39.9950269497931 330.60007817111909 8.4646367728710157 90.152857653796673 7.400658577680586 6.6801627576351166 10.927390135824679 1628.6209950391203 6.7497461587190655 14.746480606496332
leaf_count=1053 161 52 153 425 268 3171 36 602 75 54 59 8999 33 86
internal_value=9.74953e-06 0.000450652 -0.0202175 -0.00324797 0.000283715 -0.000254071 0.00901623 0.00632551 0.0240657 0.0475379 0.000123916 0.00112044 0.000817834 0.0266507
internal_weight=2210.6 2164.4 46.2007 22.3132 2155.79 2031.64 124.146 115.682 25.5289 14.0808 1991.64 1661.04 1650.12 21.4962
internal_count=15227 13596 1631 578 13544 12616 928 892 290 129 12348 9177 9118 119
is_linear=0
shrinkage=0.05


Tree=83
num_leaves=15
num_cat=0
split_feature=5 9 1 9 1 9 7 9 6 9 9 7 7 8
split_gain=6.54194 5.40668 6.09782 6.11039 6.91692 5.4588 5.99358 5.61414 5.12139 5.00048 4.99949 4.91526 4.63557 4.45251
threshold=-1.3852499999999999 -0.78129999999999988 1.7132500000000002 -0.34194999999999992 1.0000000180025095e-35 0.33435000000000004 -0.66549999999999987 0.38800000000000007 0.063550000000000009 -0.98244999999999993 -0.36234999999999995 -1.4109999999999998 0.20050000000000004 0.90000000000000013
decision_type=2 2 2 2 2 2 2 2 2 2 2 2 2 2
left_child=-1 9 3 4 11 -5 7 -7 -6 -2 -10 -3 -4 -9
right_child=1 2 12 5 8 6 -8 13 10 -11 -12 -13 -14 -15
leaf_value=-0.030459409644746329 -0.0014122198616172525 -0.030927273543250578 -0.019625317717826551 -0.00323752969960349 -0.04989952063602783 0.029644212727953631 0.0042173741528075941 -0.011976419758581738 0.00081051788662152248 -0.017383838589862848 0.042979651839870292 0.024218244835125555 0.014748656979593317 0.029740668014978301
leaf_weight=15.833584403619168 154.62106632068753 3.4483066014945498 9.8077482134103757 738.44195541553199 3.6369035243988028 8.7128535434603673 782.46722103655338 121.39222376793623 100.5052260607481 70.883319616317749 6.5607683062553397 70.432011231780052 121.2649297863245 5.8104781135916701
leaf_count=735 1096 51 44 6728 25 56 3596 656 502 480 32 606 640 34
internal_value=0.000592428 0.000829865 0.00166925 0.000924389 0.00952799 -3.92885e-05 0.00253304 -0.00712368 0.00157428 -0.0064872 0.00376835 0.0212657 0.0120474 -0.00985371
internal_weight=2213.82 2197.99 1972.48 1841.41 184.583 1656.82 918.383 135.916 110.703 225.504 107.066 73.8803 131.073 127.203
internal_count=15281 14546 12970 12286 1216 11070 4342 746 559 1576 534 657 684 690
is_linear=0
shrinkage=0.05


Tree=84
num_leaves=15
num_cat=0
split_feature=7 0 2 3 2 9 3 9 7 7 9 6 7 7
split_gain=6.5129 5.07299 6.67602 9.12175 5.76033 5.25063 5.78766 5.59406 10.0426 7.92906 5.40729 4.96957 6.42807 4.93667
threshold=-1.4994999999999998 0.37500000000000006 1.0000000180025095e-35 0.70835000000000015 0.54165000000000008 2.1062500000000006 0.70835000000000015 1.4713000000000003 -0.05149999999999999 -0.56349999999999978 1.6452000000000002 1.6838500000000003 0.48750000000000004 -0.095499999999999988
decision_type=2 2 2 2 2 2 2 2 2 2 2 2 2 2
left_child=-1 2 -2 11 -5 7 -7 -3 9 -9 -10 12 -4 -11
right_child=1 5 3 4 -6 6 -8 8 10 13 -12 -13 -14 -15
leaf_value=-0.027170875978074063 -0.013661374229630345 0.00082906782333326654 0.002329147118247288 0.026899972780187083 -0.027792729275649755 -0.0022434639519519867 -0.061639152404758146 0.025179530855007799 0.036073291446386949 -0.0051205608921464398 0.011097664402028449 0.023722728878635909 -0.053390635759881011 -0.047660710619609054
leaf_weight=20.731364824809134 135.86219525150955 1569.4336629658937 214.37820356246084 4.6868548505008212 37.965295307338238 10.425567731261255 5.8472225666046134 19.951911851763725 37.598623499274254 62.035382032394409 52.517501831054688 26.037200927734375 4.3038801252841941 6.7144189774990073
leaf_count=366 2433 8679 2321 72 343 45 28 87 183 264 251 141 21 29
internal_value=6.67202e-05 0.000337122 -0.00457256 -0.000243122 -0.0213042 0.00151667 -0.0259188 0.00178671 0.0101403 -0.00181593 0.0217996 0.00349938 0.000994483 -0.00989897
internal_weight=2208.49 2187.76 423.234 287.371 42.6522 1764.52 16.2728 1748.25 178.818 88.7017 90.1161 244.719 218.682 68.7498
internal_count=15263 14897 5331 2898 415 9566 73 9493 814 380 434 2483 2342 293
is_linear=0
shrinkage=0.05


Tree=85
num_leaves=15
num_cat=0
split_feature=7 11 2 4 1 5 11 7 7 5 8 7 3 2
split_gain=8.57953 4.09273 6.07491 3.66403 6.39068 7.23423 5.18277 6.8127 5.88819 4.42206 5.47591 13.5002 7.62292 6.02192
threshold=-0.96749999999999992 0.21110000000000004 1.0000000180025095e-35 1.0000000180025095e-35 1.1376500000000001 1.0537928571428574 0.41430000000000006 0.36550000000000005 0.59950000000000003 1.0306833333333334 0.90000000000000013 -0.28149999999999992 0.79165000000000008 0.70835000000000015
decision_type=2 2 2 2 2 2 2 2 2 2 2 2 2 2
left_child=-1 2 -2 4 5 9 7 -6 -8 10 13 -12 -13 -3
right_child=1 3 -4 -5 6 -7 8 -9 -10 -11 11 12 -14 -15
leaf_value=-0.012587288999277425 -0.0043087820573057701 0.00030278022043143645 0.038995835717919765 0.0015740647992474417 -0.041718289217601005 -0.033519810362165794 0.011016044682326266 0.0091086737441324842 -0.011916221289050059 0.045939653431047084 -0.028554375596370436 -0.00078340189248019563 0.07334157853529924 -0.023877264741358973
leaf_weight=136.33695742674172 15.418835046701135 303.83873601257801 15.650525594130157 1337.216286232695 12.352771431207659 21.902010515332222 159.09418689459562 12.441934853792189 33.060193568468094 3.2809427976608267 69.964480988681316 56.121220141649246 2.6955450475215903 27.130850963294506
leaf_count=1943 147 2717 90 6958 60 106 726 57 149 16 1643 438 18 153
internal_value=-0.00048518 0.000317532 0.0180408 3.87754e-05 -0.00288431 -0.00607172 0.00423548 -0.0168491 0.00702928 -0.00470395 -0.00516428 -0.0138699 0.00378302 -0.00174531
internal_weight=2206.51 2070.17 31.0694 2039.1 701.883 484.934 216.949 24.7947 192.154 463.032 459.751 128.781 58.8168 330.97
internal_count=15221 13278 237 13041 6083 5091 992 117 875 4985 4969 2099 456 2870
is_linear=0
shrinkage=0.05


Tree=86
num_leaves=15
num_cat=0
split_feature=6 0 9 7 4 7 2 9 1 9 7 7 11 6
split_gain=5.56466 5.09033 5.59555 3.80511 3.78621 4.99421 4.3758 5.60802 4.69273 3.7373 6.11734 5.80416 6.0099 5.46297
threshold=-0.9847499999999999 0.87500000000000011 1.8576500000000002 -0.78549999999999998 1.0000000180025095e-35 0.86850000000000016 1.0000000180025095e-35 -0.4610499999999999 0.13155000000000003 -0.78129999999999988 -0.86049999999999993 0.045500000000000006 0.84520000000000006 -0.33949999999999997
decision_type=2 2 2 2 2 2 2 2 2 2 2 2 2 2
left_child=3 4 -3 -1 -2 6 7 -6 -9 10 -8 12 -12 -11
right_child=1 2 -4 -5 5 -7 9 8 -10 13 11 -13 -14 -15
leaf_value=-0.032824487331693818 -0.0032335850867127175 0.018375745472489349 -0.037144325984928069 -0.0020123022688891853 0.069853059745194832 0.019148907099541975 -0.042898020738291659 -0.010736306784373385 0.036846113986698424 0.018512353412008676 -0.00098457375802684906 -0.020313119275772007 0.047744626777295796 0.00057973735898414187
leaf_weight=20.761776368133724 726.56982934102416 57.156148836016655 3.9982010349631301 18.827472688630223 3.8693407140672234 36.777169354259968 10.159803587943314 11.710246719419958 7.8507803231477729 43.106210183352232 86.227249536663294 38.487599328160286 5.8255589455366126 1147.2822996750474
leaf_count=1013 5980 350 23 511 26 218 131 72 36 463 557 171 38 5715
internal_value=-0.000238474 0.000103164 0.0142067 -0.0185817 -0.000310595 0.00121709 0.000716448 0.0216859 0.00922404 0.000331332 -0.00734542 -0.00427332 0.0025792 0.0012441
internal_weight=2218.61 2179.02 61.1543 39.5892 2117.87 1391.3 1354.52 23.4304 19.561 1331.09 140.7 130.54 92.0528 1190.39
internal_count=15304 13780 373 1524 13407 7427 7209 134 108 7075 897 766 595 6178
is_linear=0
shrinkage=0.05


Tree=87
num_leaves=15
num_cat=0
split_feature=5 2 11 8 3 5 3 5 9 8 1 7 9 9
split_gain=6.51246 4.04698 6.14391 7.98912 7.76907 7.59683 6.91281 5.85811 6.48922 6.15162 5.59223 7.38632 5.9468 6.88686
threshold=-1.3852499999999999 0.95835000000000015 0.64585000000000015 0.70000000000000007 0.12500000000000003 -0.12186071428571429 0.87500000000000011 1.2310178571428574 1.0474000000000003 0.50000000000000011 -2.0049999999999994 -0.80149999999999999 0.90415000000000012 0.55650000000000011
decision_type=2 2 2 2 2 2 2 2 2 2 2 2 2 2
left_child=-1 2 3 5 -5 6 10 9 -9 -7 -2 -12 13 -13
right_child=1 -3 -4 4 -6 7 -8 8 -10 -11 11 12 -14 -15
leaf_value=-0.032054583552006674 0.052372759118223533 0.0041681886535936121 -0.0057110549782556849 -0.00018032701725934032 0.014296833063861661 -0.015397105565127481 -0.031319581246672487 -0.04660651012300554 0.010994734355397705 0.0041745267887214523 -0.02228381202690384 -0.001903065517501224 -0.03241308282701659 0.037635500590019383
leaf_weight=14.686308499425648 3.0843442305922499 511.1600894741714 475.99469204992056 184.19168695062399 185.45521644130349 42.683986373245716 28.722841914743185 11.731148138642313 7.4168519824743262 497.86489070951939 56.886625818908215 160.85304119624197 13.629466235637663 10.817924767732618
leaf_count=729 29 2682 3884 1674 1279 205 196 54 33 2449 708 1248 63 53
internal_value=4.75413e-05 0.000277301 -0.000908794 0.000993962 0.00710197 -0.00171951 -0.00852513 0.00162138 -0.0248567 0.00260349 -0.00573942 -0.00669182 -0.00181121 0.000792007
internal_weight=2205.18 2190.49 1679.33 1203.34 369.647 833.691 273.994 559.697 19.148 540.549 245.271 242.187 185.3 171.671
internal_count=15286 14557 11875 7991 2953 5038 2297 2741 87 2654 2101 2072 1364 1301
is_linear=0
shrinkage=0.05


Tree=88
num_leaves=15
num_cat=0
split_feature=5 0 1 7 1 1 9 3 7 9 5 6 5 9
split_gain=5.82385 5.22572 4.34659 6.67037 6.63518 6.02051 4.22574 4.19674 4.42269 4.15511 7.87548 4.07686 6.9728 4.02932
threshold=-1.3852499999999999 0.87500000000000011 -1.1099499999999998 -0.95749999999999991 -0.99114999999999986 -1.6377499999999998 1.3020500000000002 0.37500000000000006 -1.0734999999999999 0.8267500000000001 0.15088333333333334 -0.43014999999999998 -0.57265833333333338 -0.67684999999999984
decision_type=2 2 2 2 2 2 2 2 2 2 2 2 2 2
left_child=-1 2 3 5 6 -2 -4 13 11 -3 -11 -9 -13 -7
right_child=1 9 4 -5 -6 7 -8 8 -10 10 -12 12 -14 -15
leaf_value=-0.031123776934691462 -0.022561659329234762 0.025209990291931481 -0.02916942332922931 0.016889796310010429 -0.0004852265213598449 0.049851266601126348 0.010522021336746144 -0.016154986135866037 -0.013180961518846089 -0.028002408228240468 0.025202346536947886 0.077748605198644849 0.010427485668001087 -0.029530009156804111
leaf_weight=14.005511677823959 25.733997464179993 35.650458097457886 31.101892329752445 85.852821482345462 1950.0635963324457 0.97434872016310592 7.9197385460138312 3.1262451279908481 6.969008481130003 12.656702727079393 13.175378128886221 6.4467053152620819 8.7104031965136475 8.8417647909373027
leaf_count=724 233 206 429 791 12195 20 35 65 60 69 97 65 53 230
internal_value=-8.01903e-05 0.000131756 -0.000285089 0.00799217 -0.000899081 -0.00464123 -0.0210521 0.00877009 0.0193707 0.0143847 -0.000937973 0.0318185 0.0421007 -0.0177701
internal_weight=2211.23 2197.22 2135.74 146.655 1989.09 60.8025 39.0216 35.0685 25.2524 61.4825 25.8321 18.2834 15.1571 9.81611
internal_count=15272 14548 14176 1517 12659 726 464 493 243 372 166 183 118 250
is_linear=0
shrinkage=0.05


Tree=89
num_leaves=15
num_cat=0
split_feature=0 7 5 5 6 1 1 6 1 5 7 5 9 9
split_gain=5.49495 4.71645 5.43438 4.2395 6.28216 3.25911 8.08868 5.28981 4.146 4.37158 4.92435 5.78923 9.71003 4.97215
threshold=0.87500000000000011 -1.1704999999999999 0.075023809523809479 0.043045833333333346 0.82615000000000005 -1.1228499999999999 -0.99114999999999986 1.5675500000000002 -0.77254999999999985 0.61416666666666675 0.79750000000000021 0.66439166666666671 -0.073149999999999979 0.044850000000000008
decision_type=2 2 2 2 2 2 2 2 2 2 2 2 2 2
left_child=1 2 -1 4 -2 7 -7 -3 -8 -10 11 12 -11 -12
right_child=3 5 -4 -5 -6 6 8 -9 9 10 13 -13 -14 -15
leaf_value=-0.016791914533940782 0.026970177752830494 0.0052253748582704327 0.039039815224430771 0.028841005380946791 -0.01718063673063679 -0.022478539438162307 0.011290629534192156 0.045701705863561787 -0.002080012686552397 -0.034112527918983518 -0.012011973758969495 0.00017986302593903561 0.024673213545755274 0.027546311620722221
leaf_weight=63.512429831549525 13.288171932101251 108.22210104670376 3.7372554764151564 28.040815733373165 17.486504189670086 39.224722450599074 79.398113168776035 7.7647551596164694 1201.4787713736296 7.2527658045291892 9.5824367851018888 530.1538845077157 50.066418319940567 34.789313934743404
leaf_count=1009 60 1483 23 203 99 468 850 33 7967 31 44 2532 248 200
internal_value=0.000188323 -0.00023029 -0.0131626 0.0151351 0.00213203 0.000196432 -0.000289248 0.00830256 0.000177302 -0.00030989 0.00305404 0.00182504 0.0167775 0.0189269
internal_weight=2194 2135.18 67.2497 58.8155 30.7747 2067.93 1951.95 115.987 1912.72 1833.32 631.845 587.473 57.3192 44.3718
internal_count=15250 14888 1032 362 159 13856 12340 1516 11872 11022 3055 2811 279 244
is_linear=0
shrinkage=0.05


Tree=90
num_leaves=15
num_cat=0
split_feature=7 8 11 2 5 5 0 1 9 5 0 5 6 1
split_gain=5.72296 7.92672 13.8948 6.56449 6.42559 6.34425 5.94932 4.5903 4.91856 7.25332 10.0747 6.23636 5.29681 5.67935
threshold=-0.31849999999999995 0.90000000000000013 0.35415000000000002 0.79165000000000008 -0.51074999999999993 -0.79242380952380931 0.37500000000000006 1.7949500000000003 -0.022499999999999996 0.52032202380952397 0.62500000000000011 0.17475952380952384 0.91935000000000011 0.27465000000000006
decision_type=2 2 2 2 2 2 2 2 2 2 2 2 2 2
left_child=1 -1 4 -2 -3 -5 -4 8 9 10 11 12 13 -7
right_child=3 2 6 5 -6 7 -8 -9 -10 -11 -12 -13 -14 -15
leaf_value=-0.0010519853609524186 0.00011933107667384349 -0.0192151903338111 -0.028840155326850726 0.065533077094300604 0.085963689581449551 -0.014383116654094811 0.0025806663424567549 0.025202116662499247 0.0084254869490627531 -0.046076479976035242 -0.017944507237019933 0.03998924642654135 -0.030736391076391163 0.032418658784900647
leaf_weight=692.2110389135778 966.15980715863407 1.6549460943788288 65.955521577969193 3.6628974452614775 3.6587591543793669 10.092618659138681 19.238279026001692 30.591007336974144 316.42779982089996 8.4182507097721082 41.234698139131069 15.856633782386778 7.9506896436214438 15.091226175427435
leaf_count=5893 5121 39 1876 21 39 57 146 189 1502 36 182 66 35 73
internal_value=0.000546704 -0.00288185 -0.0167124 0.00244328 0.0553508 0.00742897 -0.0217972 0.00680577 0.00539264 -0.00432297 3.50874e-05 0.0152243 0.00254867 0.0138295
internal_weight=2198.2 782.719 90.5075 1415.49 5.31371 449.326 85.1938 445.663 415.072 98.6441 90.2259 48.9912 33.1345 25.1838
internal_count=15275 7993 2100 7282 78 2161 2022 2140 1951 449 413 231 165 130
is_linear=0
shrinkage=0.05


Tree=91
num_leaves=15
num_cat=0
split_feature=0 5 9 5 2 1 5 1 6 1 8 9 11 11
split_gain=4.85178 4.72868 5.35557 4.43432 3.63197 4.60058 6.68153 13.2164 5.18265 10.4202 8.93737 7.47545 8.71186 6.11727
threshold=0.87500000000000011 0.15088333333333334 0.8267500000000001 0.52032202380952397 0.95835000000000015 -0.32644999999999996 0.20709047619047619 -0.77254999999999985 -0.33949999999999997 -1.0954499999999998 0.90000000000000013 -0.80104999999999993 0.38750000000000007 0.58570000000000011
decision_type=2 2 2 2 2 2 2 2 2 2 2 2 2 2
left_child=4 2 -2 -3 5 6 8 -8 10 -10 11 -1 -13 -12
right_child=1 3 -4 -5 -6 -7 7 -9 9 -11 13 12 -14 -15
leaf_value=-0.016983474917171178 0.014977684944222356 0.041237391997111322 -0.023001883953831025 -0.014607240364890204 0.002717930719931972 -0.00071913633348576536 0.043213465249089908 -0.008338604686677735 -0.00073079351454416594 -0.02565860235663181 0.010546303533798205 -0.021406665712582228 0.01840899121889043 -0.036862093070603633
leaf_weight=31.607867252081633 27.46154572814703 17.987777106463913 12.784714706242083 3.8354492262005797 492.81359201855958 1266.1768672093749 17.819160431623459 35.910056889057159 70.483868107199669 102.67392746731639 8.6133708497509343 16.033944138325751 72.082754814997315 25.802317674271762
leaf_count=429 144 140 69 32 2577 7311 78 163 505 710 307 412 1395 998
internal_value=-0.000641871 0.0130267 0.00264784 0.0312127 -0.00104422 -0.00217075 -0.00698004 0.0092357 -0.00966203 -0.0155742 -0.00296286 0.00353652 0.0110051 -0.0250342
internal_weight=2202.09 62.0695 40.2463 21.8232 2140.02 1647.2 381.027 53.7292 327.298 173.158 154.14 119.725 88.1167 34.4157
internal_count=15270 385 213 172 14885 12308 4997 241 4756 1215 3541 2236 1807 1305
is_linear=0
shrinkage=0.05


Tree=92
num_leaves=15
num_cat=0
split_feature=6 5 8 9 3 11 2 6 3 8 0 2 5 7
split_gain=4.76098 3.82875 9.25041 9.09263 5.75906 5.7541 4.58115 4.07338 4.82636 3.88954 5.26953 4.04832 4.41049 4.95467
threshold=-1.6917999999999997 1.3854000000000002 0.90000000000000013 0.92390000000000005 0.70835000000000015 0.76390000000000013 0.37500000000000006 1.9618500000000003 0.12500000000000003 0.50000000000000011 0.87500000000000011 0.37500000000000006 0.44875714285714291 0.16350000000000003
decision_type=2 2 2 2 2 2 2 2 2 2 2 2 2 2
left_child=-1 5 3 7 6 9 -4 8 -3 11 -11 12 13 -2
right_child=1 2 4 -5 -6 -7 -8 -9 -10 10 -12 -13 -14 -15
leaf_value=-0.043022430891360125 -0.029160084108211637 -0.019908333393342047 0.010121182844681741 0.029274158789459905 -0.023146697277573371 -0.0078427743058936735 0.036927429872955379 0.0073289052804276153 -0.077603036164573327 0.00085154114807699591 0.023265274195649367 -0.002016629389318654 -0.057364728202936748 0.016574914832471095
leaf_weight=5.3849826902151099 15.148145850747829 11.130264073610315 32.470354303717613 8.1193188875913602 6.434840962290763 221.71378027368337 32.406905822455883 5.22366639971733 5.2407627552747718 1757.4415389057249 25.622932855039835 65.692202161997557 6.577370584011077 8.5364009365439397
leaf_count=313 85 56 146 39 29 2080 169 25 23 11805 175 343 29 44
internal_value=9.07896e-05 0.000215718 0.00967474 -0.0134539 0.0193647 -0.000243562 0.0238685 -0.0301037 -0.041782 0.000656798 0.00118649 -0.00909692 -0.0239106 -0.0126726
internal_weight=2207.14 2201.76 101.026 29.714 71.3121 2100.73 64.8773 21.5947 16.371 1879.02 1783.06 95.9541 30.2619 23.6845
internal_count=15361 15048 487 143 344 14561 315 104 79 12481 11980 501 158 129
is_linear=0
shrinkage=0.05


Tree=93
num_leaves=15
num_cat=0
split_feature=2 9 8 7 6 5 7 3 3 10 7 7 2 9
split_gain=5.21476 5.32149 4.95357 5.26702 4.9262 4.1964 4.08985 3.6464 3.43203 3.39013 5.62899 8.62465 5.97482 4.91693
threshold=0.70835000000000015 -0.83684999999999987 0.50000000000000011 -0.16649999999999998 -0.9847499999999999 0.41130952380952385 -0.45649999999999996 0.29165000000000002 0.62500000000000011 1.0000000180025095e-35 0.11950000000000001 0.27750000000000008 0.95835000000000015 0.62270000000000014
decision_type=2 2 2 2 2 2 2 2 2 2 2 2 2 2
left_child=1 -1 3 6 -4 8 -3 -7 -5 10 -2 12 -12 -11
right_child=9 2 4 5 -6 7 -8 -9 -10 13 11 -13 -14 -15
leaf_value=-0.012209344397226478 -0.006408582990390866 -0.014088313557852759 -0.020954328987210273 0.018584574961755022 -0.00027163478815681654 -0.047834505151530288 -0.059966181223611449 0.0045315550105152064 -0.026958202973787978 0.00087718341824860884 0.0021800001104742631 -0.0045505802178909356 0.046203140648613958 0.010345944818329527
leaf_weight=126.90931029617786 201.5595988817513 11.444250702857973 28.535893827676773 18.01458186656237 1140.8953179074451 6.9360040277242643 8.6576622277498227 5.4462055936455727 4.3475767597556105 339.1732107065618 12.771610781550409 45.671126179397106 18.841293588280678 229.3626503162086
leaf_count=990 1174 65 1329 92 8079 30 40 25 22 1917 58 244 86 1101
internal_value=-0.00057668 -0.0025044 -0.00148923 -0.0160376 -0.000793796 -0.0039499 -0.0357528 -0.0261843 0.00895537 0.00249648 -0.00201451 0.00938086 0.02903 0.00470859
internal_weight=2198.57 1351.19 1224.28 54.8463 1169.43 34.7444 20.1019 12.3822 22.3622 847.379 278.844 77.284 31.6129 568.536
internal_count=15252 10672 9682 274 9408 169 105 55 114 4580 1562 388 144 3018
is_linear=0
shrinkage=0.05


Tree=94
num_leaves=15
num_cat=0
split_feature=7 6 7 2 6 11 5 1 3 8 7 9 9 11
split_gain=3.76858 7.87631 3.56253 2.72309 4.84811 5.44673 4.57828 3.67656 3.22259 10.4305 6.09995 5.01718 5.06961 3.42165
threshold=-1.2544999999999997 -0.29159999999999991 -1.3024999999999998 0.95835000000000015 -0.79969999999999986 0.64585000000000015 1.3854000000000002 -1.3099999999999998 0.95835000000000015 0.70000000000000007 0.22850000000000004 -0.11024999999999999 0.37780000000000008 0.64585000000000015
decision_type=2 2 2 2 2 2 2 2 2 2 2 2 2 2
left_child=1 -1 -3 8 5 -5 7 -6 13 10 -10 -11 -13 -2
right_child=3 2 -4 4 6 -7 -8 -9 9 11 -12 12 -14 -15
leaf_value=-0.041114239138517153 0.0010293814416165665 0.0078240496444001596 -0.03690321615472919 -0.0060809992934835223 0.020616968423805407 0.094640489518003884 0.031565826449429443 0.0009322720270133391 -0.032747110075875996 0.056036284495171833 0.0079606714640413669 -0.023851864332849346 0.027341748693368535 -0.0041430618942991885
leaf_weight=16.296314280480146 1120.7881613858044 27.349479790776972 4.2818339504301539 2.2013259250670663 24.049638353288174 2.0387520520016551 12.44924785941839 449.64702164568007 39.193317670375109 5.0417090430855778 11.493087112903593 8.2936165668070334 9.0961061269044858 446.20104102697223
leaf_count=528 7595 238 34 34 133 35 70 2288 212 31 63 91 42 3806
internal_value=-0.000264688 -0.0139846 0.000824088 5.03714e-05 0.00331558 0.0511675 0.00279405 0.00197299 -0.000927341 -0.0111152 -0.0235412 0.0167694 0.00295682 -0.000445178
internal_weight=2178.42 47.9276 31.6313 2130.49 490.386 4.24008 486.146 473.697 1640.11 73.1178 50.6864 22.4314 17.3897 1566.99
internal_count=15200 800 272 14400 2560 69 2491 2421 11840 439 275 164 133 11401
is_linear=0
shrinkage=0.05


Tree=95
num_leaves=15
num_cat=0
split_feature=0 1 7 7 5 7 6 5 9 9 3 8 9 7
split_gain=5.17742 6.53695 6.06286 3.72562 3.66459 3.65258 5.37279 4.66033 3.59934 3.48395 4.56065 9.14233 6.83704 6.21794
threshold=0.62500000000000011 -1.2682499999999999 -0.76549999999999996 -1.4994999999999998 -0.32541666666666663 -1.0424999999999998 0.088250000000000009 -0.60106428571428561 -0.22639999999999996 2.1062500000000006 1.0000000180025095e-35 0.70000000000000007 1.4713000000000003 0.9105000000000002
decision_type=2 2 2 2 2 2 2 2 2 2 2 2 2 2
left_child=3 2 4 -1 8 6 7 -3 -2 10 13 12 -12 -7
right_child=1 5 -4 -5 -6 9 -8 -9 -10 -11 11 -13 -14 -15
leaf_value=-0.027286271383899365 0.029791326985083851 -0.019784383257202068 0.046272982539870638 -0.0020553253948825427 0.031196776448664289 -0.0067123731984270246 -0.037357051758873612 0.059807277156043608 -0.017453697097376663 -0.024223767887981511 -4.9910956450900266e-05 0.020331449672819961 0.016450892288150928 0.035611126639195148
leaf_weight=13.803025900386272 4.4593075439333942 3.1944582760334015 14.770178049802778 1324.1657515522093 9.411540627479555 166.93062923848629 12.4873084500432 2.4257528483867672 14.600585617125033 11.350969299674032 459.05175725743175 79.130723424255848 71.72041916847229 8.1637401729822141
leaf_count=328 33 30 68 10796 43 760 67 19 86 52 2220 380 342 53
internal_value=-0.000392486 0.00263819 0.0213575 -0.0023358 0.00730058 0.00161936 -0.0199893 0.0184133 -0.00546603 0.00213515 0.00254663 0.00458752 0.0022065 -0.00454803
internal_weight=2195.67 857.697 43.2416 1337.97 28.4714 814.456 18.1075 5.62021 19.0599 796.348 784.997 609.903 530.772 175.094
internal_count=15277 4153 230 11124 162 3923 116 49 119 3807 3755 2942 2562 813
is_linear=0
shrinkage=0.05


Tree=96
num_leaves=15
num_cat=0
split_feature=11 5 9 6 5 7 1 0 5 5 3 5 6 9
split_gain=3.88857 4.92159 3.55156 3.38988 3.8222 3.28053 4.53293 4.68768 3.74667 5.91942 6.97006 6.80227 4.19246 4.54767
threshold=0.87300000000000011 0.86665277777777783 -1.1411499999999999 1.4704000000000002 1.0537928571428574 -0.99149999999999994 -1.1228499999999999 1.1250000000000002 0.20709047619047619 0.14191666666666672 0.95835000000000015 0.13372142857142863 1.2084500000000002 0.99710000000000021
decision_type=2 2 2 2 2 2 2 2 2 2 2 2 2 2
left_child=5 2 -2 4 -3 -1 -7 8 9 11 12 -8 13 -11
right_child=1 3 -4 -5 -6 6 7 -9 -10 10 -12 -13 -14 -15
leaf_value=-0.0073794298813494447 0.026578071422956109 0.025483181703377208 -0.024279867950911964 0.028207777347729602 -0.024864087354161027 0.011725999367121766 -0.0013227461816862521 0.051498301331805219 0.0023242046118746584 -0.017798360866218495 0.017494860824895899 0.03933293776376641 -0.038850195581951928 0.030558990890475136
leaf_weight=121.13263205625117 2.9076584987342349 4.7477145493030575 43.731199694797397 9.7312339618802053 10.169477984309195 93.920406216755509 725.21933953557163 3.5008038207888594 1091.0766635239124 39.233484903350472 12.946287859231232 9.4366882406175119 22.319924533367157 4.6101209744811049
leaf_count=1758 19 23 541 49 44 1078 5681 22 5551 256 64 55 101 22
internal_value=0.000188671 -0.0112157 -0.0206178 0.00668483 -0.00824573 0.000576642 0.00106141 0.00053068 0.000410037 -0.00215613 -0.0150624 -0.000747766 -0.0215985 -0.0121456
internal_weight=2194.68 71.2873 46.6389 24.6484 14.9172 2123.4 2002.26 1908.34 1904.84 813.766 79.1098 734.656 66.1635 43.8436
internal_count=15264 676 560 116 67 14588 12830 11752 11730 6179 443 5736 379 278
is_linear=0
shrinkage=0.05


Tree=97
num_leaves=15
num_cat=0
split_feature=1 5 2 2 7 5 7 9 6 1 5 6 9 1
split_gain=5.16392 5.03299 3.20505 3.19471 3.18237 6.5238 6.28109 4.65502 6.5345 6.30025 4.47326 4.25512 4.0371 6.23981
threshold=2.1167500000000001 -1.4208821428571425 0.79165000000000008 0.12500000000000003 -0.41549999999999992 -0.60106428571428561 -0.49349999999999994 -0.37524999999999992 -0.47479999999999994 -1.1228499999999999 -0.46443214285714279 -0.073149999999999979 0.36710000000000004 1.63995
decision_type=2 2 2 2 2 2 2 2 2 2 2 2 2 2
left_child=1 -1 -3 -2 6 11 7 8 -4 -10 -11 -6 -7 -14
right_child=3 2 4 -5 5 12 -8 -9 9 10 -12 -13 13 -15
leaf_value=-0.031587234663743413 -0.0088294185968541463 -0.0015735815847900307 -0.013780159058106145 0.033261399623375758 0.0056625445411451029 -0.0012184963919211675 -0.022754103745125643 -0.0027821731472702105 0.082005735156985726 -0.0037865276444928237 0.041833537101783475 0.060394047268616163 0.0060173184223079115 0.039507007964598599
leaf_weight=11.861809212714432 5.5187573134899166 1442.8417755346745 11.13091150484979 17.155298829078674 6.46304751932621 222.87943536788225 31.573823872953653 153.29122862033546 4.0068492777645579 11.098560437560083 9.1492765843868273 7.5485568791627866 245.2670241817832 13.804377634078262
leaf_count=678 25 10657 144 93 42 1081 184 918 27 88 55 37 1156 96
internal_value=-0.000149335 -0.000402429 -0.000216556 0.0230765 0.00251561 0.00473374 -0.002478 0.00101714 0.0171 0.0312559 0.0178262 0.0372073 0.00371456 0.00794683
internal_weight=2193.59 2170.92 2159.05 22.6741 716.213 495.962 220.251 188.677 35.3856 24.2547 20.2478 14.0116 481.951 259.071
internal_count=15281 15163 14485 118 3828 2412 1416 1232 314 170 143 79 2333 1252
is_linear=0
shrinkage=0.05


Tree=98
num_leaves=15
num_cat=0
split_feature=7 11 2 5 8 0 5 7 1 11 1 7 5 2
split_gain=3.85509 4.05655 6.12361 2.32097 2.06143 4.02838 3.25619 4.55818 5.6033 5.25231 4.78082 3.43865 5.75788 4.09278
threshold=-1.4994999999999998 0.41430000000000006 0.62500000000000011 -1.7756999999999998 0.50000000000000011 0.87500000000000011 -0.64621071428571419 -0.012499999999999999 0.5918500000000001 0.56350000000000011 0.73765000000000014 -0.51449999999999985 -0.026499999999999971 0.70835000000000015
decision_type=2 2 2 2 2 2 2 2 2 2 2 2 2 2
left_child=1 2 -1 -2 6 -6 -5 8 11 10 -9 12 -8 -13
right_child=3 -3 -4 4 5 -7 7 9 -10 -11 -12 13 -14 -15
leaf_value=-0.031909848409786036 -0.038067329546998735 -0.029677083845458793 0.090442647089136533 0.032267825313512195 0.00037092619660330584 0.019493763192239676 -0.02667593408588069 0.015314362771873084 0.02284738741725266 0.032716597289706044 -0.019914333490031896 -0.054632799842727058 0.034670169569880331 -0.0072462749183475547
leaf_weight=1.3386655822396307 2.950075263157486 17.571783830411732 0.98546057194471348 4.1028371173888436 2048.8683601953089 26.916278801858425 12.347299879416825 14.597525082528589 5.721613220870494 9.7318459227681142 24.41471703350544 14.38242579251528 4.4061010703444472 6.9596393033862105
leaf_count=44 179 325 7 28 14089 188 66 73 28 53 135 69 21 35
internal_value=1.97447e-05 -0.0213541 0.0315704 0.000224949 0.000294438 0.000628155 -0.00680493 -0.00886323 -0.0203742 0.0016858 -0.00667923 -0.0272841 -0.00949797 -0.040196
internal_weight=2195.29 19.8959 2.32413 2175.4 2172.45 2075.78 96.664 92.5612 43.8171 48.7441 39.0122 38.0955 16.7534 21.3421
internal_count=15340 376 51 14964 14785 14277 508 480 219 261 208 191 87 104
is_linear=0
shrinkage=0.05


Tree=99
num_leaves=15
num_cat=0
split_feature=9 6 7 3 1 5 1 1 5 0 7 6 1 5
split_gain=3.60232 4.19527 4.70161 3.49844 4.81623 3.42263 3.46403 5.27676 4.51843 3.83765 3.68479 7.28812 6.69839 5.48258
threshold=2.1062500000000006 2.0512500000000005 0.091500000000000012 0.12500000000000003 -0.15729999999999997 -1.3852499999999999 -1.1228499999999999 -1.0495499999999998 0.18335000000000004 1.1250000000000002 -0.59049999999999991 0.64755000000000007 -0.82594999999999985 -0.026499999999999971
decision_type=2 2 2 2 2 2 2 2 2 2 2 2 2 2
left_child=1 5 -3 -2 -5 -1 8 -8 -7 10 11 13 -12 -9
right_child=3 2 -4 4 -6 6 7 9 -10 -11 12 -13 -14 -15
leaf_value=-0.025213294523918107 0.01052727982301362 0.05582631463937128 0.0085305553392440777 0.0005406974446294559 -0.062943659776878186 0.0055669743344423268 -0.022969821333008678 -0.0048577145613050501 0.05005701912751459 0.044854638201446334 0.021826180877912851 -0.019815773170905757 4.3190543629622809e-05 0.0161000893879393
leaf_weight=12.557650737464426 5.05373187363148 5.2511794716119757 36.657362431287766 5.0096678137779245 6.3400636762380573 139.62051093112677 24.922227443195879 169.66429534927011 4.9784441441297522 3.7022333219647399 35.06997156329453 67.858126573264599 1636.2822309862822 37.191978134214878
leaf_count=730 22 24 193 22 29 1439 301 2328 23 23 295 336 9203 309
internal_value=-4.09375e-05 0.000140398 0.0156197 -0.0226985 -0.0371475 -0.00017108 -1.08733e-05 -0.000559373 0.00743202 -0.000261292 -0.000370114 -0.00572557 0.000513041 -0.00103025
internal_weight=2190.16 2173.76 41.9085 16.4035 11.3497 2131.85 2119.29 1974.69 144.599 1949.77 1946.07 274.714 1671.35 206.856
internal_count=15277 15204 217 73 51 14987 14257 12795 1462 12494 12471 2973 9498 2637
is_linear=0
shrinkage=0.05


Tree=100
num_leaves=15
num_cat=0
split_feature=2 6 3 6 1 6 6 5 1 9 7 6 8 7
split_gain=3.51007 4.83683 4.3422 4.54603 3.92648 6.44581 5.26976 4.84481 4.60297 3.9109 6.26295 3.70651 3.62033 4.5835
threshold=0.70835000000000015 -0.94069999999999987 0.54165000000000008 -0.92109999999999992 0.15565000000000004 1.6583500000000002 2.0160500000000003 1.0137107142857145 -1.4095999999999997 -1.7097999999999998 0.14750000000000002 -0.96069999999999989 0.50000000000000011 -0.20749999999999996
decision_type=2 2 2 2 2 2 2 2 2 2 2 2 2 2
left_child=1 -1 3 -3 6 7 8 -6 -4 10 -5 -2 13 -11
right_child=11 2 4 9 5 -7 -8 -9 -10 12 -12 -13 -14 -15
leaf_value=-0.019905732588085038 0.042058785083265715 0.060546345166951704 0.012441233898351924 -0.04346974348980949 0.0065276524631069609 -0.02723789988886717 0.044000754993452608 -0.025339370900639702 -0.020052566099622894 -0.036349239226227729 0.035934181905653458 0.0019709019422953391 0.00079378223034500678 -0.0021847937602067192
leaf_weight=35.142638618126512 4.8090202361345282 2.0929068783298126 11.638336572796105 10.150474552065132 103.4078779630363 19.905194744467735 2.8013093173503867 12.475825652480124 93.718336481601 13.959121182560919 2.3736327290534964 840.5516820512712 1009.8897638693452 28.968626379966736
leaf_count=1532 115 55 100 94 529 94 13 53 742 77 12 4487 7284 142
internal_value=-0.000275308 -0.00186019 -0.00136181 1.58953e-05 -0.00736565 -0.00167663 -0.0144272 0.00290947 -0.0163799 -0.000159687 -0.0268764 0.00224837 0.000183332 -0.0138689
internal_weight=2191.88 1346.52 1311.38 1067.43 243.947 135.789 108.158 115.884 105.357 1065.34 12.5241 845.361 1052.82 42.9277
internal_count=15329 10727 9195 7664 1531 676 855 582 842 7609 106 4602 7503 219
is_linear=0
shrinkage=0.05


Tree=101
num_leaves=15
num_cat=0
split_feature=2 11 0 5 9 6 9 9 9 6 1 1 5 5
split_gain=3.14918 7.42101 5.10598 3.9968 3.99195 3.75556 4.27568 4.15378 4.73364 4.03464 3.97016 6.22187 3.72327 3.5588
threshold=1.0000000180025095e-35 0.18335000000000004 0.37500000000000006 0.075023809523809479 2.1062500000000006 2.0898000000000003 1.0317500000000004 -0.08384999999999998 0.087250000000000008 0.32965000000000005 -0.65774999999999995 -0.99114999999999986 -0.35321785714285708 0.62364285714285728
decision_type=2 2 2 2 2 2 2 2 2 2 2 2 2 2
left_child=2 3 -1 12 -3 6 7 10 -9 -10 11 -4 -2 -6
right_child=1 4 5 -5 13 -7 -8 8 9 -11 -12 -13 -14 -15
leaf_value=-0.011987701995250698 0.040409747507549026 0.00051075030561708386 -0.022940421758821505 0.05758624687372621 -0.050179164926754387 0.047136631269398745 -0.021352146936813195 0.059628989238717733 -0.035484149573750838 0.01698419299713896 -0.010158760679544137 0.082995612760304718 -0.023134334427323683 -0.0036132823830815719
leaf_weight=131.32112753763795 3.2408244255930185 1930.9662771718577 1.9161899667233231 7.6488934606313705 6.3099305629730251 3.6287813782691947 16.461575210094452 4.9307046085596076 3.2938731759786632 25.721566341817379 36.479924257844687 2.0475421398878089 4.0946325585246068 9.7404153496026975
leaf_count=2512 24 12016 28 45 29 17 78 30 28 142 259 23 22 42
internal_value=-6.75127e-05 0.000577027 -0.00564581 0.0345067 0.000298323 0.00320223 0.000953323 0.00610701 0.0187466 0.0100442 -0.00469832 0.0374787 0.00641953 -0.0237892
internal_weight=2187.8 1962 225.801 14.9844 1947.02 94.4802 90.8514 74.3898 33.9461 29.0154 40.4437 3.96373 7.33546 16.0503
internal_count=15295 12178 3117 91 12087 605 588 510 200 170 310 51 46 71
is_linear=0
shrinkage=0.05


Tree=102
num_leaves=15
num_cat=0
split_feature=7 7 11 3 1 1 0 5 7 5 5 7 11 3
split_gain=3.92875 3.6787 4.65692 5.73005 3.24487 5.55186 3.51115 3.38825 3.22474 3.34084 3.39214 4.98714 3.93364 4.07054
threshold=1.2650000000000003 -1.4994999999999998 0.41430000000000006 0.79165000000000008 -1.1228499999999999 -0.9777499999999999 1.1250000000000002 -1.3852499999999999 -0.27649999999999997 0.17475952380952384 -1.275390476190476 -0.61549999999999983 0.64585000000000015 1.0000000180025095e-35
decision_type=2 2 2 2 2 2 2 2 2 2 2 2 2 2
left_child=1 2 3 -1 7 -6 -7 -3 9 10 11 12 -9 -14
right_child=-2 4 -4 -5 5 6 -8 8 -10 -11 -12 -13 13 -15
leaf_value=-0.02979681454607019 0.031907723363842524 -0.019634638091625307 -0.031022425866040728 0.09215104337934571 -0.017430932857892698 -0.0004678131370059685 0.043670705967491855 -0.026952782527483739 0.043372559400139683 0.042353965514184015 0.0032284147780786907 0.0910603725565962 0.10270026343766794 -0.0087579051011509867
leaf_weight=1.1907356847077637 8.4166395701467973 10.157966224476693 16.66365035995841 0.94655519723892201 47.849538584239781 1969.2170519707724 3.5160141289234152 3.0278801610693336 5.5786587372422209 5.4797012060880652 115.86854869965464 1.7871260587126006 0.62483854964375485 1.3656730968505142
leaf_count=42 54 595 323 6 580 12356 22 98 34 25 1036 34 26 57
internal_value=-0.00031924 -0.000458028 -0.0219115 0.036369 -0.000261647 -0.000779572 -0.000367059 0.0069665 0.00911779 0.00730237 0.00540685 0.0373309 0.00624593 0.0488722
internal_weight=2191.69 2183.27 18.8009 2.13729 2164.47 2020.58 1972.73 143.89 133.732 128.154 122.674 6.80552 5.01839 1.99051
internal_count=15288 15234 371 48 14863 12958 12378 1905 1310 1276 1251 215 181 83
is_linear=0
shrinkage=0.05


Tree=103
num_leaves=15
num_cat=0
split_feature=5 6 11 7 6 11 5 1 6 7 7 1 8 7
split_gain=3.94986 3.68895 6.66061 4.37716 4.28595 3.08991 5.85966 5.53524 4.91582 6.22065 8.29909 8.80902 6.18481 11.2924
threshold=-1.3852499999999999 -1.1952499999999999 0.56350000000000011 -1.1524999999999996 -0.9847499999999999 0.52780000000000016 0.6051928571428572 0.67435000000000012 0.47325000000000006 -1.4109999999999998 -1.3024999999999998 -0.82594999999999985 0.90000000000000013 -0.33049999999999996
decision_type=2 2 2 2 2 2 2 2 2 2 2 2 2 2
left_child=-1 2 -2 -4 -3 7 8 -6 9 -7 11 -11 -12 -14
right_child=1 4 3 -5 5 6 -8 -9 -10 10 12 -13 13 -15
leaf_value=-0.027608337099402885 -0.020368912982867384 -0.027321451662137855 -0.024313572751599798 0.072728199555814749 0.00552065523774109 -0.038901141161479365 0.003372502800687001 -0.0023040654767385207 -0.0071809387221796646 0.10774499998949183 0.004662852399348826 -0.018596277207810798 -0.025644885949450337 0.017502690657565507
leaf_weight=11.839668071828781 3.775124096311627 13.199560922570525 0.90750753786414851 5.3887420687824488 563.7210826408118 8.5795997725799662 417.02792838215828 376.09367881342769 473.11658874154091 2.6869530379772186 243.4145973417908 1.7951308619230975 47.394495514221489 21.251909866929054
leaf_count=733 128 471 49 164 3847 136 2016 1876 2344 32 2050 24 1186 247
internal_value=4.25455e-05 0.000205431 0.0289936 0.0573258 5.84101e-05 0.000238702 -0.00142577 0.00239025 -0.00393364 0.000799333 0.00199449 0.0629818 0.00092016 -0.0122275
internal_weight=2190.19 2178.35 10.0714 6.29625 2168.28 2155.08 1215.27 939.815 798.239 325.123 316.543 4.48208 312.061 68.6464
internal_count=15303 14570 341 213 14229 13758 8035 5723 6019 3675 3539 56 3483 1433
is_linear=0
shrinkage=0.05


Tree=104
num_leaves=15
num_cat=0
split_feature=5 5 9 7 7 10 1 9 11 7 4 9 7 5
split_gain=3.71676 4.62124 4.86725 4.51707 10.9743 5.36291 3.98496 7.12641 3.82902 7.44702 4.17838 8.90491 6.39014 6.71751
threshold=0.20709047619047619 0.23230000000000006 -0.92909999999999993 -0.80149999999999999 -0.66549999999999987 1.0000000180025095e-35 -0.41484999999999994 -0.046249999999999993 0.52780000000000016 0.50050000000000006 1.0000000180025095e-35 0.54700000000000015 -0.57949999999999979 0.14191666666666672
decision_type=2 2 2 2 2 2 2 2 2 2 2 2 2 2
left_child=8 6 -3 5 -5 -4 -2 -8 9 -1 11 12 -10 -14
right_child=1 2 3 4 -6 -7 7 -9 10 -11 -12 -13 13 -15
leaf_value=0.0022128615425123606 0.051922819532878098 -0.031398492406742112 0.057940363743087711 -0.041438311057549332 0.0019463358724404489 -0.00065807096179893018 0.050706497905671548 -0.0055349876615930355 -0.020682382301012017 -0.031612610727652368 -0.0023438666112722112 -0.046527430298821004 0.00657568616517136 -0.038669361346273794
leaf_weight=472.09269433934242 6.7067080438137046 10.19353725761175 6.7556399405002576 13.778415285050867 1069.3270908072591 7.8185242861509323 6.8359296098351505 19.454279005527496 54.960430569946766 15.852391164749859 397.56956481747329 15.768916346132754 70.479501515626907 8.268422454595564
leaf_count=3864 30 46 45 79 5477 39 34 118 1617 84 2694 86 929 75
internal_value=5.3143e-07 0.001968 0.00140947 0.00174244 0.00135672 0.0284806 0.0201275 0.010411 -0.00216801 0.00105153 -0.0050364 -0.0121346 -0.00776323 0.0013997
internal_weight=2175.86 1140.87 1107.87 1097.68 1083.11 14.5742 32.9969 26.2902 1034.99 487.945 547.047 149.477 133.708 78.7479
internal_count=15217 5868 5686 5640 5556 84 182 152 9349 3948 5401 2707 2621 1004
is_linear=0
shrinkage=0.05


Tree=105
num_leaves=15
num_cat=0
split_feature=7 1 2 7 1 4 9 3 1 5 6 3 6 1
split_gain=2.888 3.51322 3.03066 4.63163 6.37004 5.13872 5.46659 5.30051 3.31048 3.05956 4.82863 6.01739 4.64858 5.00886
threshold=-1.4994999999999998 -2.0049999999999994 1.0000000180025095e-35 -0.72749999999999992 0.099100000000000008 1.0000000180025095e-35 -0.4610499999999999 0.20835000000000001 0.25205000000000005 1.9715000000000003 1.3889000000000002 1.0000000180025095e-35 1.2862500000000001 1.1072500000000003
decision_type=2 2 2 2 2 2 2 2 2 2 2 2 2 2
left_child=1 -1 3 4 -2 7 -7 9 -8 10 12 -12 13 -5
right_child=2 -3 -4 5 -6 6 8 -9 -10 -11 11 -13 -14 -15
leaf_value=0.016634747828506206 -0.032255845817815647 -0.031526604193994057 0.00095067374455585845 -0.011068622320771705 0.046598749271435327 0.07211008511713661 -0.015265206520845585 0.060078511525952408 0.030000298699683819 -0.045888120409216498 0.0023322975358723188 0.059069266123955924 -0.045477465357139764 0.019677175703153599
leaf_weight=4.4210655950009849 23.834266794845465 13.417765649966894 1946.5155510380864 106.73303156625479 1.9738062769174565 3.2914757132530239 7.3785470947623235 2.0724345482885829 6.8860999494791031 3.7484415322542182 38.420434266328812 4.335591882467269 7.6236522346734992 14.177194729447363
leaf_count=87 898 278 11935 1581 28 17 37 49 32 18 191 20 41 80
internal_value=0.00015123 -0.0193412 0.00032054 -0.00522192 -0.0247118 -0.00252495 0.022534 -0.0051215 0.00712005 -0.00623035 -0.00510119 0.00930408 -0.00992786 -0.00733172
internal_weight=2184.83 17.8388 2166.99 220.475 25.8081 194.667 17.5561 177.111 14.2646 175.038 171.29 42.756 128.534 120.91
internal_count=15292 365 14927 2992 926 2066 86 1980 69 1931 1913 211 1702 1661
is_linear=0
shrinkage=0.05


Tree=106
num_leaves=15
num_cat=0
split_feature=6 11 5 1 1 1 6 9 5 9 6 9 1 2
split_gain=2.49533 2.38165 3.48275 5.17562 2.46345 5.10189 4.82136 5.64372 5.41602 5.96117 4.93322 4.02425 3.9528 3.6904
threshold=-1.7739499999999999 0.21110000000000004 0.36018750000000005 0.63340000000000007 -1.1228499999999999 -0.99114999999999986 1.5675500000000002 1.2488500000000002 -0.33410555555555549 0.78675000000000017 0.77475000000000016 1.0474000000000003 -1.39035 0.87500000000000011
decision_type=2 2 2 2 2 2 2 2 2 2 2 2 2 2
left_child=-1 2 -2 -4 6 -6 7 8 9 10 -3 13 -9 -10
right_child=1 4 3 -5 5 -7 -8 12 11 -11 -12 -13 -14 -15
leaf_value=-0.038606889735288939 -0.00015079590131774292 0.003671962306297326 0.071179819261397756 0.0062701559340557697 -0.017717951753120721 -0.00021101216090412724 0.041381266249174015 -0.0017360305474412947 0.028941256504536252 -0.038431333799120865 0.073355267403613672 0.055859578926919333 -0.054136601116827582 -0.019421658947963188
leaf_weight=3.1756303217262021 18.690648768097166 95.083083354867995 4.3770086094737035 7.6682453006505966 41.526122715324163 1943.9600106896833 8.0874364525079709 7.9792289435863495 10.08318515121937 7.3562838882207862 1.6155278906226147 7.6998547613620749 5.6605398803949338 5.2690274864435187
leaf_count=245 175 1634 30 44 541 12252 35 38 55 41 8 38 27 26
internal_value=8.02795e-06 8.24644e-05 0.013679 0.0335053 -0.000119651 -0.000585902 0.00606265 0.00375559 0.00709181 0.00212777 0.00557507 0.0284789 -0.0256949 0.01217
internal_weight=2168.23 2165.06 30.7359 12.0453 2134.32 1985.49 148.834 140.747 127.107 104.055 96.6986 23.0521 13.6398 15.3522
internal_count=15189 14944 249 74 14695 12793 1902 1867 1802 1683 1642 119 65 81
is_linear=0
shrinkage=0.05


Tree=107
num_leaves=15
num_cat=0
split_feature=1 1 5 5 5 3 2 5 9 5 3 6 6 1
split_gain=4.32013 4.46614 3.52059 3.51197 3.51123 3.83741 3.66328 7.72698 3.62426 5.25196 3.55471 3.75259 3.46606 3.79877
threshold=-0.35364999999999996 -0.40094999999999997 -0.43877499999999992 0.24096785714285715 0.40244166666666675 0.45835000000000009 0.95835000000000015 0.24841547619047616 -0.28359999999999991 -0.80614285714285716 0.70835000000000015 1.7124500000000002 -0.43014999999999998 -0.60919999999999985
decision_type=2 2 2 2 2 2 2 2 2 2 2 2 2 2
left_child=1 4 -3 -4 6 -6 10 8 12 -10 11 -1 13 -8
right_child=-2 2 3 -5 5 -7 7 -9 9 -11 -12 -13 -14 -15
leaf_value=-0.0045926909834985005 0.0017911036986888687 0.010155921728008502 -0.044997978385283938 0.0014962162654229675 -0.0047483983611148221 0.030790798954885835 0.022063192563730256 -0.044147704646266682 -0.037915686880140714 0.0063644250500527093 -0.016804259979896267 0.032205578271456918 0.044895225013427187 -0.033383814212085576
leaf_weight=258.20674607530236 1676.1244403291494 5.6096688024699715 14.565315464511515 5.410450540482997 13.920527905225756 15.123627752065657 9.7716039735823852 6.7392727732658377 6.3230054490268222 77.742928471416235 62.680896384641528 6.1285817772150031 10.302919942885636 3.3566295169293907
leaf_count=4021 9491 52 154 25 62 66 109 29 69 426 586 26 65 31
internal_value=0.000578151 -0.00351709 -0.0234598 -0.032934 -0.00238467 0.0141662 -0.00350365 0.00417826 0.00758692 0.00262733 -0.00619173 -0.00362137 0.024545 0.00652701
internal_weight=2172.01 495.882 25.5854 19.9758 470.297 29.0442 441.253 114.236 107.497 84.0659 327.016 264.335 23.4312 13.1282
internal_count=15212 5721 231 179 5490 128 5362 729 700 495 4633 4047 205 140
is_linear=0
shrinkage=0.05


Tree=108
num_leaves=15
num_cat=0
split_feature=0 9 5 9 6 8 11 5 5 9 4 5 6 5
split_gain=3.21947 4.28131 4.43585 4.22436 4.11248 2.51289 6.05522 6.90408 2.98602 5.58872 2.46153 2.75208 2.41369 2.28287
threshold=0.87500000000000011 1.8576500000000002 0.15088333333333334 0.8267500000000001 1.4373000000000002 0.50000000000000011 0.41430000000000006 0.075023809523809479 -0.09035 -0.36234999999999995 1.0000000180025095e-35 0.41850714285714291 -1.7739499999999999 0.41130952380952385
decision_type=2 2 2 2 2 2 2 2 2 2 2 2 2 2
left_child=5 2 3 -2 -5 6 8 -8 9 -1 -9 -12 -7 -4
right_child=1 -3 13 4 -6 12 7 10 -10 -11 11 -13 -14 -15
leaf_value=-0.012969378361240687 0.016702149605513635 -0.031682119727830742 0.049549356896333691 -0.038587747970015629 0.020904767977596793 -0.038223511622446471 -0.046677850138869409 -0.026175010777533488 -0.0050209526605286062 0.057862760037488893 0.029238355962852864 -0.017846252814863951 0.00040030895103517492 0.010500487259012061
leaf_weight=4.3819247633218765 25.543392673134804 4.2634031698107711 10.604646995663645 7.4740876853466016 3.6413670852780342 3.0529818208888164 15.977746970951555 5.5171552002429971 18.296355407685041 5.4167694766074437 7.1378463804721832 4.1709594577550888 2054.4547446062788 6.49428916722536
leaf_count=26 136 25 91 39 21 243 91 24 83 34 31 20 14332 59
internal_value=0.000346919 0.0118653 0.0158344 0.00566567 -0.0189815 2.59918e-05 -0.00990021 -0.0241813 0.00703232 0.0279193 -0.00139861 0.0118334 0.000324457 0.036118
internal_weight=2176.43 58.0212 53.7578 36.6588 11.1155 2118.41 60.8988 32.8037 28.095 9.79869 16.826 11.3088 2057.51 17.0989
internal_count=15255 371 346 196 60 14884 309 166 143 60 75 51 14575 150
is_linear=0
shrinkage=0.05


Tree=109
num_leaves=15
num_cat=0
split_feature=7 11 3 1 5 5 8 9 0 5 5 11 5 9
split_gain=2.7744 3.77483 5.66133 2.44466 3.30519 5.35224 2.67732 5.18477 3.9982 3.16912 3.01654 6.84187 5.9019 3.35802
threshold=-1.4994999999999998 0.41430000000000006 0.79165000000000008 2.1167500000000001 0.55670000000000008 0.72610833333333347 0.50000000000000011 -0.90929999999999989 0.87500000000000011 -0.62751785714285691 0.043045833333333346 0.30950000000000005 0.76110000000000011 -0.13289999999999999
decision_type=2 2 2 2 2 2 2 2 2 2 2 2 2 2
left_child=1 2 -1 6 -5 -6 7 -2 -8 -9 -11 -12 13 -13
right_child=3 -3 -4 4 5 -7 8 9 -10 10 11 12 -14 -15
leaf_value=-0.031134777234726269 0.030728024135077754 -0.028185919532742239 0.087580976685191228 0.0464399703008367 -0.040833891742722214 0.019520795666928978 0.00023883063547527176 0.024499752479184705 0.020098058272165459 -0.024629453384557784 -0.033979226213078015 -0.023410709930292272 -0.038030913126023448 0.024825549909665463
leaf_weight=1.2652451321482687 6.9019007235765448 15.259038616437463 0.99016530811786641 5.5624656155705479 3.9208162650465992 13.571908272802828 2028.8987759621814 4.7785079367458811 24.665309779345989 36.212144292891026 13.078298695385454 3.4548859894275692 4.8086796551942816 22.224250089377168
leaf_count=41 37 319 6 32 22 66 14151 31 174 191 70 18 21 119
internal_value=0.000125882 -0.0191474 0.031877 0.000290333 0.0161412 0.00451633 0.000112522 -0.00821069 0.000487025 -0.011711 -0.0141564 -0.00509392 0.00798256 0.0177016
internal_weight=2185.59 17.5144 2.25541 2168.08 23.0552 17.4927 2145.02 91.4587 2053.56 84.5568 79.7783 43.5661 30.4878 25.6791
internal_count=15298 366 47 14932 120 88 14812 487 14325 450 419 228 158 137
is_linear=0
shrinkage=0.05


Tree=110
num_leaves=15
num_cat=0
split_feature=1 9 9 0 5 9 5 2 3 7 2 9 7 7
split_gain=2.79828 2.32691 3.94181 2.37172 2.92476 5.55249 3.99419 3.44678 3.8098 3.04347 2.60361 2.59543 9.19476 4.57079
threshold=2.1167500000000001 2.1062500000000006 2.0360000000000005 0.87500000000000011 0.051050000000000019 0.8267500000000001 0.47616666666666668 0.62500000000000011 0.87500000000000011 0.23850000000000002 0.45835000000000009 1.4713000000000003 -0.05149999999999999 -0.56349999999999978
decision_type=2 2 2 2 2 2 2 2 2 2 2 2 2 2
left_child=1 2 3 11 5 7 9 -5 -9 10 -6 -1 13 -13
right_child=-2 -3 -4 4 6 -7 -8 8 -10 -11 -12 12 -14 -15
leaf_value=-0.0011386006598765868 0.017045840856954122 -0.018410454425310072 0.031964619700413158 -0.0092058182177209968 -0.017853564035248581 -0.03155016548428221 -0.017162661627433275 0.060103528652340227 0.0074877578544951494 0.052373504143737704 0.030351493173711511 0.014814603021037584 0.017513618034155107 -0.012548163455361902
leaf_weight=1914.5831213975325 22.360985517501831 16.693469166755676 8.4813651666045171 10.232383340597153 3.8405532613396698 8.9658391624689084 4.3685223236680022 4.6910632997751227 9.5655015632510185 8.9396357722580415 5.9517882689833641 19.034267768263817 79.200841374695301 63.966091796755791
leaf_count=13960 117 74 39 49 21 46 39 26 52 82 44 83 376 270
internal_value=-0.000166372 -0.000352491 -0.000203221 -0.000346024 0.00966634 9.68733e-05 0.0229461 0.0124666 0.0276055 0.0326956 0.011543 -0.000623204 0.00543012 -0.00617147
internal_weight=2180.88 2158.51 2141.82 2133.34 56.5553 33.4548 23.1005 24.4889 14.2566 18.732 9.79234 2076.78 162.201 83.0004
internal_count=15278 15161 15087 15048 359 173 186 127 78 147 65 14689 729 353
is_linear=0
shrinkage=0.05


Tree=111
num_leaves=15
num_cat=0
split_feature=6 6 3 2 2 9 9 9 9 0 4 2 11 6
split_gain=3.47157 2.41467 4.06624 6.58839 4.42899 2.7744 2.82591 2.72994 3.61795 2.28677 4.47157 5.15972 3.75536 3.75488
threshold=-1.5801499999999999 2.0512500000000005 0.70835000000000015 0.45835000000000009 0.79165000000000008 1.9782500000000003 1.9405500000000002 0.044850000000000008 2.1062500000000006 0.62500000000000011 1.0000000180025095e-35 0.20835000000000001 0.25395000000000006 1.4938500000000003
decision_type=2 2 2 2 2 2 2 2 2 2 2 2 2 2
left_child=-1 5 3 7 -4 6 9 -3 -9 -2 11 13 -12 -11
right_child=1 2 4 -5 -6 -7 -8 8 -10 10 12 -13 -14 -15
leaf_value=-0.035819201397817205 -0.0013986240684790261 -0.01347068222407643 -0.053338804628085004 0.042050046965663945 0.005775164447074101 -0.026608747537766521 0.027677892941875587 0.03714023537453217 -0.014117564498685143 -0.02579865399802941 0.034965351580719582 0.00063155030171251232 0.0032908721076589779 0.0079318629576361332
leaf_weight=5.7153503703884772 1284.6424647672102 13.206269204616548 3.6271364092826834 16.070154868066311 9.5313536860048753 8.8134729787707311 8.2074596434831601 7.8554122522473318 4.938180074095726 38.935746558010578 8.5068740732967836 103.63488285988569 658.29527417942882 9.8950753062963468
leaf_count=431 10520 59 17 85 57 40 37 37 21 189 50 498 3201 42
internal_value=7.55132e-05 0.000186194 0.010413 0.0179125 -0.013136 -8.48906e-05 3.83283e-05 0.00198858 0.0177662 -8.2593e-05 0.00198018 -0.00571977 0.00374672 -0.0189415
internal_weight=2181.88 2176.16 55.2285 42.07 13.1585 2120.93 2112.12 25.9999 12.7936 2103.91 819.268 152.466 666.802 48.8308
internal_count=15284 14853 276 202 74 14577 14537 117 58 14500 3980 729 3251 231
is_linear=0
shrinkage=0.05


Tree=112
num_leaves=15
num_cat=0
split_feature=5 11 9 9 7 9 1 7 7 11 10 7 7 5
split_gain=2.4609 4.38149 5.7906 4.79564 4.74015 4.63029 4.81196 6.46128 4.43716 4.36229 5.79548 6.92429 6.59804 4.60698
threshold=0.6051928571428572 0.47220000000000006 0.36710000000000004 0.31275000000000003 -0.49949999999999994 1.6859500000000003 0.63340000000000007 0.15650000000000003 0.73950000000000016 0.76390000000000013 1.0000000180025095e-35 -0.45649999999999996 -0.71949999999999992 -0.37161369047619047
decision_type=2 2 2 2 2 2 2 2 2 2 2 2 2 2
left_child=9 2 3 -2 -3 -6 7 -7 -4 -1 -11 12 13 -12
right_child=1 4 8 -5 5 6 -8 -9 -10 10 11 -13 -14 -15
leaf_value=-9.8268109856974159e-05 -0.010928291068832427 0.050488146313470289 -0.00060963991550551735 -0.062000890597764903 0.006412894594119316 -0.0095152707136846124 0.017090505364270189 -0.0736775481145657 0.02580506041634243 -0.0162494161671661 0.025594168491161112 -0.011673708913819039 0.064884655139239841 -0.044876121513177714
leaf_weight=1404.3471337910742 66.803915202617645 4.8338730856776229 124.33981216698885 4.0240932032465926 398.66692338883877 14.556880995631223 7.7273932993412009 4.570703759789466 17.222181715071201 92.262781224679202 5.4907213337719414 19.901028119027615 6.829753838479518 2.6087487004697332
leaf_count=10461 358 26 570 19 1937 61 39 20 109 1414 65 102 45 20
internal_value=0.000185841 0.00277996 -0.00308668 -0.0146528 0.00567572 0.00504948 -0.0146943 -0.0277462 0.00276239 -0.000904016 -0.00973706 0.00748575 0.0321553 0.000459144
internal_weight=2174.19 642.746 212.39 70.828 430.356 425.522 26.855 19.1276 141.562 1531.44 127.093 34.8303 14.9292 8.09947
internal_count=15246 3139 1056 377 2083 2057 120 81 679 12107 1646 232 130 85
is_linear=0
shrinkage=0.05


Tree=113
num_leaves=15
num_cat=0
split_feature=6 7 1 11 7 1 6 9 1 2 1 2 6 5
split_gain=2.16449 2.01373 2.0069 1.98524 3.88666 4.0341 6.28154 3.62533 2.45 4.35894 3.60856 3.5653 2.18222 6.83529
threshold=-1.7739499999999999 1.2650000000000003 1.63995 0.87300000000000011 -0.31849999999999995 0.04080000000000001 0.46465000000000006 -0.85064999999999991 0.67435000000000012 0.45835000000000009 0.79005000000000014 0.37500000000000006 0.41210000000000008 0.41850714285714291
decision_type=2 2 2 2 2 2 2 2 2 2 2 2 2 2
left_child=-1 3 -3 12 7 -6 -7 -5 9 -8 -10 -12 13 -2
right_child=1 2 -4 4 5 6 8 -9 10 -11 11 -13 -14 -15
leaf_value=-0.037542347939015494 0.0024792709989762732 -0.0078136331123069488 0.040342715726491112 0.035686961106898292 0.042633906851557414 -0.051073101865598713 0.063006505440991123 -0.036026874615564704 -0.040741952871559933 -0.0077176122304157303 -0.020047309638904012 0.013692923096897481 -0.00081127693215911215 0.080605007963656425
leaf_weight=2.8567284978926173 528.54648389201611 2.943776622414588 5.0018688216805458 1.1777081377804304 3.7017015479505053 5.6574088595807543 3.0316853970289221 15.038774700835345 4.8003489896655074 4.3253921270370483 11.010816581547259 21.519716195762157 1561.6148741915822 1.8159502632915963
leaf_count=247 6596 20 32 11 28 48 21 334 26 23 54 101 7727 13
internal_value=-0.000118126 -5.15939e-05 0.0236223 -0.000149469 -0.00835619 -0.00173271 -0.00576163 -0.0290484 0.000967032 0.0254782 -0.00440223 0.00201536 0.000130033 0.00289796
internal_weight=2173.04 2170.19 7.94565 2162.24 70.2636 54.0471 50.3454 16.2165 44.688 7.35708 37.3309 32.5305 2091.98 530.362
internal_count=15281 15034 52 14982 646 301 273 345 225 44 181 155 14336 6609
is_linear=0
shrinkage=0.05


Tree=114
num_leaves=15
num_cat=0
split_feature=0 6 5 2 6 2 5 2 6 1 6 7 10 6
split_gain=3.17929 3.42124 6.12815 8.14697 5.28999 4.55303 4.08346 4.93412 5.2305 3.84987 8.25901 3.83897 3.64911 3.45639
threshold=0.62500000000000011 0.38750000000000007 -0.62751785714285691 0.37500000000000006 0.36360000000000009 0.79165000000000008 0.72610833333333347 0.45835000000000009 1.4500000000000002 -1.3499999999999999 0.5465000000000001 -0.94649999999999979 1.0000000180025095e-35 0.30565000000000003
decision_type=2 2 2 2 2 2 2 2 2 2 2 2 2 2
left_child=-1 2 5 -4 13 -2 9 8 -8 10 -3 -12 -7 -5
right_child=1 6 3 4 -6 12 7 -9 -10 -11 11 -13 -14 -15
leaf_value=-0.0013208007931138019 -0.018166414410600865 -0.048710211158620856 0.042936146356463027 0.0085288627290504657 0.050600532210680775 -0.02727698885817046 -0.039573811845959261 0.021625127934785493 0.0096735361925047586 -0.00075983347871631671 0.0017313599670657149 0.042415042280381149 0.026168038811264716 -0.024268201757190484
leaf_weight=1317.653372767847 25.569367110729218 3.1335619017481831 22.677184000611305 45.442827843129635 5.5327653139829627 3.2358736768364915 6.9397453665733364 47.753047749400139 15.952402770519255 632.93181062117219 9.0788060575723684 15.490780167281624 13.256627030670643 8.7246834337711316
leaf_count=11108 181 19 126 241 26 21 31 280 78 2940 44 69 81 41
internal_value=0.000220019 0.00259137 0.0102211 0.0180777 0.00808341 -0.00522839 0.00128087 0.0126188 -0.00628727 5.12033e-05 0.0179618 0.0280375 0.0147221 0.00290214
internal_weight=2173.37 855.719 124.439 82.3775 59.7003 42.0619 731.28 70.6452 22.8921 660.635 27.7031 24.5696 16.4925 54.1675
internal_count=15286 4178 717 434 308 283 3461 389 109 3072 132 113 102 282
is_linear=0
shrinkage=0.05


Tree=115
num_leaves=15
num_cat=0
split_feature=5 7 11 5 11 2 7 5 7 8 9 9 11 1
split_gain=4.9747 3.16792 4.55632 3.07255 3.12588 4.10516 3.45819 3.10751 3.08391 2.63951 3.72964 7.67581 2.71208 5.56653
threshold=-1.4208821428571425 -1.4994999999999998 0.41430000000000006 -1.3283499999999997 0.21110000000000004 1.0000000180025095e-35 -0.46249999999999997 0.36018750000000005 -1.0564999999999998 0.50000000000000011 0.23170000000000004 0.075250000000000011 0.30950000000000005 -0.56214999999999993
decision_type=2 2 2 2 2 2 2 2 2 2 2 2 2 2
left_child=-1 2 -2 8 5 7 -7 -5 -3 10 11 -6 13 -12
right_child=1 3 -4 4 9 6 -8 -9 -10 -11 12 -13 -14 -15
leaf_value=-0.035523682256579793 0.036166793427403227 -0.024999868055388577 -0.032189495782571964 -0.022355732442891185 -0.0052206995025317476 -0.0045807927948551047 0.046790771829653376 0.020101159900902141 0.055446783964775141 0.00039388033002701634 0.019229946292607998 0.060017356854641248 -0.0082443406019412739 -0.04547095424011894
leaf_weight=8.7977949110791069 2.0632676547393194 0.95024582371115673 13.582823830656706 8.2089570630341786 27.818337228149176 4.2544768415391436 11.167986426502464 7.1138198450207701 3.6510782903060308 2028.5747182397172 3.6573980599641827 4.3535898327827445 39.203974463045597 13.978981681168078
leaf_count=636 25 51 221 105 158 23 68 46 115 13480 17 23 201 72
internal_value=2.39721e-05 0.000184494 -0.0215441 0.000352332 0.000255785 0.0158293 0.0332033 -0.00262062 0.0373361 2.2309e-05 -0.00835604 0.00515063 -0.0159578 -0.0317415
internal_weight=2177.38 2168.58 15.6461 2152.93 2148.33 30.7452 15.4225 15.3228 4.60132 2117.59 89.0123 32.1719 56.8404 17.6364
internal_count=15241 14605 246 14359 14193 242 91 151 166 13951 471 181 290 89
is_linear=0
shrinkage=0.05


Tree=116
num_leaves=15
num_cat=0
split_feature=2 9 6 11 11 3 9 9 2 6 11 7 3 4
split_gain=2.787 4.24856 4.47391 6.12513 4.1146 3.93863 3.56514 4.93933 3.94619 3.82111 3.4831 3.40028 3.02504 4.06528
threshold=0.12500000000000003 0.33435000000000004 1.1781500000000003 0.64585000000000015 0.18335000000000004 0.12500000000000003 1.2242000000000002 0.8005000000000001 1.0000000180025095e-35 1.7575500000000004 0.56350000000000011 1.2650000000000003 0.12500000000000003 1.0000000180025095e-35
decision_type=2 2 2 2 2 2 2 2 2 2 2 2 2 2
left_child=1 12 3 5 -2 -3 7 -4 9 -8 -9 -6 13 -1
right_child=4 2 6 -5 11 -7 8 10 -10 -11 -12 -13 -14 -15
leaf_value=-0.0074255647594248493 0.028942096526822711 0.037494483515725457 0.0055420405915256286 -0.023894017096642954 0.00011122105299620717 -0.0062789610048036536 -0.025080605783871491 -0.07120855705738513 0.026046774292732201 0.025214820467465905 -0.010710457087158794 0.03287214662608156 -0.021171311544277226 0.014365880094268793
leaf_weight=219.84579360298812 11.586724553257225 22.890952765941623 8.99896487593651 6.1201504692435256 1804.2065853793174 6.2156890481710425 11.29060474783182 4.663689121603964 12.892637670040131 4.5299509465694436 4.8226552307605743 6.9552776254713526 33.666830766014755 22.77193512301892
leaf_count=3206 70 128 41 33 10764 32 54 20 57 21 21 50 583 173
internal_value=-0.000340278 -0.00436244 0.00555144 0.0187801 0.000453226 0.0282486 -0.00450662 -0.0210544 0.00649675 -0.0100365 -0.0444069 0.000255101 -0.00732945 -0.00532966
internal_weight=2181.46 358.71 82.4253 35.2268 1822.75 29.1066 47.1985 18.4853 28.7132 15.8206 9.48634 1811.16 276.285 242.618
internal_count=15253 4369 407 193 10884 160 214 82 132 75 41 10814 3962 3379
is_linear=0
shrinkage=0.05


Tree=117
num_leaves=15
num_cat=0
split_feature=9 9 2 9 7 6 6 5 1 5 9 1 6 9
split_gain=3.20572 7.15764 3.40191 3.00779 3.19306 2.94929 7.82497 4.90357 4.41692 7.14992 10.3625 6.26217 5.83697 7.26271
threshold=-1.7097999999999998 -1.5655999999999997 0.45835000000000009 -1.8874999999999997 -0.30749999999999994 0.38750000000000007 0.36360000000000009 -0.24384999999999998 0.051400000000000008 -0.38879999999999998 -0.63624999999999987 0.15565000000000004 -0.11344999999999998 -0.37524999999999992
decision_type=2 2 2 2 2 2 2 2 2 2 2 2 2 2
left_child=3 2 -2 4 -1 6 8 -8 9 -3 -11 -10 13 -12
right_child=1 5 -4 -5 -6 -7 7 -9 11 10 12 -13 -14 -15
leaf_value=-0.032030326948340841 0.004175633027660333 0.00027252384746857626 0.051352930061001147 -0.038058266045949217 0.012889933897775725 -0.0007535118019198581 0.06903477024554186 0.015042145861658014 -0.022476886044019508 0.09263347898003374 0.049083983174243263 0.0018638594625353039 0.019868595399341611 -0.012528023311699631
leaf_weight=5.0899588763713828 6.438481166958808 253.07330557750538 9.1382542978972179 9.3462096545845252 10.324326731264593 1609.8787133432925 5.8319288790226009 13.002043560147284 37.909337749704719 3.1818543747067443 4.5713011175394049 81.926742810755968 78.436678238213062 33.009706383571029
leaf_count=57 55 4370 62 78 59 8025 30 86 365 20 37 659 697 577
internal_value=0.00034206 0.000553215 0.0332809 -0.0171911 -0.0029909 0.000297269 0.00360307 0.0343986 0.0023571 0.0050427 0.0150838 -0.00595846 0.0121835 -0.00395564
internal_weight=2161.16 2136.4 15.5767 24.7605 15.4143 2120.82 510.943 18.834 492.109 372.273 119.2 119.836 116.018 37.581
internal_count=15177 14983 117 194 116 14866 6841 116 6725 5701 1331 1024 1311 614
is_linear=0
shrinkage=0.05


Tree=118
num_leaves=15
num_cat=0
split_feature=5 2 5 11 3 9 7 8 5 5 5 5 2 9
split_gain=3.85058 2.46015 3.81002 3.50783 6.08042 6.28496 7.07643 5.87696 7.83818 11.8634 5.65799 5.60177 5.34137 7.68236
threshold=-1.4208821428571425 0.95835000000000015 1.3854000000000002 0.64585000000000015 0.54165000000000008 -1.2190999999999999 -0.14949999999999997 0.70000000000000007 -0.10678928571428568 -0.35321785714285708 0.76110000000000011 1.0537928571428574 0.29165000000000002 0.099700000000000025
decision_type=2 2 2 2 2 2 2 2 2 2 2 2 2 2
left_child=-1 3 -3 7 5 6 -5 -2 9 -9 -7 -6 -10 -14
right_child=1 2 -4 4 11 10 -8 8 12 -11 -12 -13 13 -15
leaf_value=-0.030861790630089384 -0.0016411210423845661 0.0024978394080124957 0.028872341122906708 0.064587319415143396 -0.0093064894327356124 -0.0075244627578059178 -0.0070791080486926382 0.0057660164793479941 -0.0055788560296190157 0.042882612526383666 0.0058138287152184782 -0.038949097774157809 0.023623086034633728 -0.00072373284723285379
leaf_weight=9.0188834453001601 823.37288943491876 500.94149070978165 13.092780493199824 6.5363647248595953 95.19596588332206 208.82550342846662 6.0148008540272695 65.596045533195138 132.5589685048908 31.327960500493646 127.10127931833267 18.440731905400753 50.983740974217653 85.854945994913578
leaf_count=664 5054 2647 76 59 741 2370 32 1063 943 301 612 81 259 402
internal_value=6.41126e-05 0.000207076 0.00322437 -0.000733273 -0.00442529 -0.00113589 0.0322552 0.000703334 0.00596303 0.0180783 -0.00247551 -0.0144146 0.00155345 0.00845304
internal_weight=2174.86 2165.84 514.034 1651.81 462.115 348.478 12.5512 1189.69 366.322 96.924 335.927 113.637 269.398 136.839
internal_count=15304 14640 2723 11917 3895 3073 91 8022 2968 1364 2982 822 1604 661
is_linear=0
shrinkage=0.05


Tree=119
num_leaves=15
num_cat=0
split_feature=2 1 9 5 1 7 6 9 1 9 9 8 1 7
split_gain=3.4885 3.75847 5.63835 7.29375 5.84621 6.1342 6.2839 5.48463 3.78109 6.68668 10.7528 5.22341 4.19576 6.68308
threshold=0.79165000000000008 -1.1099499999999998 -0.22639999999999996 -0.15014999999999998 -1.4512999999999998 -1.0294999999999999 0.50395000000000012 -0.45109999999999995 1.1072500000000003 0.42745000000000005 0.27975000000000005 0.70000000000000007 1.3153000000000001 0.045500000000000006
decision_type=2 2 2 2 2 2 2 2 2 2 2 2 2 2
left_child=-1 2 7 4 -4 -6 -7 -2 -3 10 11 -10 -13 -14
right_child=1 8 3 -5 5 6 -8 -9 9 -11 -12 12 13 -15
leaf_value=-0.0020719503588100064 0.011866921872826425 -0.0010913970139521875 -0.021878573592872864 0.036993807554965584 0.069056197959786736 -0.040688742229312617 0.033952680036345058 0.074591310885172193 -0.0067634750193439567 0.0207002459144143 -0.053999894711913049 0.042112068881670101 -0.043944708459999017 0.016344725425390203
leaf_weight=1456.6473971433006 8.2415779288858158 495.22954062186182 21.873159369453784 12.175092011690138 3.2908979412168256 4.5393525492399949 4.7491444796323776 5.6907925121486178 48.099982045590878 60.458775795996189 7.5240606367588034 11.05342837423086 4.4291527569293967 29.620403155684471
leaf_count=11380 96 2567 153 57 29 42 23 46 239 365 43 46 18 154
internal_value=-0.00066706 0.0021861 0.0139999 0.00531388 -0.0066091 0.0195975 -0.00293439 0.0407667 0.00107655 0.00770302 -0.000225019 0.00464325 0.0166908 0.00747226
internal_weight=2173.62 716.975 60.56 46.6276 34.4526 12.5794 9.2885 13.9324 656.415 161.186 100.727 93.203 45.103 34.0496
internal_count=15258 3878 446 304 247 94 65 142 3432 865 500 457 218 172
is_linear=0
shrinkage=0.05


Tree=120
num_leaves=15
num_cat=0
split_feature=5 6 11 8 11 5 3 1 9 1 9 0 6 1
split_gain=2.64025 2.28139 3.60723 5.53519 5.91023 3.35411 3.19478 2.64931 6.8527 4.48722 3.9223 3.49464 3.39819 3.71541
threshold=-1.6931499999999999 -1.1952499999999999 0.47220000000000006 0.90000000000000013 0.64585000000000015 -1.0598499999999997 0.20835000000000001 -1.1099499999999998 -0.61839999999999995 -0.99114999999999986 -0.47294999999999993 1.1250000000000002 1.3075000000000003 -1.0329499999999998
decision_type=2 2 2 2 2 2 2 2 2 2 2 2 2 2
left_child=-1 2 -2 4 6 -3 -4 8 -7 12 -10 -11 13 -9
right_child=1 5 3 -5 -6 7 -8 9 10 11 -12 -13 -14 -15
leaf_value=-0.03887721510895864 -0.012866924014286397 -0.017161189043993368 0.047212997983409111 -0.0064891872091318893 0.10486097354775761 0.052882264960473005 -0.032127201035667546 -0.042458787237230837 -0.040314916159122027 0.00016519282422395955 0.0062417530306608992 0.043298569483684352 0.0087074355876960215 -0.0038961016015786262
leaf_weight=3.3066401244141153 5.4814706034958389 26.569819193333387 1.5298642646521314 4.6182391620241106 2.8063583672046661 6.8043443076312533 1.5858698477968571 14.510941017419098 3.7232593931257716 1956.2867776202038 111.41306634712964 3.7071960493922225 8.5355252623558027 10.825602471828462
leaf_count=307 261 594 60 279 76 62 53 164 32 12340 741 25 39 159
internal_value=0.000233301 0.000311194 0.0185439 0.0345784 0.0629151 0.000166253 0.00883578 0.000391851 0.0075154 -4.7359e-05 0.00440204 0.000268815 -0.0178257 -0.0267556
internal_weight=2161.7 2158.4 16.0218 10.5403 5.92209 2142.38 3.11573 2115.81 121.941 1993.87 115.136 1959.99 33.8721 25.3365
internal_count=15192 14885 729 468 189 14156 113 13562 835 12727 773 12365 362 323
is_linear=0
shrinkage=0.05


Tree=121
num_leaves=15
num_cat=0
split_feature=0 9 1 7 1 1 5 7 1 1 9 7 7 6
split_gain=4.02545 3.08255 4.62085 2.45498 2.14443 4.04034 4.65936 4.63887 3.78269 4.08423 3.27325 4.39623 3.14207 4.86235
threshold=0.87500000000000011 1.5348000000000002 0.30655000000000004 1.2650000000000003 -1.2899999999999998 -1.6377499999999998 -0.69067499999999993 -1.1524999999999996 -0.35364999999999996 -0.40094999999999997 0.78675000000000017 -0.71949999999999992 -0.29049999999999992 1.8318500000000004
decision_type=2 2 2 2 2 2 2 2 2 2 2 2 2 2
left_child=3 -2 -3 4 5 6 -1 -8 9 12 -9 -12 13 -6
right_child=1 2 -4 -5 8 -7 7 10 -10 -11 11 -13 -14 -15
leaf_value=-0.020850625485687675 0.017940852750373232 -0.037221299274968804 0.031353341986168154 0.027259039788620765 -0.0029068265671542042 0.014711552870595718 -0.015367185154141681 0.054526385645742054 0.00035796006362662144 -0.023929910183072119 0.03551938460342844 -0.027865612627311645 -0.014367518435630259 0.030520633231832774
leaf_weight=22.004761999472976 48.814829520881176 5.7612075284123403 2.9420606568455696 7.1029280796647063 281.8203871678561 62.335181715432554 9.8487916663289088 5.5152137354016295 1623.391291692853 26.066124679520726 4.9953502267599097 4.0701904445886603 57.077250346541405 10.316500604152678
leaf_count=570 316 33 25 44 3419 885 63 32 9147 236 24 20 374 44
internal_value=0.00014793 0.0130841 -0.013198 -0.000209968 -0.000315434 0.00648903 -0.00462663 0.0102323 -0.000688799 -0.0052058 0.0274004 0.00712005 -0.00374385 -0.00162628
internal_weight=2172.06 57.5181 8.70327 2114.54 2107.44 108.769 46.4343 24.4295 1998.67 375.28 14.5808 9.06554 349.214 292.137
internal_count=15232 374 58 14858 14814 1594 709 139 13220 4073 76 44 3837 3463
is_linear=0
shrinkage=0.05


Tree=122
num_leaves=15
num_cat=0
split_feature=0 3 7 7 2 6 7 6 6 7 2 6 6 5
split_gain=3.19992 4.94832 5.10265 6.93731 13.5738 6.39051 9.544 6.13007 10.8592 6.0523 5.0266 4.57132 8.06369 7.25514
threshold=0.62500000000000011 0.12500000000000003 -0.95749999999999991 -0.012499999999999999 0.12500000000000003 -0.29159999999999991 -0.19649999999999998 1.3319000000000003 0.9981000000000001 -0.14949999999999997 0.20835000000000001 0.26895000000000008 0.38750000000000007 0.24841547619047616
decision_type=2 2 2 2 2 2 2 2 2 2 2 2 2 2
left_child=1 2 -1 4 -4 -6 11 8 9 -8 -5 -7 -13 -14
right_child=-2 -3 3 10 5 6 7 -9 -10 -11 -12 12 13 -15
leaf_value=-0.02161695932131482 0.0023168886893115289 -0.0040644133461184622 -0.0020902409772446473 0.0035298457456145725 0.052949846471513698 -0.016969980539287929 0.056275990060598205 -0.0059531028532023716 0.078321247849572118 0.003134874477660898 -0.011367857305716753 0.058861400646962693 -0.023719484834525375 0.017160975664285903
leaf_weight=20.56485612411052 847.69995127990842 805.34999851416796 140.49763799039647 124.71505991369486 12.668614430353044 17.032823443412781 7.1028995960950843 7.5002201646566382 12.802226036787031 16.196708172559742 102.17182254046202 6.8950410075485697 14.941311858594416 33.105641696602106
leaf_count=703 4145 6162 2274 686 156 156 39 31 57 90 447 48 88 182
internal_value=-7.92942e-05 -0.00161691 0.00220209 0.00323193 0.00865328 0.0203483 0.0163512 0.0345346 0.0428797 0.0209842 -0.00319934 0.00501355 0.0120103 0.00422384
internal_weight=2169.24 1321.54 516.195 495.63 268.743 128.245 115.577 43.6021 36.1018 23.2996 226.887 71.9748 54.942 48.047
internal_count=15264 11119 4957 4254 3121 847 691 217 186 129 1133 474 318 270
is_linear=0
shrinkage=0.05


Tree=123
num_leaves=15
num_cat=0
split_feature=11 2 7 5 5 8 7 1 7 7 6 1 9 9
split_gain=2.14026 3.47822 3.63617 3.83177 1.81745 7.09295 4.71567 2.98287 5.04597 2.61916 2.18267 1.87082 4.39512 4.79773
threshold=0.21110000000000004 1.0000000180025095e-35 -0.14449999999999996 -0.35321785714285708 1.4962654761904763 0.90000000000000013 0.099500000000000019 1.8531500000000001 0.40150000000000008 0.64150000000000007 1.8718500000000002 1.3508500000000001 1.4251500000000001 1.2488500000000002
decision_type=2 2 2 2 2 2 2 2 2 2 2 2 2 2
left_child=1 -1 3 -3 11 9 -7 -8 -9 10 -6 -2 13 -13
right_child=4 2 -4 -5 5 6 7 8 -10 -11 -12 12 -14 -15
leaf_value=-0.0040992843876927771 -0.00031416075251789681 0.04006020538769791 0.053151307963242057 -0.02334263771323121 -0.044079803325945022 -0.02856580552704745 0.028658654083077696 -0.02228387197075675 0.03366288458656308 0.012446579013141652 -0.00030202121683431897 -0.0050848939146768621 -0.046424625186137436 0.028725064747661191
leaf_weight=15.282060071360322 1777.4425300699659 3.1808209614828229 6.8816415965557081 4.5639727488160133 8.5635494589805621 4.4970809519290915 34.070531025528908 8.4880459234118444 6.00868285447359 4.0280587673187247 4.073967531323432 263.66334521397948 5.1837139204144469 9.9391822218894941
leaf_count=164 13224 24 46 23 41 19 165 45 39 20 20 1279 32 56
internal_value=-0.00045229 0.0126108 0.029215 0.00430047 -0.000641908 0.00723934 0.0161391 0.0207713 0.00158111 -0.0204075 -0.0310241 -0.000912562 -0.004713 -0.00375654
internal_weight=2155.87 29.9085 14.6264 7.74479 2125.96 69.7299 53.0643 48.5673 14.4967 16.6656 12.6375 2056.23 278.786 273.603
internal_count=15197 257 93 47 14940 349 268 249 84 81 61 14591 1367 1335
is_linear=0
shrinkage=0.05


Tree=124
num_leaves=15
num_cat=0
split_feature=9 9 1 5 1 11 7 10 11 7 9 1 1 5
split_gain=2.6179 3.90348 2.92654 6.54276 4.16232 2.79943 3.30248 6.08522 3.99026 2.58128 2.48335 2.37332 4.71188 4.28062
threshold=-1.7097999999999998 -1.5655999999999997 0.13155000000000003 -0.99735714285714272 0.84440000000000015 0.87300000000000011 -0.037499999999999992 1.0000000180025095e-35 0.94445000000000012 -0.05149999999999999 -1.4712999999999998 -0.77254999999999985 -0.35364999999999996 0.16590000000000002
decision_type=2 2 2 2 2 2 2 2 2 2 2 2 2 2
left_child=9 2 3 -2 -4 10 7 -7 -8 -1 -3 13 -13 -12
right_child=1 5 4 -5 -6 6 8 -9 -10 -11 11 12 -14 -15
leaf_value=-0.026650886212542219 -0.010613781249343736 -0.023197823855044639 -0.022640085959391966 0.086902549453812858 0.038218306486730587 -0.023916193496264573 0.040382325118334395 0.039054927221498288 -0.0060138404297223509 0.0074827504381345172 0.0025372604514665646 -0.0074868677383751192 0.00061386946343722215 0.02291494786223712
leaf_weight=16.635338999331001 2.5284841470420352 10.247325170785187 5.1623151376843435 3.3292821943759918 4.1907936558127403 39.694638419896364 4.9458204656839397 3.3362424634397021 20.180423520505428 7.5395573154091826 247.21229126630351 201.58816812001169 1574.8052374366671 27.822439469397068
leaf_count=152 39 79 32 23 20 520 22 23 98 38 3375 1890 8810 126
internal_value=-0.000101241 8.68494e-05 0.0245294 0.0494002 0.00568602 -9.91446e-05 -0.00999433 -0.0182578 0.00431483 -0.0161311 0.000232668 0.000360954 -0.000309111 0.00467421
internal_weight=2169.22 2145.04 15.2109 5.85777 9.35311 2129.83 68.1571 43.0309 25.1262 24.1749 2061.68 2051.43 1776.39 275.035
internal_count=15247 15057 114 62 52 14943 663 543 120 190 14280 14201 10700 3501
is_linear=0
shrinkage=0.05


Tree=125
num_leaves=15
num_cat=0
split_feature=9 9 1 1 5 7 6 1 7 3 1 5 5 5
split_gain=2.59892 3.71488 5.41707 4.72665 3.75197 3.60983 2.72539 5.37852 2.33224 3.61217 4.69797 5.02368 4.24546 4.71544
threshold=-1.7097999999999998 -1.5655999999999997 0.13155000000000003 0.79005000000000014 -0.99735714285714272 0.22050000000000003 0.87240000000000018 0.72545000000000015 -0.96749999999999992 0.87500000000000011 -1.4983999999999997 -0.3163305555555555 -0.24384999999999998 -0.2894571428571428
decision_type=2 2 2 2 2 2 2 2 2 2 2 2 2 2
left_child=5 2 4 -4 -2 6 7 -1 9 12 11 -11 13 -3
right_child=1 8 3 -5 -6 -7 -8 -9 -10 10 -12 -13 -14 -15
leaf_value=-0.025398316402825777 0.0035341677885677696 -0.0091816618698718332 -0.034196718854476053 0.030764560842700225 0.07950870486727929 0.028890652749478468 -0.059706271702726313 0.044967978114407725 0.00038801745818342967 -0.032768655439911677 0.017545259918865245 0.038063215675376717 -0.031120046817824282 0.045667259496051008
leaf_weight=14.831046864390382 2.5291631408035746 58.502436113543808 4.6255310699343664 4.578904815018177 4.0902162715792656 2.9597643464803687 3.3401475250720969 2.3318898156285277 2000.9581682546996 10.526976421475409 26.478519137948751 2.2992414236068717 21.573415163904428 3.206774126738309
leaf_count=145 38 1354 31 22 27 14 17 12 13072 107 215 11 166 28
internal_value=-2.33275e-05 0.000161893 0.0235646 -0.00203266 0.0547537 -0.0162282 -0.0237821 -0.0138884 -2.35045e-05 -0.00668945 0.00570588 -0.0182366 -0.0125376 -0.0056486
internal_weight=2162.83 2139.37 15.8238 9.20444 6.61938 23.4628 20.5031 17.1629 2123.55 122.587 39.3047 12.8262 83.2826 61.7092
internal_count=15259 15071 118 53 65 188 174 157 14953 1881 333 118 1548 1382
is_linear=0
shrinkage=0.05


Tree=126
num_leaves=15
num_cat=0
split_feature=1 7 5 7 9 7 7 11 8 9 7 11 2 9
split_gain=2.34424 2.52545 3.45989 2.18095 4.76678 2.95078 2.78926 2.28616 2.02618 4.35849 4.94019 6.99841 4.77037 4.35839
threshold=2.1167500000000001 0.54950000000000021 0.61416666666666675 -1.4994999999999998 0.16595000000000001 -1.4554999999999998 -1.6874999999999998 0.43650000000000005 0.50000000000000011 0.25090000000000007 -0.012499999999999999 0.47220000000000006 0.12500000000000003 -0.15609999999999999
decision_type=2 2 2 2 2 2 2 2 2 2 2 2 2 2
left_child=3 -2 -3 4 -1 7 -6 -5 9 12 -11 -12 -7 -14
right_child=1 2 -4 5 6 8 -8 -9 -10 10 11 -13 13 -15
leaf_value=-0.04223196298585824 0.043650938980025138 0.039070291525538703 -0.0081985039829917689 0.07548861917484001 0.029732899780937294 -0.037558893186207858 -0.023224306229912662 -0.0003922347310326367 0.00049118069337480009 -0.029960668173580618 -0.015268456630152707 0.038446551907357851 0.00025297423949577076 0.03868897981131475
leaf_weight=8.2618126939050871 5.1453156471252468 4.4660187438130405 12.436448402702807 1.3094476093538099 5.1401060223579407 4.3435916658490887 3.2515701800584775 1.7228165557608006 2019.1553910640068 28.301162801682949 21.400256223976616 7.3150170519947997 21.450757175683975 10.250862289220096
leaf_count=283 25 29 63 28 48 33 28 29 14135 134 117 42 115 61
internal_value=0.000264464 0.0161252 0.00577575 9.2952e-05 -0.0174085 0.000238903 0.00892529 0.0429707 0.000157253 -0.00701616 -0.0155166 -0.000751587 0.00648571 0.0134845
internal_weight=2153.95 22.0478 16.9025 2131.9 16.6535 2115.25 8.39168 3.03226 2112.22 93.0616 57.0164 28.7153 36.0452 31.7016
internal_count=15170 117 92 15053 359 14694 76 57 14637 502 293 159 209 176
is_linear=0
shrinkage=0.05


Tree=127
num_leaves=15
num_cat=0
split_feature=5 5 8 9 3 2 2 7 5 5 9 11 8 3
split_gain=2.38527 2.09654 6.39624 5.28603 3.28729 4.06408 4.5419 5.31505 2.82263 4.55017 4.76568 4.50582 5.79225 6.64528
threshold=-1.6931499999999999 1.3854000000000002 0.90000000000000013 0.55650000000000011 0.62500000000000011 0.37500000000000006 0.20835000000000001 0.22850000000000004 0.94046388888888899 0.735232142857143 -0.4610499999999999 0.52780000000000016 0.70000000000000007 0.12500000000000003
decision_type=2 2 2 2 2 2 2 2 2 2 2 2 2 2
left_child=-1 8 3 -3 5 6 -4 -8 9 11 -11 12 -2 -14
right_child=1 2 4 -5 -6 -7 7 -9 -10 10 -12 -13 13 -15
leaf_value=-0.038281482524888791 -0.00020079988804566019 -0.027040130314746297 0.019310448480225055 0.019308785644959678 -0.010998035057873017 0.033038585240768463 -0.047764507187431235 0.020076679670256926 -0.0057953089149971977 0.058895766048925581 0.0064405902159946141 -0.0030895973173778457 -0.0016131593570095086 0.01807213624488908
leaf_weight=3.1072546136565498 611.70130467461422 19.225926384329799 22.135039582848549 8.0034641176462156 9.7958300784230214 27.734427481889725 5.7798465043306333 4.2685431241989136 221.88049568235874 3.4646203815937033 171.57677935808897 885.1875650244765 72.076506703160703 104.25567645765841
leaf_count=310 3823 95 100 39 46 152 24 21 1022 15 874 7162 895 690
internal_value=-0.000214121 -0.000141907 0.00700645 -0.0132155 0.0149801 0.019338 0.0068916 -0.0197369 -0.00047988 0.000161016 0.0078075 -0.000643094 0.00210546 0.010062
internal_weight=2170.19 2167.09 96.9431 27.2294 69.7137 59.9179 32.1834 10.0484 2070.14 1848.26 175.041 1673.22 788.033 176.332
internal_count=15268 14958 477 134 343 297 145 45 14481 13459 889 12570 5408 1585
is_linear=0
shrinkage=0.05


Tree=128
num_leaves=15
num_cat=0
split_feature=9 7 7 3 0 5 9 7 1 7 10 8 5 7
split_gain=3.22396 3.30699 3.62533 3.51037 3.02008 3.29229 4.62217 3.10217 4.69914 3.0266 2.88883 3.63798 2.82543 2.18569
threshold=1.9782500000000003 0.23850000000000002 -0.056499999999999995 0.62500000000000011 0.87500000000000011 -0.050052142857142899 0.24170000000000003 0.86850000000000016 0.87620000000000009 -0.10049999999999999 1.0000000180025095e-35 0.70000000000000007 0.52032202380952397 0.68750000000000011
decision_type=2 2 2 2 2 2 2 2 2 2 2 2 2 2
left_child=4 2 -2 -4 7 6 9 13 -9 -6 11 -10 -7 -1
right_child=1 -3 3 -5 5 12 -8 8 10 -11 -12 -13 -14 -15
leaf_value=-0.00019718317652512357 -0.023441249841286309 -0.045437500935641972 0.033312345421803058 -0.018108407666411027 0.038218241411044268 0.028213591525122664 -0.019700507987136261 -0.042455302075237955 0.016147736404169537 -0.014014646514711347 0.023879322351498474 -0.032219451295991748 -0.018369835275333816 -0.0098773326302057339
leaf_weight=1971.0406461725943 13.975220471620561 6.2822256684303275 7.1074690520763379 4.7870161533355713 7.4658007472753525 25.882020223885778 14.299553349614142 2.7566546350717536 9.1010889410972577 3.4903344884514826 33.08603049069643 5.3277784511446944 3.0095105394721022 59.092279948294163
leaf_count=14158 60 31 31 22 35 200 70 13 52 21 196 30 28 300
internal_value=-0.000111342 -0.015584 -0.00691309 0.0128183 0.000128904 0.0116777 -0.00155362 -0.000177145 0.0119695 0.0217978 0.015937 -0.00264231 0.022909 -0.000483673
internal_weight=2166.7 32.1519 25.8697 11.8945 2134.55 54.1472 25.2557 2080.4 50.2716 10.9561 47.5149 14.4289 28.8915 2030.13
internal_count=15247 144 113 53 15103 354 126 14749 291 56 278 82 228 14458
is_linear=0
shrinkage=0.05


Tree=129
num_leaves=15
num_cat=0
split_feature=9 9 1 5 1 7 2 6 5 7 5 5 5 1
split_gain=2.59347 3.42544 3.07996 4.63171 4.15211 2.84276 2.08468 3.68133 3.35287 2.90251 5.71996 5.55355 9.21613 3.36955
threshold=-1.7097999999999998 -1.5655999999999997 0.13155000000000003 -0.99735714285714272 0.60750000000000004 -0.05149999999999999 0.95835000000000015 -0.55424999999999991 1.3854000000000002 -0.96749999999999992 0.29180714285714288 -0.24384999999999998 -0.2894571428571428 -1.1228499999999999
decision_type=2 2 2 2 2 2 2 2 2 2 2 2 2 2
left_child=5 2 3 -2 -4 -1 9 -8 -9 10 11 12 -3 -11
right_child=1 6 4 -5 -6 -7 7 8 -10 13 -12 -13 -14 -15
leaf_value=-0.026824315818413592 -0.0076690653097149092 -0.0092970110807699072 -0.036269982699452585 0.075253007818071649 0.025908369157772976 0.0086757294473158355 0.030830497785997842 0.0014573089965904751 0.026660836063923284 0.0103747856284704 0.049672966434405053 -0.034874894708891234 0.075535048913625169 -0.00087722639239996034
leaf_weight=16.894239470362667 2.3141799941658965 60.401529222261161 3.2075025811791402 3.8666226044297218 6.4453539177775383 7.6499018296599379 10.474713916890321 472.1996829919517 12.582081981003283 68.682914156932384 2.9047184810042372 19.773869309574366 2.381459327414631 1472.5112656289712
leaf_count=156 37 1430 22 25 31 39 138 2430 76 965 18 154 22 9731
internal_value=-1.57134e-05 0.000173449 0.0226393 0.0474615 0.00378217 -0.0158532 -4.77564e-06 0.00283216 0.00216498 -0.000869728 -0.00978423 -0.0124456 -0.00494539 -0.000369381
internal_weight=2162.29 2137.75 15.8337 6.1808 9.65286 24.5441 2121.91 495.256 484.782 1626.66 85.4616 82.5569 62.783 1541.19
internal_count=15274 15079 115 62 53 195 14964 2644 2506 12320 1624 1606 1452 10696
is_linear=0
shrinkage=0.05


Tree=130
num_leaves=15
num_cat=0
split_feature=9 9 3 1 11 11 9 9 1 9 3 3 5 2
split_gain=2.89421 5.39937 3.89731 6.26791 3.64466 3.01015 2.94091 4.12784 3.83896 3.39254 2.93388 6.03548 4.50322 3.73727
threshold=-0.78129999999999988 -1.0502999999999998 0.12500000000000003 -0.084899999999999989 0.41430000000000006 0.84520000000000006 -0.63624999999999987 -0.61839999999999995 -0.54854999999999987 -0.73269999999999991 0.54165000000000008 1.0000000180025095e-35 -0.29895714285714275 0.70835000000000015
decision_type=2 2 2 2 2 2 2 2 2 2 2 2 2 2
left_child=1 -1 3 -3 -4 -6 8 -8 9 -2 11 13 -13 -10
right_child=6 2 4 -5 5 -7 7 -9 10 -11 -12 12 -14 -15
leaf_value=0.0008444651858749261 -0.0058553536983276307 0.0422204988635023 0.011296725593114551 -0.012159736351130547 -0.029268927641563469 0.016190737419434803 -0.039600169833063387 0.00018053224111730241 -0.02308009693178522 0.053372508303931657 -0.0094082196726974383 0.072329008411019427 0.013487018151964264 0.029509097508994098
leaf_weight=130.05109244771302 3.1136032231152058 5.9045905526727465 6.7394442930817595 21.78606154024601 51.200877331197262 3.2963823825120917 5.5436528064310542 1887.7532555731013 10.198624391108753 7.5632523875683528 19.940418288111687 4.8049225285649291 8.7543942704796773 3.8779646158218375
leaf_count=972 38 57 36 127 382 26 39 13270 60 81 105 34 44 19
internal_value=-0.000226138 -0.0056631 -0.0150836 0.000503396 -0.0220267 -0.026277 0.000386518 4.32092e-05 0.0113554 0.0370781 0.00493839 0.0152571 0.0378742 -0.00759595
internal_weight=2170.53 218.978 88.9274 27.6907 61.2367 54.4973 1951.55 1893.3 58.2532 10.6769 47.5763 27.6359 13.5593 14.0766
internal_count=15290 1600 628 184 444 408 13690 13309 381 119 262 157 78 79
is_linear=0
shrinkage=0.05


Tree=131
num_leaves=15
num_cat=0
split_feature=7 9 10 7 7 2 7 3 4 7 7 5 9 5
split_gain=3.04798 6.17892 7.78754 5.58177 4.0528 3.44338 6.42255 5.06855 3.37646 2.83323 3.13906 2.71379 5.2541 3.45024
threshold=0.71250000000000002 0.51470000000000005 1.0000000180025095e-35 1.0135000000000003 0.95750000000000013 0.54165000000000008 0.76950000000000018 1.0000000180025095e-35 1.0000000180025095e-35 0.68750000000000011 0.66350000000000009 0.8794428571428573 -0.060249999999999991 0.81472500000000014
decision_type=2 2 2 2 2 2 2 2 2 2 2 2 2 2
left_child=9 2 -2 8 5 7 -7 -4 -3 10 11 13 -13 -1
right_child=1 3 4 -5 -6 6 -8 -9 -10 -11 -12 12 -14 -15
leaf_value=-1.4566937484580758e-05 -0.035566586213802001 0.0041775927712238555 -0.021516465351217304 -0.0093730173652286763 0.027948302906228802 0.026490396539515529 -0.039210871501012448 0.040552624065834104 0.038043800903652739 -0.025158742595127778 0.025628566598746821 -0.06769856494481237 -0.0039579179246453551 0.012851887721880444
leaf_weight=1658.3728895462118 13.060330122709273 10.121052324771879 4.7790343910455721 11.41835994273424 14.327356986701487 4.6080790087580672 10.781252104789017 6.955518864095211 28.872065253555775 10.483600437641142 10.64858268946409 2.2714661806821814 317.79845307022333 52.794073730707169
leaf_count=12770 65 47 22 78 80 24 61 32 192 55 54 10 1490 259
internal_value=3.3934e-05 0.00830494 -0.00336551 0.0207446 0.00737914 -0.00409332 -0.0191218 0.0155697 0.0295777 -0.000392742 -0.000253334 -0.000401562 -0.00461972 0.000389672
internal_weight=2157.29 104.923 54.5116 50.4115 41.4512 27.1239 15.3893 11.7346 38.9931 2052.37 2041.89 2031.24 320.07 1711.17
internal_count=15239 601 284 317 219 139 85 54 239 14638 14583 14529 1500 13029
is_linear=0
shrinkage=0.05


Tree=132
num_leaves=15
num_cat=0
split_feature=8 9 9 9 9 11 9 9 8 1 5 11 1 5
split_gain=2.68684 2.79472 2.48394 4.65072 4.43294 5.13366 4.83065 4.67144 4.24044 4.79736 3.52425 3.48694 2.93205 3.58443
threshold=0.50000000000000011 -0.90929999999999989 -0.78129999999999988 -1.0502999999999998 -0.34194999999999992 0.64585000000000015 -0.29759999999999992 -0.28359999999999991 0.70000000000000007 1.5377500000000002 0.19979285714285716 0.43650000000000005 0.49305000000000004 -0.050052142857142899
decision_type=2 2 2 2 2 2 2 2 2 2 2 2 2 2
left_child=1 -1 3 10 5 8 11 -8 12 -10 -2 -6 13 -4
right_child=2 -3 4 -5 6 -7 7 -9 9 -11 -12 -13 -14 -15
leaf_value=0.01922308261524678 0.0030715749861854463 -0.010846874885239556 0.010600750505735487 -0.013960147803854118 -0.0011532900178910321 -0.0070329220200554907 0.040592874122128281 0.00022594558731994725 0.033916583371927815 -0.0045183974568196285 -0.036019907993715947 -0.040160269478597299 -0.0021757306752913704 0.057979575336834691
leaf_weight=7.5651683174073687 121.18873330391943 86.508863653987646 56.686657771468163 82.585827626287937 10.532112725079061 43.5979781486094 6.1988307498395434 1626.9722390035167 34.183267807587981 10.272264674305914 5.0521937087178221 11.724803019315003 49.270070239901543 3.3906993716955176
leaf_count=42 925 468 462 595 63 279 41 11718 234 47 23 80 226 19
internal_value=-3.3827e-05 -0.00825198 0.000344989 -0.00481139 0.00092843 0.00799103 8.19371e-05 0.000403908 0.0122677 0.0251315 0.00123633 -0.0225452 0.0068576 0.0141803
internal_weight=2155.73 94.074 2061.66 208.827 1852.83 197.401 1655.43 1633.17 153.803 44.4555 126.241 22.2569 109.347 60.0774
internal_count=15222 510 14712 1543 13169 1267 11902 11759 988 281 948 143 707 481
is_linear=0
shrinkage=0.05


Tree=133
num_leaves=15
num_cat=0
split_feature=9 6 1 9 1 9 5 0 3 8 6 11 5 3
split_gain=1.8122 2.995 4.72571 3.16037 2.90952 2.41249 2.30265 2.18954 4.59727 7.29615 4.63627 6.18522 4.54786 4.00844
threshold=2.1062500000000006 2.0512500000000005 0.76650000000000007 1.9782500000000003 0.15565000000000004 1.9405500000000002 0.65496904761904773 0.62500000000000011 1.0000000180025095e-35 0.70000000000000007 1.3204000000000002 0.64585000000000015 0.30097500000000005 0.95835000000000015
decision_type=2 2 2 2 2 2 2 2 2 2 2 2 2 2
left_child=1 3 -3 5 6 7 -2 -1 -9 -10 11 -11 13 -12
right_child=4 2 -4 -5 -6 -7 -8 8 9 10 12 -13 -14 -15
leaf_value=-0.001010459873495648 -0.022598280171501214 0.048819915511274778 0.0055267591943239606 -0.02521155599154179 -0.04457480282169244 0.02588404543157883 0.018517490618582332 -0.0048323281197096999 0.0022046568723353452 0.034478817303370969 -0.04216724690462792 -0.009156291290299939 0.01841229488220119 0.012663483800013635
leaf_weight=1288.4252403769642 5.5065390616655367 6.823061875998973 34.222544897347689 11.130338348448275 4.811247691512107 8.2340516820549947 6.1475730985403061 175.88874926418066 553.85280442237854 43.832817170768976 7.1961254328489321 9.471644248813389 16.558627866208553 4.9951440431177616
leaf_count=11020 24 32 187 51 22 38 26 825 2730 206 32 47 92 23
internal_value=0.000369649 0.00049909 0.0137134 0.00023685 -0.015672 0.000383077 -0.00116021 0.000270828 0.00230314 0.00428126 0.0181027 0.0266995 0.00180189 -0.0204445
internal_weight=2177.1 2160.63 41.0456 2119.59 16.4654 2108.46 11.6541 2100.22 811.796 635.907 82.0544 53.3045 28.7499 12.1913
internal_count=15355 15283 219 15064 72 15013 50 14975 3955 3130 400 253 147 55
is_linear=0
shrinkage=0.05


Tree=134
num_leaves=15
num_cat=0
split_feature=6 8 9 11 11 6 2 1 6 9 2 5 2 9
split_gain=2.41047 6.69494 6.64176 10.1573 9.91624 6.98893 7.10939 6.62755 6.48487 4.97443 4.87394 10.7529 5.61763 7.29534
threshold=-0.26309999999999995 0.90000000000000013 -0.73269999999999991 0.38750000000000007 0.84520000000000006 -0.6571499999999999 0.37500000000000006 -1.3697999999999997 -0.27869999999999995 -0.29759999999999992 0.20835000000000001 -0.59362499999999996 0.70835000000000015 -0.35284999999999994
decision_type=2 2 2 2 2 2 2 2 2 2 2 2 2 2
left_child=1 2 4 -4 -1 6 -5 -8 9 -3 11 -7 -12 -14
right_child=-2 8 3 5 -6 10 7 -9 -10 -11 12 -13 13 -15
leaf_value=-0.011777044676812135 -0.00048531911419738127 0.036348029180195161 -0.018938598111606853 0.024492117501882123 0.07070916453157515 -0.017581147534030468 -0.0023156367814421981 0.097745665500738987 0.074788009244771483 -0.024861465180724154 -0.012037250278343804 0.064143345911251634 0.044020706892738078 -0.017880873519770777
leaf_weight=45.171744080260396 1973.1121099013835 2.8210407048463813 15.925757666584103 20.417108668014411 2.9605953488498917 5.6806782502681044 2.0176326758228242 7.1770654348656517 0.97922453656792541 30.805759173817933 23.617617025971413 10.361246140673755 12.970011010766031 6.5380605384707442
leaf_count=589 11188 36 422 697 35 76 80 119 23 1357 270 177 109 63
internal_value=3.04479e-05 0.0054334 0.00993072 0.0169475 -0.00536747 0.0235241 0.0430172 0.0777154 -0.0141501 -0.018825 0.0132156 0.03587 0.0041666 0.0234143
internal_weight=2160.56 187.444 152.838 104.705 48.1323 88.7794 29.6118 9.1947 34.606 33.6268 59.1676 16.0419 43.1257 19.5081
internal_count=15241 4053 2637 2013 624 1591 896 199 1416 1393 695 253 442 172
is_linear=0
shrinkage=0.05


Tree=135
num_leaves=15
num_cat=0
split_feature=5 5 7 11 2 5 7 1 1 3 8 5 9 5
split_gain=2.37012 3.89269 3.44449 2.68272 7.32447 6.68488 5.13639 4.17404 5.64332 6.68536 5.51485 6.40914 5.67705 5.2114
threshold=-1.3852499999999999 -1.3283499999999997 -1.0564999999999998 0.41430000000000006 1.0000000180025095e-35 -0.80614285714285716 -0.43649999999999994 0.95565000000000011 1.4535000000000002 0.29165000000000002 0.70000000000000007 0.58589047619047629 1.3477500000000002 0.42639444444444452
decision_type=2 2 2 2 2 2 2 2 2 2 2 2 2 2
left_child=-1 2 -2 4 -3 6 -6 10 13 -10 11 -7 -12 -9
right_child=1 3 -4 -5 5 7 -8 8 9 -11 12 -13 -14 -15
leaf_value=-0.023298841263344458 -0.023464323914631866 -0.01169122215171204 0.068172356245835411 -0.00069194608051684724 0.014286791331480335 0.0020145093416632869 0.11399395418859626 -0.035800759105192613 -0.01513424990331011 0.034186342726861059 0.037131685482257336 0.035815563454597403 -0.008790802935534945 0.0016992459532754697
leaf_weight=9.8669864269904775 0.84270462580025229 56.121570529416203 2.7341700261458746 1858.0966529250145 3.2407408691942692 119.44736386835575 1.6023301556706417 17.304615490138531 11.296362161636354 14.929501447826622 30.129869963973761 14.912429988384245 8.1582578495144826 18.584899298846722
leaf_count=733 45 652 73 12520 44 603 11 83 57 91 182 70 38 95
internal_value=-6.66489e-06 0.000110608 0.0461733 1.27192e-05 0.00442763 0.00823595 0.0611385 0.0068899 -0.00417591 0.0131667 0.0108723 0.00600293 0.027372 -0.0168622
internal_weight=2167.27 2157.4 3.57687 2153.82 295.728 239.606 4.84307 234.763 62.1154 26.2259 172.648 134.36 38.2881 35.8895
internal_count=15297 14564 118 14446 1926 1274 55 1219 326 148 893 673 220 178
is_linear=0
shrinkage=0.05


Tree=136
num_leaves=15
num_cat=0
split_feature=7 9 11 11 3 7 0 1 7 7 9 7 7 3
split_gain=2.57426 3.2216 6.32537 2.76584 2.43484 2.38845 2.26823 2.17976 2.06361 1.98717 8.38952 6.14167 4.71592 4.15465
threshold=-1.2074999999999998 0.16595000000000001 0.56350000000000011 0.30950000000000005 0.79165000000000008 -1.4554999999999998 1.1250000000000002 -1.7746499999999998 -1.3694999999999997 0.73950000000000016 0.54700000000000015 1.0135000000000003 0.95750000000000013 1.0000000180025095e-35
decision_type=2 2 2 2 2 2 2 2 2 2 2 2 2 2
left_child=1 3 5 4 -1 -3 9 -4 -9 -2 12 -12 13 -11
right_child=6 2 7 -5 -6 -7 -8 8 -10 10 11 -13 -14 -15
leaf_value=-0.013323887514352456 -5.8063368476076091e-05 0.0072907422180512015 -0.0072363650616767321 -0.027420786968394967 0.067289970891659043 -0.036886613098999065 0.037093775537722105 0.010718120220929848 0.056333656777286939 -0.038837330371837245 0.034858684380271107 -0.008456567681131448 0.012954490642246292 -0.00289598576779486
leaf_weight=1.5853747860528558 2022.8480920335278 4.0973142161965361 3.7024102024734011 24.671971316915005 0.63414930179715145 8.4545785859227198 3.1911430656909934 5.3624056354165068 4.7876663729548445 12.503440193831919 30.894944313913584 10.552674002945421 19.828183256089687 20.314727522432804
leaf_count=84 13817 34 31 660 5 51 23 41 32 59 197 75 111 105
internal_value=7.1705e-05 -0.0106787 0.0017742 -0.0225313 0.0234552 -0.0229919 0.000346856 0.0242522 0.035357 0.000273975 0.00733773 0.0238911 -0.00589688 -0.0173328
internal_weight=2173.43 53.2959 26.4044 26.8915 2.21952 12.5519 2120.13 13.8525 10.1501 2116.94 94.094 41.4476 52.6464 32.8182
internal_count=15325 938 189 749 89 85 14387 104 73 14364 547 272 275 164
is_linear=0
shrinkage=0.05


Tree=137
num_leaves=15
num_cat=0
split_feature=2 5 11 5 7 1 1 5 1 11 2 7 6 6
split_gain=2.33298 5.52003 4.84552 7.25853 5.89528 4.72823 9.49288 6.26707 5.44229 5.89424 4.60676 4.51858 4.5079 4.45445
threshold=0.12500000000000003 1.723257142857143 0.41430000000000006 -0.61001785714285706 -0.77249999999999985 0.68905000000000005 1.4535000000000002 0.42639444444444452 -0.26929999999999993 0.30950000000000005 0.45835000000000009 0.25750000000000006 1.0000000180025095e-35 0.11420000000000001
decision_type=2 2 2 2 2 2 2 2 2 2 2 2 2 2
left_child=-1 2 3 4 -2 8 7 -7 9 -5 -8 -3 -10 -14
right_child=1 11 -4 5 -6 6 10 -9 12 -11 -12 -13 13 -15
leaf_value=-0.0041193846301798677 -0.0096468522840584998 -0.0090362745871269308 -0.00091914304519694588 -0.011469410816031722 0.057788887327077966 -0.032868353072850631 -0.0057742778943321842 0.0019999477604563422 0.076049426870366324 0.029726254281947907 0.039570531494302778 0.041896097153404581 -0.037528482700242845 0.018035019229140178
leaf_weight=349.29577612224966 4.1241386961191884 5.855864658951762 1576.7294307043776 39.885240834206343 10.724987098015843 28.0191710293293 9.0704573094844836 22.985260061919689 2.2982545271515837 10.031276009976862 12.746573828160761 13.094411827623842 2.8730877414345732 74.501092176884413
leaf_count=4367 45 30 9646 205 75 133 43 118 16 56 83 86 16 346
internal_value=-0.000383857 0.000337735 4.68423e-05 0.00702943 0.0396326 0.00445453 -0.00568986 -0.0174186 0.010155 -0.00276946 0.0212915 0.0264933 0.0181864 0.0155193
internal_weight=2162.24 1812.94 1793.99 217.26 14.8491 202.41 72.8215 51.0044 129.589 49.9165 21.817 18.9503 79.6724 77.3742
internal_count=15265 10898 10782 1136 120 1016 377 251 639 261 126 116 378 362
is_linear=0
shrinkage=0.05


Tree=138
num_leaves=15
num_cat=0
split_feature=11 5 3 7 6 5 7 7 1 7 7 5 5 1
split_gain=2.17166 3.7026 2.7437 2.66849 3.29266 2.1865 2.23097 3.94094 2.52627 1.91685 4.48221 3.80079 5.26114 3.04815
threshold=0.25395000000000006 0.10851785714285712 1.0000000180025095e-35 0.17250000000000001 0.68400000000000005 0.018917857142857174 -0.63949999999999985 -0.71949999999999992 -0.18349999999999997 -1.1884999999999997 -1.3024999999999998 -1.0598499999999997 -0.99735714285714272 -1.2899999999999998
decision_type=2 2 2 2 2 2 2 2 2 2 2 2 2 2
left_child=1 5 3 4 -3 6 7 -1 -8 10 11 -2 -13 -11
right_child=9 2 -4 -5 -6 -7 8 -9 -10 13 -12 12 -14 -15
leaf_value=-0.015251612131306221 -0.034703359239816621 0.024510343917071145 0.049228698602048516 0.033734133029413131 -0.045792840909867648 -0.043639285440620408 -0.033536885410201549 0.074431149829494753 0.014701249641141749 0.0097481077760237997 -0.026544249591615367 0.083071978225380816 0.0031372506541891298 -5.4576113405962559e-05
leaf_weight=1.831286746542901 4.9611177495680741 2.1771350167691725 7.4695156998932353 4.2718331962823868 2.6896727606654167 1.9988022781908501 4.3408924983814359 1.5341235455125577 4.6687005385756493 81.570323229301721 21.187640222720802 1.2202153708785797 29.650374384596944 2003.4633773602545
leaf_count=35 300 25 47 22 17 13 63 14 32 1087 304 26 339 13016
internal_value=0.000277257 0.0132102 0.0286058 0.00855665 -0.015526 -0.00528233 0.00371261 0.0333155 -0.00956881 8.41226e-05 -0.0088803 0.00200167 0.00880422 0.000333412
internal_weight=2173.04 30.982 16.6082 9.13864 4.86681 14.3738 12.375 3.36541 9.00959 2142.05 57.0193 35.8317 30.8706 2085.03
internal_count=15340 268 111 64 42 157 144 49 95 15072 969 665 365 14103
is_linear=0
shrinkage=0.05


Tree=139
num_leaves=15
num_cat=0
split_feature=8 9 9 5 5 5 4 11 0 4 5 0 11 2
split_gain=2.482 3.07714 2.36748 2.82318 2.16882 4.24073 6.78704 4.1018 4.37916 3.60496 3.43399 2.07563 4.725 4.51205
threshold=0.50000000000000011 0.81210000000000016 1.6859500000000003 0.31093571428571432 0.45715000000000011 0.059323809523809522 1.0000000180025095e-35 0.41430000000000006 0.87500000000000011 1.0000000180025095e-35 -0.46443214285714279 0.87500000000000011 0.41430000000000006 0.29165000000000002
decision_type=2 2 2 2 2 2 2 2 2 2 2 2 2 2
left_child=1 4 -3 -4 5 7 -7 9 -9 -1 -11 -2 -13 -14
right_child=11 2 3 -5 -6 6 -8 8 -10 10 -12 12 13 -15
leaf_value=0.043317814626961111 0.00037087670760841394 -0.027268867835339328 -0.023062776305821316 0.028505132016678106 -0.029154014639315037 -0.029259012114483125 0.044909201578685248 -0.036922126736275485 0.0070917196172157436 0.029315289558632621 -0.021993119257725277 0.043242048234533592 -0.046916562256619859 0.012203984808697126
leaf_weight=5.0965092740952977 2042.4216230474412 24.774123515933752 4.3707125633954984 4.256871297955513 5.0577917173504821 3.4679529592394802 10.203795716166496 13.356150198727846 8.8610847294330597 4.1346270777285108 7.9711923673748961 8.2557686790823954 3.1871230900287655 13.08876848220825
leaf_count=34 14561 127 22 22 26 18 59 80 45 21 43 66 16 100
internal_value=0.000189737 -0.00782113 -0.0196748 0.00269894 -0.000794684 0.00239602 0.0253839 -0.00600752 -0.0198184 0.0119384 -0.00356952 0.00054817 0.0147163 -0.00141853
internal_weight=2158.5 91.5508 33.4017 8.62758 58.1491 53.0913 13.6717 39.4196 22.2172 17.2023 12.1058 2066.95 24.5317 16.2759
internal_count=15240 497 171 44 326 300 77 223 125 98 64 14743 182 116
is_linear=0
shrinkage=0.05


Tree=140
num_leaves=15
num_cat=0
split_feature=1 1 6 7 1 11 2 9 11 1 1 6 0 7
split_gain=2.53985 3.58106 2.82778 7.09657 3.2444 5.66366 3.07331 4.15117 4.17985 2.79682 4.20651 3.89707 3.5202 3.30992
threshold=-1.1374999999999997 -0.99114999999999986 -0.76334999999999986 -0.6974999999999999 -0.87924999999999986 0.69050000000000011 0.12500000000000003 -0.87754999999999994 0.69050000000000011 -0.35364999999999996 -0.40094999999999997 2.0512500000000005 0.62500000000000011 -0.27649999999999997
decision_type=2 2 2 2 2 2 2 2 2 2 2 2 2 2
left_child=-1 -2 3 6 -5 -6 -3 -8 -9 10 11 13 -12 -4
right_child=1 2 9 4 5 -7 7 8 -10 -11 12 -13 -14 -15
leaf_value=0.0058313892489616492 -0.014655673016469082 -0.041877130500344854 -0.001838269462603652 0.0086610469901602198 0.080911296038215563 -0.0071736250147737286 -0.02858391746178884 0.081648270428896497 -0.013407267518119104 -3.0175537731922912e-05 -0.038464137714121598 0.032636747610011431 -0.0016488203359193852 -0.017433199125328116
leaf_weight=149.29841634165496 45.271828728727996 4.416488762013616 203.34499902371317 6.1868802588433027 5.6397502999752742 2.3056125976145267 3.1185810156166553 1.6247323090210559 1.6344246696680782 1671.9642577692866 15.651444844901562 6.3000062257051459 10.7957713752985 39.938572362065315
leaf_count=2108 596 198 1918 122 82 53 54 42 53 9539 190 27 56 250
internal_value=-0.000439475 -0.000906029 -0.000583256 0.0158215 0.0380488 0.057406 -0.014038 0.00830325 0.0420234 -0.000801181 -0.00545432 -0.0033964 -0.0240437 -0.00445929
internal_weight=2167.49 2018.19 1972.92 24.9265 14.1322 7.94536 10.7942 6.37774 3.25916 1948 276.031 249.584 26.4472 243.284
internal_count=15288 13180 12584 604 257 135 347 149 95 11980 2441 2195 246 2168
is_linear=0
shrinkage=0.05


Tree=141
num_leaves=15
num_cat=0
split_feature=0 5 9 7 9 7 7 7 9 7 9 7 11 7
split_gain=2.53536 2.9513 3.7472 2.58824 3.06171 2.57197 2.2525 4.53173 2.16286 2.08459 3.43548 3.04269 4.45698 6.05806
threshold=0.87500000000000011 0.15088333333333334 0.8267500000000001 -0.37449999999999994 -1.0000000180025095e-35 0.13850000000000004 0.37550000000000006 0.14750000000000002 1.1238500000000002 -1.4994999999999998 0.37780000000000008 -1.3024999999999998 0.56350000000000011 -1.4554999999999998
decision_type=2 2 2 2 2 2 2 2 2 2 2 2 2 2
left_child=9 2 3 -2 -5 -6 7 -3 -4 10 -1 12 13 -11
right_child=1 6 8 4 5 -7 -8 -9 -10 11 -12 -13 -14 -15
leaf_value=-0.034896507064085598 0.032097405152919589 0.03089063286701324 -0.044860221858594201 -0.022742042526075069 -0.0085237954388052897 0.042256501238966432 0.045053257213453261 -0.037801254961584076 -0.0034222068663553326 0.056225414351580454 0.010588432712900954 -0.00016337143918465822 0.039251971512065276 -0.031942152295247044
leaf_weight=9.6957872239872795 10.189758732914925 6.1000352501869219 3.9204146191477767 6.8281643614172927 4.1013608872890472 4.4144231788814068 8.0618517696857435 2.6581689491868019 9.2640395089983922 1.6985457255505023 6.1717946752905837 2063.4813347361051 10.712512409314511 6.1191732697188881
leaf_count=306 46 46 21 40 22 33 86 21 49 33 52 14231 160 95
internal_value=0.000162167 0.0106105 0.00278434 0.0138106 0.000445619 0.0194741 0.0274582 0.00830493 -0.0180378 -0.000119359 -0.017626 2.24613e-05 0.0196651 -0.00858214
internal_weight=2153.42 55.5382 38.7182 25.5337 15.3439 8.51578 16.8201 8.7582 13.1845 2097.88 15.8676 2082.01 18.5302 7.81772
internal_count=15241 364 211 141 95 55 153 67 70 14877 358 14519 288 128
is_linear=0
shrinkage=0.05


Tree=142
num_leaves=15
num_cat=0
split_feature=5 1 0 1 9 5 2 11 2 11 3 5 5 1
split_gain=2.99232 3.09813 3.96386 2.44889 7.16402 5.26672 4.10351 3.43663 3.25136 2.99308 2.65409 3.20637 2.06944 1.78651
threshold=-1.4208821428571425 -1.2899999999999998 1.1250000000000002 -1.3499999999999999 -0.22639999999999996 -0.14046249999999996 1.0000000180025095e-35 0.52780000000000016 0.54165000000000008 0.41430000000000006 1.0000000180025095e-35 -0.42850714285714275 -0.59362499999999996 -0.9777499999999999
decision_type=2 2 2 2 2 2 2 2 2 2 2 2 2 2
left_child=-1 3 13 5 -5 6 7 -2 -7 12 -6 -12 -8 -3
right_child=1 2 -4 4 10 8 9 -9 -10 -11 11 -13 -14 -15
leaf_value=-0.028741451073845264 0.07189598669733592 -0.007423667868652473 0.047935645402416696 0.070228324091103189 0.036632073249881263 -0.00069661533174862221 0.047505650701129061 -0.0058829307902012167 0.050313022158632384 -0.0068695225620360734 -0.044831809030166953 0.013617560816281541 -0.0011426845507740944 -0.0001781256250990474
leaf_weight=8.0706588346511108 2.4767046682536593 87.923816293478012 3.2342839911580077 4.9035983532667151 2.6798522993922216 4.6551170200109473 3.5800168691202998 2.1637024702504277 8.3326423391699773 64.344373605214059 3.3462431272491804 4.3497177660465249 4.0945512056350699 1967.2075880542397
leaf_count=659 44 1167 24 45 56 22 28 60 38 587 58 22 20 12508
internal_value=-8.34232e-05 3.67226e-05 -0.000392235 0.00837594 0.0262541 0.00507279 -7.44297e-05 0.0410164 0.0332872 -0.00324751 0.00112526 -0.0140295 0.024411 -0.000491568
internal_weight=2171.36 2163.29 2058.37 104.927 15.2794 89.6471 76.6593 4.64041 12.9878 72.0189 10.3758 7.69596 7.67457 2055.13
internal_count=15338 14679 13699 980 181 799 739 104 60 635 136 80 48 13675
is_linear=0
shrinkage=0.05


Tree=143
num_leaves=15
num_cat=0
split_feature=9 6 2 7 7 1 9 8 7 3 6 3 5 9
split_gain=2.16247 3.59913 5.217 4.7065 3.89502 3.00594 3.39943 2.85789 2.77011 3.51187 2.25748 6.93574 4.55029 4.31157
threshold=2.1062500000000006 2.0512500000000005 0.20835000000000001 0.5335000000000002 0.64150000000000007 0.15565000000000004 2.1969000000000007 0.70000000000000007 0.79750000000000021 0.29165000000000002 1.62985 1.0000000180025095e-35 1.3393928571428575 1.4713000000000003
decision_type=2 2 2 2 2 2 2 2 2 2 2 2 2 2
left_child=1 10 7 -4 -5 6 -2 -3 -6 -10 13 12 -12 -1
right_child=5 2 3 4 8 -7 -8 -9 9 -11 11 -13 -14 -15
leaf_value=-1.5179875254279328e-05 -0.028832332185654144 0.01032260307956593 0.052146496521179031 -0.028726103081432777 0.04925769160416732 -0.047622568509373082 0.020722537520873746 -0.035155666097806702 0.033300797792081428 -0.025705234869551022 -0.022739768613314251 0.00098833773692161894 0.0056915593069565666 0.012970049024283751
leaf_weight=1776.9049389297143 5.5910497456789034 6.5561413466930372 10.160004302859308 4.0431914776563671 4.7856340929865828 4.6332581639289847 6.3020780682563782 5.574260950088501 3.9400790780782682 4.1641087308526039 63.323790594935417 179.17551166564226 17.567735314369202 65.311297208070755
leaf_count=13384 24 30 50 21 28 21 27 25 25 31 301 897 86 309
internal_value=-2.41584e-05 0.00011894 0.0149344 0.0268335 0.00958454 -0.0175158 -0.00300298 -0.0116618 0.0228045 0.00348894 -0.000164449 -0.00451591 -0.0165711 0.000451967
internal_weight=2158.03 2141.51 39.2234 27.093 16.933 16.5264 11.8931 12.1304 12.8898 8.10419 2102.28 260.067 80.8915 1842.22
internal_count=15259 15187 210 155 105 72 51 55 84 56 14977 1284 387 13693
is_linear=0
shrinkage=0.05


Tree=144
num_leaves=15
num_cat=0
split_feature=9 9 9 1 9 11 6 5 5 6 6 6 1 3
split_gain=2.00538 5.73708 6.32849 5.73171 4.49337 4.30135 3.64138 4.45532 4.61217 3.59976 4.02455 6.07402 4.38549 3.60157
threshold=-0.78129999999999988 -0.34194999999999992 -0.29759999999999992 1.0000000180025095e-35 -0.98244999999999993 0.58570000000000011 0.17395000000000002 -0.60106428571428561 -0.52203452380952375 -0.38299999999999995 1.4833500000000004 1.2746500000000001 -0.34094999999999992 0.45835000000000009
decision_type=2 2 2 2 2 2 2 2 2 2 2 2 2 2
left_child=4 3 -3 -2 5 9 -5 -8 -9 -1 11 12 -11 -12
right_child=1 2 -4 6 -6 -7 7 8 -10 10 13 -13 -14 -15
leaf_value=-0.024934536718980715 0.019370122105769057 -0.025781004034915712 2.6205985340015036e-05 -0.024391954336473506 -0.015109623910333117 0.014203184227495775 0.066004387297047926 -0.057266802024339064 0.0047118420777551425 0.04531506504493716 -0.00039153060262849806 0.045703879751977483 -0.0039248597061740343 -0.049840265276280132
leaf_weight=17.384438972920179 75.123894752934575 23.089571747928858 1711.0788681050763 10.79127302020788 66.955252612009645 40.093922607600689 1.8959755301475514 2.080617055296897 120.28220345079899 3.8299802765250197 7.4980560094118101 6.7573352754116049 69.962169580161572 6.2663098275661469
leaf_count=262 652 148 12187 74 476 294 8 9 580 26 35 31 447 28
internal_value=0.000103884 0.000615276 -0.000332064 0.00839644 -0.00442375 0.000357804 0.00219464 0.00467985 0.00320231 -0.0046939 -0.000740579 0.00361614 -0.000797486 -0.0247543
internal_weight=2163.09 1944.34 1734.17 210.174 218.747 151.792 135.05 124.259 122.363 111.698 94.3139 80.5495 73.7921 13.7644
internal_count=15257 13658 12335 1323 1599 1123 671 597 589 829 567 504 473 63
is_linear=0
shrinkage=0.05


Tree=145
num_leaves=15
num_cat=0
split_feature=7 7 7 1 5 6 5 5 1 11 5 11 5 5
split_gain=1.85436 3.88101 3.3383 5.78015 3.19892 2.29581 2.07826 3.71943 1.5399 2.19857 2.63354 1.48195 3.42521 5.03571
threshold=-1.2294999999999998 -1.3024999999999998 -1.3344999999999998 -1.0329499999999998 0.075023809523809479 -0.37059999999999993 -0.87349166666666667 -0.70186547619047623 -0.52399999999999991 0.56350000000000011 -0.32541666666666663 0.21110000000000004 0.36018750000000005 0.59462380952380955
decision_type=2 2 2 2 2 2 2 2 2 2 2 2 2 2
left_child=1 2 5 -4 -3 -1 -7 -8 9 -9 -11 12 -2 -14
right_child=11 4 3 -5 -6 6 7 8 -10 10 -12 -13 13 -15
leaf_value=-0.029380851985000601 -0.001627438856362715 -0.043202917309316004 0.071527603554187094 -0.023692752609912594 0.027029367469600198 -0.030621275139324527 0.045193830854270693 -0.032850818239920608 0.022421512052470696 0.02951457343695605 -0.024377503044356569 0.00026956976154639739 0.063744158551657673 -0.0012036956751369675
leaf_weight=7.745134775992482 19.409477292560045 9.9119920735247415 2.7717748302966356 2.0933174500241902 1.20940901339054 3.4123291689902571 3.924650531262162 5.6711066812276894 3.2431604824960187 4.1290703006088796 3.1009186580777106 2079.8557575349696 5.1615923307836038 5.7175807505846024
leaf_count=379 188 173 35 28 7 54 41 43 32 39 21 14145 36 36
internal_value=0.000210854 -0.00948506 -0.00122915 0.0335028 -0.0339656 -0.00751211 0.000606653 0.00711773 -0.00423472 -0.0120666 0.00624693 0.000432183 0.011233 0.0323827
internal_weight=2157.36 47.2129 36.0915 4.86509 11.1214 31.2264 23.4812 20.0689 16.1443 12.9011 7.22999 2110.14 30.2887 10.8792
internal_count=15257 852 672 63 180 609 230 176 135 103 60 14405 260 72
is_linear=0
shrinkage=0.05


Tree=146
num_leaves=15
num_cat=0
split_feature=8 9 9 1 9 9 11 1 1 2 2 0 2 2
split_gain=1.39775 4.42029 3.40789 4.16336 2.89561 2.6039 2.58693 3.35655 2.88393 2.83008 2.59573 2.4163 3.44205 2.38162
threshold=0.50000000000000011 0.23170000000000004 0.11105000000000001 1.5831000000000002 -0.90929999999999989 -0.59194999999999987 0.30950000000000005 -0.26929999999999993 -0.9777499999999999 0.54165000000000008 0.95835000000000015 0.87500000000000011 0.20835000000000001 0.45835000000000009
decision_type=2 2 2 2 2 2 2 2 2 2 2 2 2 2
left_child=1 2 3 4 -1 -6 10 8 -8 -9 -3 -2 -13 -7
right_child=11 6 -4 -5 5 13 7 9 -10 -11 -12 12 -14 -15
leaf_value=0.035325795869112234 0.00018790076299240899 -0.037508219096602208 0.046983742593304734 -0.041728981224830715 -0.027071747527578752 -0.011677573652571318 0.0045615891377314734 -0.014074156380198386 -0.045028184199055854 0.017640504605906833 0.0045890169996123968 -0.026242336367557809 0.023093773791808752 0.026433450921735921
leaf_weight=6.6686678566038635 2034.8480941210873 15.520441681146623 3.8686768002808085 3.6997985467314711 5.5856619998812738 6.4307031426578751 4.2955074608325958 11.684523716568949 7.2112410515546781 14.856926701962946 4.4447450414299956 3.3393449783325222 21.281769316643476 8.4933539107441884
leaf_count=36 14557 75 21 22 32 41 23 57 34 83 26 18 167 50
internal_value=0.000108489 -0.00586209 0.00809629 0.00190312 0.00911287 -0.000656255 -0.0142179 -0.00625845 -0.0276316 0.00367447 -0.0283645 0.000380124 0.0156393 0.0103095
internal_weight=2152.23 92.7602 34.7469 30.8782 27.1784 20.5097 58.0134 38.0482 11.5067 26.5415 19.9652 2059.47 24.6211 14.9241
internal_count=15242 500 202 181 159 123 298 197 57 140 101 14742 185 91
is_linear=0
shrinkage=0.05


Tree=147
num_leaves=15
num_cat=0
split_feature=1 2 7 7 11 7 5 7 6 7 6 1 5 11
split_gain=3.3939 2.48672 2.58295 2.00738 3.75503 5.34033 3.42878 2.94921 4.58399 4.17451 4.03305 2.46785 4.76003 2.24701
threshold=2.1167500000000001 0.87500000000000011 0.54950000000000021 -1.2294999999999998 0.56350000000000011 -1.4554999999999998 -1.0598499999999997 -1.3694999999999997 0.56855000000000011 -1.3024999999999998 0.36360000000000009 -1.9572499999999997 -0.56189999999999996 0.69050000000000011
decision_type=2 2 2 2 2 2 2 2 2 2 2 2 2 2
left_child=3 2 -2 4 5 -1 -6 8 -8 10 -9 12 13 -5
right_child=1 -3 -4 11 6 -7 7 9 -10 -11 -12 -13 -14 -15
leaf_value=0.0041546834892496904 0.038764972772514221 0.051044991670375975 -0.0017155456932228072 0.016133855744139919 -0.039433790316905151 -0.046025099788156498 -0.027793465582573687 0.086718421823805666 0.030209874891547635 -0.0044611792493495575 0.00072448015191345534 -0.00055901031526090709 0.064385591472168588 -0.038935431298542836
leaf_weight=8.5878118397668022 4.4640716388821664 3.7630187496542922 13.853497698903082 4.2520186947658658 3.2534674378111985 12.2386581688188 8.1967299422249216 2.8860289808362722 4.4413303583860406 5.0387566359713638 2.1265379786491394 2074.8692488344386 3.2738493382930738 1.8716438766568897
leaf_count=190 22 25 72 61 202 191 132 36 30 60 12 14164 15 38
internal_value=-0.000463758 0.018607 0.00964577 -0.000669993 -0.0108044 -0.0260911 0.00198041 0.0093328 -0.00668915 0.0282605 0.0564244 -0.000437513 0.0238616 -0.00380049
internal_weight=2153.12 22.0806 18.3176 2131.04 46.7693 20.8265 25.9429 22.6894 12.6381 10.0513 5.01257 2084.27 9.39751 6.12366
internal_count=15250 119 94 15131 853 381 472 270 162 108 48 14278 114 99
is_linear=0
shrinkage=0.05


Tree=148
num_leaves=15
num_cat=0
split_feature=6 11 9 9 6 11 3 3 8 6 5 1 7 7
split_gain=2.93875 3.21911 2.689 3.42619 2.35954 4.32214 2.86656 2.56853 2.32524 3.60384 10.6549 6.44717 4.74071 6.27632
threshold=2.0512500000000005 0.76390000000000013 1.9782500000000003 1.9405500000000002 2.2658000000000005 0.43650000000000005 0.70835000000000015 0.87500000000000011 0.70000000000000007 0.44620000000000004 -0.050052142857142899 -0.40094999999999997 -0.49349999999999994 -0.74949999999999994
decision_type=2 2 2 2 2 2 2 2 2 2 2 2 2 2
left_child=2 4 3 8 6 -6 -2 -8 9 10 -1 -12 13 -13
right_child=1 -3 -4 -5 5 -7 7 -9 -10 -11 11 12 -14 -15
leaf_value=-0.0014722161303633052 0.027804721041150227 -0.026553333175449174 -0.025646230865515658 0.031235843537338881 -0.030301319030978015 0.029637345015412722 -0.028926086373827112 0.016374054501206058 0.0014693836677621829 -0.003554866697390538 0.087039318325728837 -0.0047609401464773944 0.0067316787836121487 0.058889015205606625
leaf_weight=275.88740733964369 29.680351689457893 4.3145570382475844 9.6361933872103673 7.5016853958368293 6.3333534747362119 4.126542866230011 4.1865070909261686 6.8968310989439487 835.15932202665135 914.48962728120387 2.6922803074121466 5.4817296862602261 34.8599598929286 11.133755650371311
leaf_count=2789 146 22 44 35 32 21 22 41 7297 4417 16 38 221 75
internal_value=-0.000266215 0.0109827 -0.000569255 -0.000441254 0.0145923 -0.00613209 0.0199297 -0.00171494 -0.000570473 -0.00193941 0.00253377 0.022594 0.0176289 0.0388116
internal_weight=2152.38 55.5381 2096.84 2087.21 51.2236 10.4599 40.7637 11.0833 2079.7 1244.54 330.055 54.1677 51.4754 16.6155
internal_count=15216 284 14932 14888 262 53 209 63 14853 7556 3139 350 334 113
is_linear=0
shrinkage=0.05


Tree=149
num_leaves=15
num_cat=0
split_feature=6 6 7 7 11 2 11 6 1 11 5 7 8 10
split_gain=2.18738 1.67056 4.00859 4.4042 4.28608 4.03445 2.47772 2.24431 1.45965 3.62429 1.58109 1.34631 3.92313 11.693
threshold=-1.6917999999999997 -1.1952499999999999 -0.7124999999999998 -0.43149999999999994 0.47220000000000006 0.95835000000000015 0.76390000000000013 -1.5224 -2.0049999999999994 0.64585000000000015 -1.2274749999999999 -0.34349999999999997 0.90000000000000013 1.0000000180025095e-35
decision_type=2 2 2 2 2 2 2 2 2 2 2 2 2 2
left_child=-1 2 5 4 -4 7 -6 -2 9 -3 -10 12 -12 -14
right_child=1 8 3 -5 6 -7 -8 -9 10 -11 11 -13 13 -15
leaf_value=-0.037377062404640081 0.023289561357197473 0.035769059425716641 0.00045585236822620666 -0.017536381108357937 0.11030199465397539 0.065356389325763195 0.0050407916247523759 -0.031229702783874831 -0.026176622907974286 -0.022365460370495048 -0.00021278983270663424 0.0011849679174936831 -0.020850188992639337 0.035079198236787172
leaf_weight=2.8257531262934199 1.7104145679622869 7.4142517521977407 1.8860805239528415 1.8352140970528115 2.3734362423419957 0.69931218307465393 0.78911938425153483 6.5272710649296624 4.6476076180115333 3.1292487494647503 615.31727952044457 1435.4222657568753 60.980529402848333 10.073217207565902
leaf_count=311 148 60 54 41 55 14 30 375 96 30 4850 7520 1586 74
internal_value=0.000397245 0.000464158 0.0161599 0.0422017 0.063226 -0.00612752 0.091558 -0.018614 0.000340453 0.0180723 0.00024408 0.000314257 -0.00150575 -0.0125443
internal_weight=2155.63 2152.81 15.8208 6.88385 5.04864 8.937 3.16256 8.23769 2136.98 10.5435 2126.44 2121.79 686.371 71.0537
internal_count=15244 14933 717 180 139 537 85 523 14216 90 14126 14030 6510 1660
is_linear=0
shrinkage=0.05


Tree=150
num_leaves=15
num_cat=0
split_feature=7 6 7 7 1 1 4 9 3 7 6 7 1 7
split_gain=3.35588 1.62346 4.60774 6.30561 3.66386 4.43721 2.88377 6.43722 6.80731 6.62637 4.83238 7.5094 3.05365 2.82229
threshold=1.2650000000000003 -0.30994999999999995 -0.77949999999999997 -0.76549999999999996 -1.4095999999999997 -1.3099999999999998 1.0000000180025095e-35 -0.76794999999999991 0.29165000000000002 -1.2074999999999998 -0.53884999999999994 -1.0014999999999998 -1.0042499999999996 -1.0174999999999998
decision_type=2 2 2 2 2 2 2 2 2 2 2 2 2 2
left_child=1 2 6 -4 -5 -6 13 -8 9 -9 11 12 -10 -1
right_child=-2 -3 3 4 5 -7 7 8 10 -11 -12 -13 -14 -15
leaf_value=0.00039395185511428995 0.031528383251584247 -0.00045670854979473936 0.077676107515194812 -0.025977752416898259 0.058026451740439904 0.0085704250579466037 -0.025619798900689203 -0.028006078526420803 -0.039277645050370215 0.087321225760791432 -0.019389092581460675 0.078893337226285096 0.034211697216293989 -0.031001383971164573
leaf_weight=12.430647227447482 7.4437644444406024 1981.4235943593085 2.4402004517614833 6.219696480780839 3.817311597056686 94.04549575317651 11.397504520602523 1.102347425650805 2.8005762137472647 4.2796999765560058 10.013510271906851 3.1569446865469226 1.3242845274507997 15.798194690607486
leaf_count=697 52 11338 62 193 63 1555 200 38 94 66 119 55 28 712
internal_value=6.87068e-05 -5.48059e-05 0.00463702 0.0109166 0.00862713 0.011067 -0.00610222 0.00368307 0.0188705 0.0630129 0.0024407 0.0311762 -0.0136121 -0.0176359
internal_weight=2157.69 2150.25 168.826 106.523 104.083 97.8628 62.3037 34.0749 22.6774 5.38205 17.2953 7.28181 4.12486 28.2288
internal_count=15272 15220 3882 1873 1811 1618 2009 600 400 104 296 177 122 1409
is_linear=0
shrinkage=0.05


Tree=151
num_leaves=15
num_cat=0
split_feature=8 9 5 5 11 7 7 5 6 9 7 9 3 9
split_gain=2.54544 4.05604 3.07683 3.01507 4.99689 2.8624 5.14418 2.71058 3.11888 2.51721 4.02693 2.54538 2.40742 3.0859
threshold=0.50000000000000011 -0.86429999999999996 -0.62751785714285691 -0.28025714285714282 0.38750000000000007 -0.53849999999999987 -0.20749999999999996 0.45715000000000011 1.6063500000000002 -1.7097999999999998 -0.068499999999999991 -1.5655999999999997 0.62500000000000011 1.16185
decision_type=2 2 2 2 2 2 2 2 2 2 2 2 2 2
left_child=1 -1 -3 4 -4 -5 -7 12 -9 10 -2 -11 -8 -14
right_child=9 2 3 5 -6 6 7 8 -10 11 -12 -13 13 -15
leaf_value=0.022034890697945241 -0.030122666032050521 0.0249749976466003 -0.0014430784306495009 0.019200432793227806 -0.056178200021185759 -0.043049074263950743 0.015055193179385688 -0.041194154702730433 0.0046812951316650541 0.020774283867031597 0.011534838894513526 0.00051770077750467702 0.0032385933281211306 -0.042773486456273657
leaf_weight=9.2581199631094915 15.164891079999508 4.5955540519207707 7.4378976076841381 7.2831542119383803 8.6492560692131502 10.090082503855227 17.6673978343606 8.0743431076407415 5.9474761188030234 14.629794646054505 8.3739506229758245 2009.784217504086 11.414082154631613 4.2687828168272963
leaf_count=51 149 29 39 37 49 49 92 39 31 109 43 14412 69 26
internal_value=0.000109453 -0.00786166 -0.0113191 -0.0136625 -0.0324369 -0.00857526 -0.0123639 -0.00507329 -0.0227194 0.000481651 -0.0154369 0.000674273 0.00279128 -0.0110988
internal_weight=2142.64 94.6861 85.428 80.8325 16.0872 64.7453 57.4622 47.3721 14.0218 2047.95 23.5388 2024.41 33.3503 15.6829
internal_count=15224 511 460 431 88 343 306 257 70 14713 192 14521 187 95
is_linear=0
shrinkage=0.05


Tree=152
num_leaves=15
num_cat=0
split_feature=6 9 5 7 8 7 2 9 9 2 5 6 7 5
split_gain=1.85355 6.44847 5.56675 4.32754 5.78559 4.48745 3.89651 5.98553 17.5405 5.77891 8.1742 10.1583 5.63815 7.60104
threshold=0.38750000000000007 0.36710000000000004 -0.23545714285714281 -0.66549999999999987 0.90000000000000013 -0.64549999999999985 0.12500000000000003 -1.0000000180025095e-35 -0.5220999999999999 0.29165000000000002 -0.79242380952380931 0.16085000000000002 -0.87149999999999983 -0.3163305555555555
decision_type=2 2 2 2 2 2 2 2 2 2 2 2 2 2
left_child=1 6 -3 4 -2 -5 7 8 -1 10 -8 12 -12 -14
right_child=3 2 -4 5 -6 -7 9 -9 -10 -11 11 -13 13 -15
leaf_value=-0.015068896867193583 -0.012005198501472109 0.08214800002830519 0.002230172169289888 0.034426682937354326 0.033298312319811993 -0.0004452598174828699 -0.012811144344800657 -0.012385167550014725 0.06332524306027304 0.0012405949616211044 -0.005159963727199051 -0.002739676391416538 0.07125111259023123 0.01834321052591872
leaf_weight=19.124101578257982 127.5274020023644 3.6832643151283264 4.182369925081729 8.2830768637359125 6.5058172196149817 1485.9588051475585 16.933036899659783 91.792304310016334 10.121711339801548 323.66822628024966 5.164566120132803 19.283632196485996 17.073525443673134 12.31690605171025
leaf_count=215 713 19 23 43 40 7380 381 2725 92 3010 84 147 198 156
internal_value=-0.000171792 0.00241399 0.0446983 -0.00100386 -0.00957591 -0.000229058 0.00168348 -0.00613096 0.0132593 0.00409087 0.0169275 0.0263437 0.0421945 0.0504117
internal_weight=2151.62 523.344 7.86563 1628.28 134.033 1494.24 515.478 121.038 29.2458 394.44 70.7717 53.8386 34.555 29.3904
internal_count=15226 7050 42 8176 753 7423 7008 3032 307 3976 966 585 438 354
is_linear=0
shrinkage=0.05


Tree=153
num_leaves=15
num_cat=0
split_feature=11 1 3 1 2 1 6 1 7 11 7 6 6 7
split_gain=2.26355 2.05931 4.77287 5.8354 3.70564 2.56088 2.23487 2.13952 2.15984 4.58189 7.55327 3.73838 3.93295 4.42728
threshold=0.87300000000000011 0.79005000000000014 0.12500000000000003 1.0616000000000003 0.70835000000000015 0.67435000000000012 1.3889000000000002 0.62050000000000016 -0.17249999999999996 0.94445000000000012 -0.26549999999999996 -0.028049999999999995 0.28340000000000004 -0.46849999999999997
decision_type=2 2 2 2 2 2 2 2 2 2 2 2 2 2
left_child=-1 5 3 -3 6 7 -4 8 9 -2 11 -11 13 -13
right_child=1 2 4 -5 -6 -7 -8 -9 -10 10 -12 12 -14 -15
leaf_value=0.00039433379943220578 -0.041724798137156564 0.065313922715084058 -0.054512204498641137 -2.7492721710490538e-05 0.0055974086159954915 -0.048342195306084551 -0.0053025357805778642 0.031942295934148809 -0.036887800500920831 -0.033566190785870212 0.07433214454973526 0.096381171768527549 -0.011824750995726958 -0.010170141700202083
leaf_weight=2086.3403027262539 5.5475799324922326 4.0191467031836501 5.5561044663190859 10.701158657670019 9.8830049559473974 4.6021470576524726 3.9240264743566513 1.7688032314181317 6.9719218574464348 6.5198436905630013 2.4072639085352359 1.3333585727959874 5.1034509055316448 1.3782400749623764
leaf_count=14552 49 20 29 48 47 26 19 12 46 258 23 22 51 25
internal_value=9.63233e-05 -0.00870148 0.000140167 0.0208328 -0.0158414 -0.0169317 -0.0365928 -0.0109093 -0.0144696 -0.00617468 0.00729278 -0.00807828 0.0145811 0.054075
internal_weight=2156.06 69.7161 34.0834 14.7203 19.3631 35.6326 9.48013 31.0305 29.2617 22.2897 16.7422 14.3349 7.81505 2.7116
internal_count=15227 675 163 68 95 512 48 486 474 428 379 356 98 47
is_linear=0
shrinkage=0.05


Tree=154
num_leaves=15
num_cat=0
split_feature=9 3 6 2 7 5 5 5 9 2 0 3 8 7
split_gain=2.21385 3.67856 3.23852 4.16045 4.16435 3.2249 2.98985 2.81865 2.3896 3.34734 1.64639 4.1764 6.78293 4.09463
threshold=2.1062500000000006 0.12500000000000003 2.0512500000000005 0.12500000000000003 0.54950000000000021 0.65496904761904773 1.0918226190476192 0.91096785714285733 0.27975000000000005 0.87500000000000011 0.62500000000000011 1.0000000180025095e-35 0.70000000000000007 -0.46249999999999997
decision_type=2 2 2 2 2 2 2 2 2 2 2 2 2 2
left_child=2 -2 10 7 -5 -3 8 -4 9 -6 -1 13 -13 -12
right_child=1 5 3 4 6 -7 -8 -9 -10 -11 11 12 -14 -15
leaf_value=-0.00089374245983642609 0.014914775658276284 -0.054945559479667117 0.013187192553988529 0.04364980609083953 -0.011770893292292538 -0.0037562519841033968 0.042257780814854956 -0.038108415811246674 -0.032986106819476772 0.041130470320574736 -0.022794845452555966 0.0019262928101608644 0.017572594669522875 -0.0015778429262929376
leaf_weight=1284.0520747180562 5.5138483643531826 5.95119661092758 4.3670321702957136 12.822612039744856 7.1168930903077143 5.8025719672441483 3.5697259530425063 4.6385992616415024 3.9022898934781542 3.7948618419468403 25.778931096196175 552.11742457747459 78.265509460121393 151.99419555068016
leaf_count=10988 24 27 20 65 37 25 20 21 31 25 140 2726 384 697
internal_value=0.000344088 -0.0169884 0.000492337 0.0143726 0.0228658 -0.0319505 0.00686507 -0.0144021 -0.00379635 0.00853542 0.000218821 0.00198546 0.00389362 -0.00476482
internal_weight=2149.69 17.2676 2132.42 40.212 31.2064 11.7538 18.3838 9.00563 14.814 10.9118 2092.21 808.156 630.383 177.773
internal_count=15230 76 15154 219 178 52 113 41 93 62 14935 3947 3110 837
is_linear=0
shrinkage=0.05


Tree=155
num_leaves=15
num_cat=0
split_feature=6 9 3 3 2 7 7 9 3 6 6 9 7 9
split_gain=1.80113 7.24672 5.0939 4.58083 6.86601 5.49085 5.65744 5.39812 4.49218 4.93622 4.88586 4.18315 4.16471 5.13597
threshold=1.62985 1.5949500000000001 1.0000000180025095e-35 0.37500000000000006 0.87500000000000011 0.30950000000000005 0.37550000000000006 1.7672500000000002 0.70835000000000015 1.9618500000000003 1.8120500000000004 -0.21149999999999997 -0.31249999999999994 -0.13289999999999999
decision_type=2 2 2 2 2 2 2 2 2 2 2 2 2 2
left_child=1 -1 -2 5 8 7 -7 -4 10 -10 -5 -8 -6 -14
right_child=2 -3 3 4 12 6 11 -9 9 -11 -12 -13 13 -15
leaf_value=0.00069879848904091414 -0.012336756696736499 0.040298226295565891 -0.019625138832419908 -0.020893997676519203 -0.020304394864096253 0.064492254402433322 -0.014921395816574418 0.018541178414386985 -0.013733310572862149 -0.057985874492242732 0.010086597508177827 0.025286791901458966 -0.015465788708336405 0.021878983900214768
leaf_weight=1827.916064033052 100.900744356215 10.627261236310003 19.863133646547794 23.032064769417048 9.7720099091529828 6.2689066827297202 8.1126333996653575 15.680855214595793 19.277424305677417 9.0690294131636602 26.147307503968477 22.897704169154167 10.988779455423353 41.325401972979307
leaf_count=13597 490 51 91 110 41 31 37 68 92 43 129 125 56 255
internal_value=0.000351943 0.000949476 -0.00314603 0.00125665 -0.00404473 0.0113372 0.0244809 -0.00274078 -0.0138889 -0.0293847 -0.00454972 0.0146304 0.00827284 0.0138916
internal_weight=2151.88 1838.54 313.336 212.435 139.612 72.8232 37.2792 35.544 77.5258 28.3465 49.1794 31.0103 62.0862 52.3142
internal_count=15216 13648 1568 1078 726 352 193 159 374 135 239 162 352 311
is_linear=0
shrinkage=0.05


Tree=156
num_leaves=15
num_cat=0
split_feature=1 11 6 7 7 1 1 0 10 7 7 11 0 0
split_gain=1.41403 3.42845 2.8873 2.66912 1.48573 4.18017 3.26638 2.94171 3.68973 5.59939 1.80922 1.76387 1.75488 1.38835
threshold=-2.0049999999999994 0.64585000000000015 0.24425000000000002 -1.4994999999999998 -1.3024999999999998 -0.79684999999999995 -1.6377499999999998 0.62500000000000011 1.0000000180025095e-35 -1.3694999999999997 -1.2544999999999997 0.56350000000000011 0.62500000000000011 1.1250000000000002
decision_type=2 2 2 2 2 2 2 2 2 2 2 2 2 2
left_child=1 2 -1 -2 5 6 11 8 -8 -10 12 -5 -6 -12
right_child=3 -3 -4 4 10 -7 7 -9 9 -11 13 -13 -14 -15
leaf_value=-0.0095381542575233343 -0.023352207077560954 -0.022095239548650402 0.051717753005972755 -0.04022376352909951 -0.038247238621608011 -0.02284590059253205 0.0039935689553216034 -0.00030889705859444048 0.021881651955826517 0.13285443665104307 -0.00022491389866668269 0.01863063244431357 0.012255728999791908 0.027648001365874104
leaf_weight=2.3719920362345857 11.445142713375388 3.1746127286460251 5.3152806311845779 1.5923515437170874 4.8499675523489705 4.847241109237074 2.4254427584819496 3.0940293073654175 2.8293877355754375 1.6718731652945278 2108.0771152344532 1.6561123793944714 1.8734308257699011 3.4771316200494757
leaf_count=86 279 61 35 27 103 62 82 22 34 20 14370 32 11 25
internal_value=-0.000168872 0.0170471 0.0338944 -0.000263828 -0.000129271 0.0137475 0.0277794 0.0409391 0.0570784 0.0797569 -0.000254382 -0.0128962 -0.0244101 -0.000165949
internal_weight=2158.7 10.8619 7.68727 2147.84 2136.39 18.1164 13.2692 10.0207 6.9267 4.50126 2118.28 3.24846 6.7234 2111.55
internal_count=15249 182 121 15067 14788 279 217 158 136 54 14509 59 114 14395
is_linear=0
shrinkage=0.05


Tree=157
num_leaves=15
num_cat=0
split_feature=5 9 6 1 5 11 8 8 3 3 5 9 3 3
split_gain=2.99537 3.43106 7.31277 4.04983 3.78504 5.09915 4.4357 3.15847 2.91902 3.3729 2.81259 8.91266 6.50408 5.41962
threshold=0.42639444444444452 1.7104000000000001 1.7575500000000004 -0.57489999999999986 0.94046388888888899 0.56350000000000011 0.70000000000000007 0.50000000000000011 0.37500000000000006 0.70835000000000015 0.41130952380952385 0.053950000000000005 1.0000000180025095e-35 0.62500000000000011
decision_type=2 2 2 2 2 2 2 2 2 2 2 2 2 2
left_child=10 3 -3 -2 6 -6 8 -5 -4 -10 -1 12 -12 -13
right_child=1 2 4 7 5 -7 -8 -9 9 -11 11 13 -14 -15
leaf_value=-0.0015301343711101214 0.04703100572301943 -0.052702198607034234 0.031965538107836415 -0.020372752662532662 0.013597195037104756 -0.040566676662556644 -0.020122973497233451 0.0030429528550578486 -0.024105319927541183 0.018632691501730816 0.067213545442148567 -0.062578033875211478 -0.020329200965510871 -0.0013901253257935595
leaf_weight=1273.5306901626755 4.1684266552329055 7.3360919952392569 13.396653495728971 13.689462177455423 6.1409348994493511 11.142184942960737 11.262076377868651 766.76090874895453 6.7752928882837322 10.369220420718191 3.3163757696747806 9.0024340525269491 3.4754666723310947 5.7430659607052794
leaf_count=10788 19 34 63 68 28 48 51 3939 31 50 21 43 24 30
internal_value=-0.00032753 0.00197541 -0.00885374 0.00290226 -0.00262307 -0.0216304 0.00555707 0.00260669 0.0153644 0.00134549 -0.00184124 -0.0193532 0.025557 -0.0403484
internal_weight=2146.11 851.041 66.4225 784.619 59.0864 17.2831 41.8032 780.45 30.5412 17.1445 1295.07 21.5373 6.79184 14.7455
internal_count=15237 4331 305 4026 271 76 195 4007 144 81 10906 118 45 73
is_linear=0
shrinkage=0.05


Tree=158
num_leaves=15
num_cat=0
split_feature=9 9 1 1 9 5 5 11 1 3 5 7 7 7
split_gain=1.57548 3.91405 3.70852 3.1941 3.01516 4.64375 2.30716 1.64695 2.71705 3.12691 1.70115 1.69485 2.2693 2.03168
threshold=-1.7097999999999998 -1.5655999999999997 0.11115000000000001 0.60750000000000004 -1.8874999999999997 -0.70186547619047623 -0.98436785714285702 0.21110000000000004 -1.1099499999999998 0.12500000000000003 0.075023809523809479 0.17250000000000001 -0.21249999999999997 -0.59049999999999991
decision_type=2 2 2 2 2 2 2 2 2 2 2 2 2 2
left_child=4 2 6 -4 5 -1 -2 8 -3 11 -11 12 13 -10
right_child=1 7 3 -5 -6 -7 -8 -9 9 10 -12 -13 -14 -15
leaf_value=-0.021593345242597522 0.011076119988636043 -0.032071122969264121 -0.028841122112636952 0.024720120643891886 -0.034391150652847806 0.032011427589782065 0.073632105250528476 -0.00030837901700277496 0.050926539051387901 0.0096759999150706731 0.051185087656977692 0.02144652758735853 -0.028411275285119053 -0.0082286488225097008
leaf_weight=8.3992368467152101 2.8155192881822577 2.3316302117891636 3.6957995370030385 5.8549305945634842 8.6829835046082717 6.088515684008601 3.4655247181653976 2087.3222534472588 1.3135671028867415 4.6197806075215322 6.1788945589214563 5.874534595757722 5.9354717675596476 3.2970222774893045
leaf_count=85 41 38 25 29 80 31 21 14716 23 25 41 31 49 51
internal_value=-9.27864e-05 5.1051e-05 0.024067 0.00322467 -0.0127864 0.00154655 0.0509635 -0.000139839 0.0113854 0.0161125 0.0357523 0.00188585 -0.00992393 0.0146978
internal_weight=2155.88 2132.7 15.8318 9.55073 23.1707 14.4878 6.28104 2116.87 29.5509 27.2193 10.7987 16.4206 10.5461 4.61059
internal_count=15286 15090 116 54 196 116 62 14974 258 220 66 154 123 74
is_linear=0
shrinkage=0.05


Tree=159
num_leaves=15
num_cat=0
split_feature=11 5 9 7 7 6 8 1 5 11 1 1 7 11
split_gain=2.01287 2.87295 3.69307 2.29195 3.30269 2.07298 5.37114 5.05451 4.41626 3.81405 3.38331 6.50218 5.34601 5.10804
threshold=0.87300000000000011 0.86665277777777783 -0.73269999999999991 0.10850000000000001 -0.083499999999999991 -0.60594999999999988 0.90000000000000013 -1.6377499999999998 -0.61924214285714274 0.58570000000000011 -0.83999999999999986 -0.9777499999999999 -0.89949999999999986 0.61250000000000016
decision_type=2 2 2 2 2 2 2 2 2 2 2 2 2 2
left_child=5 2 -2 4 -3 6 7 -1 10 -8 11 13 -13 -9
right_child=1 3 -4 -5 -6 -7 9 8 -10 -11 -12 12 -14 -15
leaf_value=-0.033230986723580443 0.020889904117362482 -0.013510455033632485 -0.021865398050405938 -0.0124938411450485 0.033008927894220101 -0.00037302247661514186 0.015209400258103942 -0.0028539180265184472 0.072624689463164777 -0.031987190797297643 -0.0013944028627918405 -0.0085675850059622177 0.070582366418461426 0.044662219386193074
leaf_weight=4.4065792011097065 5.0012175571173421 5.2662794291973105 37.739024354610592 10.731523305177687 9.5893298983573931 1990.6250713951886 5.7046971754170981 21.812278282828629 2.4948255270719519 11.783192004077135 22.474619626998901 2.4863565145060411 8.5834911447018403 6.5864916215650728
leaf_count=288 33 26 526 53 42 11962 249 646 34 624 353 80 136 134
internal_value=-0.000322195 -0.00870319 -0.0164992 0.00444991 0.0167059 -4.24226e-05 0.00749742 0.013769 0.0174418 -0.0166014 0.0141008 0.0227406 0.0535679 0.00931077
internal_weight=2145.28 68.3274 42.7402 25.5871 14.8556 2076.96 86.3325 68.8446 64.4381 17.4879 61.9432 39.4686 11.0698 28.3988
internal_count=15186 680 559 121 68 14506 2544 1671 1383 873 1349 996 216 780
is_linear=0
shrinkage=0.05


Tree=160
num_leaves=15
num_cat=0
split_feature=8 9 6 9 7 2 7 1 9 7 3 9 9 1
split_gain=1.93011 3.75641 3.44827 3.75327 3.54486 3.56567 4.20508 6.53227 3.09292 2.9654 2.66473 2.03036 4.16682 2.86952
threshold=0.50000000000000011 -0.98244999999999993 1.5926500000000001 0.06405000000000001 0.59950000000000003 0.54165000000000008 -0.15649999999999997 0.97300000000000009 1.8576500000000002 -0.5744999999999999 0.37500000000000006 -0.36234999999999995 0.25090000000000007 0.40835000000000005
decision_type=2 2 2 2 2 2 2 2 2 2 2 2 2 2
left_child=1 -1 4 -4 5 6 9 10 -5 -3 -8 -7 -13 -14
right_child=-2 2 3 8 -6 11 7 -9 -10 -11 -12 12 13 -15
leaf_value=0.030206226753936638 0.00025250091839101673 -0.0091101535438103225 -0.029213816205744259 0.037701025909179044 -0.044411582490995853 -0.024888522900137641 0.038916490574884804 -0.047814670742114367 -0.010820921575291407 -0.059011035504671697 -0.0086967803714330227 0.03913116833956734 -0.016498001038821694 0.019410411945214458
leaf_weight=5.3612151220440856 2055.9087503228802 4.9788429569452992 3.7529690861701992 9.0273525044321996 7.8089892640709868 5.3719576969742766 5.5378405302762967 4.6547649502754203 4.3338265791535369 8.3701822124421614 4.7884355932474136 6.2796330451965359 15.077526517212393 7.5386105105280867
leaf_count=30 14742 33 22 56 45 27 29 21 22 45 22 34 73 39
internal_value=-6.75277e-05 -0.00707847 -0.00967783 0.0100183 -0.0145387 -0.0101724 -0.0229697 -0.00414814 0.0223049 -0.0423313 0.0180191 0.000758848 0.00619992 -0.00421361
internal_weight=2148.79 92.8821 87.5209 17.1141 70.4068 62.5978 28.3301 14.981 13.3612 13.349 10.3263 34.2677 28.8958 22.6161
internal_count=15240 498 468 100 368 323 150 72 78 78 51 173 146 112
is_linear=0
shrinkage=0.05


Tree=161
num_leaves=15
num_cat=0
split_feature=9 9 9 9 1 9 11 6 1 1 1 2 11 1
split_gain=1.73444 4.40244 3.60855 5.18721 4.37205 4.25047 3.39968 3.37449 6.57056 6.33214 8.19592 8.14572 3.82566 5.07757
threshold=-0.78129999999999988 -0.96484999999999987 -0.34194999999999992 -0.29759999999999992 0.11115000000000001 -0.28359999999999991 0.43650000000000005 1.4833500000000004 1.1930000000000003 0.95565000000000011 0.71350000000000013 0.95835000000000015 0.84520000000000006 -0.21064999999999998
decision_type=2 2 2 2 2 2 2 2 2 2 2 2 2 2
left_child=1 7 4 6 -2 -5 -4 8 9 10 11 12 -1 -14
right_child=2 -3 3 5 -6 -7 -8 -9 -10 -11 -12 -13 13 -15
leaf_value=-0.013832636739082452 0.015470313566459684 -0.015518819658070887 -0.0016817605150493424 0.038846841018003897 0.00085439588175570142 5.8342683510326754e-06 -0.038973323036634172 -0.019175938623103898 0.03556611916882129 -0.033234609079011129 0.035655116232183259 0.021790050766871433 0.069134672339676212 -0.018466925276257387
leaf_weight=68.586331860162318 84.610460160300136 59.949351856485009 10.946908473968508 6.0728869661688796 127.47668310254812 1702.1410937607288 13.11067011579871 18.538040772080421 12.952184505760668 12.308657504618166 15.639860488474367 25.125660872086883 2.387088468298316 2.5878602638840666
leaf_count=680 715 427 66 38 624 12148 93 84 59 59 84 175 24 18
internal_value=0.000115636 -0.00410217 0.000590562 -0.000164623 0.00673054 0.000166565 -0.0227489 0.000296485 0.00300054 -0.000582803 0.00319025 -0.00226082 -0.0106577 0.0281021
internal_weight=2162.43 218.075 1944.36 1732.27 212.087 1708.21 24.0576 158.126 139.588 126.635 114.327 98.6869 73.5613 4.97495
internal_count=15294 1610 13684 12345 1339 12186 159 1183 1099 1040 981 897 722 42
is_linear=0
shrinkage=0.05


Tree=162
num_leaves=15
num_cat=0
split_feature=8 2 7 7 5 7 7 5 9 1 5 7 0 7
split_gain=1.46293 2.44436 4.75857 4.39573 4.86329 3.94562 3.04102 2.733 4.72843 2.51461 2.31272 3.53317 1.88777 1.57565
threshold=0.50000000000000011 0.54165000000000008 0.64150000000000007 -0.13849999999999998 0.41130952380952385 0.32050000000000006 -0.60949999999999982 0.32040119047619053 0.25090000000000007 1.0616000000000003 -0.09035 -0.5744999999999999 0.87500000000000011 0.11950000000000001
decision_type=2 2 2 2 2 2 2 2 2 2 2 2 2 2
left_child=1 3 5 6 9 7 -1 8 12 13 11 -10 -3 -5
right_child=-2 2 -4 4 -6 -7 -8 -9 10 -11 -12 -13 -14 -15
leaf_value=-0.0023368351762641662 0.00019155192710681545 0.00084756211753390465 -0.03693739247811674 0.0028057664364736219 -0.031824073274731524 0.041353033647741594 -0.049544674304805303 0.033507180711023508 -0.034170173903470262 -0.017322312045266634 -0.03844832653209225 0.0202028919868701 0.036832670930002968 0.036952804588265484
leaf_weight=5.0095771234482518 2068.0319695861544 8.2895164228975755 6.0274060480296603 5.950022850185638 8.2385512441396695 6.1549264565110198 10.427709907293318 4.472222924232482 4.284261897206302 4.4721764773130408 8.4419205337762868 5.8969193845987329 5.5726879164576522 7.3924933858215809
leaf_count=33 14759 44 41 32 37 41 59 21 21 23 41 30 31 40
internal_value=-8.22805e-05 -0.00626457 0.00130382 -0.015048 -0.00218727 0.00736634 -0.0352994 0.00076584 -0.00460767 0.0124815 -0.0206008 -0.00368713 0.0168187 0.0229825
internal_weight=2158.66 90.6304 49.1399 41.4905 26.0532 43.1125 15.4373 36.9575 32.4853 17.8147 18.6231 10.1812 13.8622 13.3425
internal_count=15253 494 270 224 132 229 92 188 167 95 92 51 75 72
is_linear=0
shrinkage=0.05


Tree=163
num_leaves=15
num_cat=0
split_feature=7 11 3 2 5 5 6 6 5 1 0 7 9 9
split_gain=1.87808 3.31888 4.45297 1.74522 3.58353 3.73588 3.38746 3.78477 3.27868 2.88722 8.34461 4.32486 3.08621 5.41374
threshold=-1.4994999999999998 0.41430000000000006 0.79165000000000008 0.95835000000000015 -0.95425833333333332 -0.83326904761904752 -0.43014999999999998 -0.96069999999999989 1.3854000000000002 1.2652500000000002 0.62500000000000011 0.71250000000000002 -0.16614999999999996 0.42745000000000005
decision_type=2 2 2 2 2 2 2 2 2 2 2 2 2 2
left_child=1 2 -1 -2 6 -6 7 -5 9 -7 11 -11 -12 -14
right_child=3 -3 -4 4 5 8 -8 -9 -10 10 12 -13 13 -15
leaf_value=-0.029661838888005859 -0.00077646473793108184 -0.026829538363047325 0.076233019212217812 0.050107453801803314 -0.030687393010048275 0.0034327879681263699 0.064486490067799593 -0.015879557294901824 0.027607582611898468 -0.035850263206606607 0.032630639092419048 0.015547922729974635 -0.025296933031685589 0.015786214227390762
leaf_weight=1.1148330690339201 1641.1953958198428 12.952754176920278 1.1076546832919119 2.3702565431594849 7.6340165846049777 404.34208964556456 3.4260891117155534 5.2264330293983221 11.668450728058813 24.154088452458385 8.197942949831484 4.2978345006704322 12.153604410588743 19.541752796620131
leaf_count=44 12278 313 6 42 61 2021 27 58 72 102 45 20 76 145
internal_value=-0.000114603 -0.017088 0.0303936 1.34329e-05 0.00258708 0.00192397 0.0295626 0.0081429 0.00250013 0.00182337 -0.0076104 -0.027822 0.00713235 -0.000259038
internal_weight=2159.38 15.1752 2.22249 2144.21 503.013 491.99 11.0228 7.59669 484.356 472.687 68.3452 28.4519 39.8933 31.6954
internal_count=15310 363 50 14947 2669 2542 127 100 2481 2409 388 122 266 221
is_linear=0
shrinkage=0.05


Tree=164
num_leaves=15
num_cat=0
split_feature=5 6 3 11 7 1 1 4 6 7 5 6 3 5
split_gain=1.60877 2.74941 4.33694 3.53086 1.72529 1.46711 3.03859 2.54677 1.35684 3.52609 1.86367 1.75103 5.3235 6.43556
threshold=-1.3852499999999999 -1.2579499999999999 0.12500000000000003 0.56350000000000011 -0.59749999999999981 -1.5224499999999999 -1.6377499999999998 1.0000000180025095e-35 -0.9847499999999999 -0.26549999999999996 -1.0921321428571427 -0.26309999999999995 0.45835000000000009 -0.4739571428571428
decision_type=2 2 2 2 2 2 2 2 2 2 2 2 2 2
left_child=5 2 3 4 -2 6 -1 -8 9 10 -3 12 13 -10
right_child=1 8 -4 -5 -6 -7 7 -9 11 -11 -12 -13 -14 -15
leaf_value=-0.02714016267094569 -0.028658949918608529 -0.0067842925268000497 -0.021013258575667534 0.083472915288567456 0.038368064717481699 -0.040165899140124618 -0.0065521023066541246 0.085350693563164326 0.006109910377858528 0.051821937908923824 -0.043107544227165027 0.0002271410322846093 -0.0056436883797153087 0.037622986192227557
leaf_weight=3.2888816969934851 1.2539655352011321 10.005442314781247 2.2248712945729494 2.643587286118418 0.6724478155374517 3.6229001088067871 1.2808038149960337 0.47047074511647213 72.918958400841802 0.91731098666787048 4.8883341290056697 1962.7212274242193 61.27566861640662 20.03562568128109
leaf_count=377 59 355 72 81 13 225 109 17 1370 18 217 11154 756 387
internal_value=0.00053644 0.000628084 0.0302697 0.0545266 -0.000146151 -0.01982 -0.000966748 0.0401856 0.000519506 -0.0136301 -0.0206682 0.000631572 0.00574371 0.0132304
internal_weight=2148.22 2139.56 6.79487 4.57 1.92641 8.66306 5.04016 1.75127 2132.76 15.8111 14.8938 2116.95 154.23 92.9546
internal_count=15210 14482 225 153 72 728 503 126 14257 590 572 13667 2513 1757
is_linear=0
shrinkage=0.05


Tree=165
num_leaves=15
num_cat=0
split_feature=9 11 3 7 3 9 3 7 3 11 3 5 5 7
split_gain=2.865 4.61155 7.11144 4.07274 7.23245 3.68277 3.73698 3.53937 3.49314 3.60858 3.31385 4.16112 3.77539 3.53779
threshold=-0.78129999999999988 0.47220000000000006 0.12500000000000003 -0.21749999999999997 0.95835000000000015 -0.94484999999999986 0.12500000000000003 -0.89949999999999986 1.0000000180025095e-35 0.30950000000000005 1.0000000180025095e-35 -0.55049285714285701 0.21514285714285716 -0.43649999999999994
decision_type=2 2 2 2 2 2 2 2 2 2 2 2 2 2
left_child=1 5 10 4 -4 8 -7 -6 9 -1 12 -12 13 -3
right_child=-2 2 3 -5 7 6 -8 -9 -10 -11 11 -13 -14 -15
leaf_value=-0.039144868629376037 0.00063011180484319387 -0.026047863486983232 -0.021042953787337778 -0.030630976641921982 -0.026947399696270642 0.017814916745482617 -0.025787032014784883 0.037745231142257217 0.015646225549291418 0.0093199043274871246 -0.010953272809608804 0.067930203510753615 -0.03202810250581422 0.014845538307651521
leaf_weight=5.7666700035333625 1929.4344424325973 5.6623174883425262 29.449012473225594 42.672811850905418 1.9112261328846205 6.0605206973850754 16.23319392465055 8.9570803306996805 49.889023228548467 8.195023322477935 2.3813450755551457 3.1800436004996291 6.793756663799285 25.296558044850826
leaf_count=43 13628 64 319 213 30 41 121 68 379 65 29 18 32 150
internal_value=2.23361e-05 -0.00547451 -0.0115232 -0.0200154 -0.00831019 0.00342451 -0.013678 0.0250568 0.00951474 -0.0119762 0.00483239 0.0376314 -0.000845667 0.0067852
internal_weight=2141.88 212.449 126.304 82.9901 40.3173 86.1444 22.2937 10.8683 63.8507 13.9617 43.314 5.56139 37.7526 30.9589
internal_count=15200 1572 923 630 417 649 162 98 487 108 293 47 246 214
is_linear=0
shrinkage=0.05


Tree=166
num_leaves=15
num_cat=0
split_feature=1 7 1 5 9 7 1 7 5 2 5 9 5 2
split_gain=1.73838 3.96813 3.60865 3.7342 3.46459 3.13373 2.99535 5.90514 6.69313 4.53555 4.24268 4.11466 4.67481 3.97376
threshold=-1.2899999999999998 -0.30749999999999994 -0.99114999999999986 -1.2052928571428569 1.5949500000000001 -0.70449999999999979 -0.77254999999999985 -0.59049999999999991 -0.32541666666666663 0.29165000000000002 -0.91355119047619038 -0.56339999999999979 0.11718750000000001 0.12500000000000003
decision_type=2 2 2 2 2 2 2 2 2 2 2 2 2 2
left_child=1 -1 3 5 -5 -2 7 8 13 10 -9 -11 -13 -4
right_child=2 -3 6 4 -6 -7 -8 9 -10 11 -12 12 -14 -15
leaf_value=0.0041684797504483095 -0.012310165921881845 0.047625379299264095 -0.019289451324260694 -0.017186447104660187 0.015598899729517552 0.052235991205267431 -4.7128758381473709e-05 -0.015898113816591772 -0.026114527624939845 0.054526685520276487 0.060028838230528028 -0.012489348764979497 0.029585116922433187 0.02303613639662801
leaf_weight=103.81747043784708 2.8110765148885548 4.5540841892361632 6.621388764120641 67.147655214648694 8.3514682799577695 3.2523438017815343 1879.3783418051898 1.777519468218087 17.857279315590858 3.7492908239364651 9.8524145279079658 16.28418432362378 9.7018334418535215 20.520802156068385
leaf_count=1567 109 32 251 883 36 59 11597 40 108 30 104 109 42 284
internal_value=0.000271713 0.00641341 -5.63626e-05 -0.0102968 -0.0134033 0.0248053 0.000373554 0.00942377 -0.00312406 0.0228256 0.0480842 0.0117035 0.0037333 0.0123922
internal_weight=2155.68 108.372 2047.31 81.5625 75.4991 6.06342 1965.74 86.3647 44.9995 41.3652 11.6299 29.7353 25.986 27.1422
internal_count=15251 1599 13652 1087 919 168 12565 968 643 325 144 181 151 535
is_linear=0
shrinkage=0.05


Tree=167
num_leaves=15
num_cat=0
split_feature=1 5 7 2 11 1 7 1 5 5 9 7 9 2
split_gain=3.30518 1.90033 6.16466 3.43118 3.37057 2.88416 6.51616 5.28275 5.13619 8.531 4.40631 4.10804 5.21021 6.58136
threshold=2.1167500000000001 1.6379000000000004 0.18350000000000002 0.12500000000000003 0.64585000000000015 1.2652500000000002 -0.083499999999999991 1.1491000000000002 1.0725333333333336 1.2951000000000004 0.64355000000000018 0.44250000000000006 0.88130000000000008 0.79165000000000008
decision_type=2 2 2 2 2 2 2 2 2 2 2 2 2 2
left_child=1 5 -3 4 -4 7 -7 8 -1 -10 -9 12 -12 -14
right_child=-2 2 3 -5 -6 6 -8 10 9 -11 11 -13 13 -15
leaf_value=0.00042962211834100583 0.019776403810647884 -0.030251028636511731 -0.026293532127260894 0.030185603655289141 0.021291073140250381 -0.062223030619407288 -0.0035457227143546773 0.0043786010418101059 -0.023384009717240851 0.038396055692061018 0.050414212801895987 0.048900538196009424 -0.031561893782687388 0.038504308328209162
leaf_weight=1594.9371953415684 20.232744876295328 6.8411317914724341 6.1905406117439252 22.465720310807228 6.7191305905580521 3.8008261173963538 354.59700454026461 59.745942421257496 43.503281235694885 5.4746897891163817 4.7711327373981538 12.248495832085608 8.2550187855958921 4.2743792086839667
leaf_count=12535 112 32 32 136 30 18 1731 272 197 26 20 69 36 22
internal_value=0.000146679 -4.86252e-05 0.0103296 0.0187932 -0.0017769 -0.000262933 -0.0043394 0.000582026 -6.46919e-05 -0.0158482 0.0123569 0.0278171 0.011034 -0.00657972
internal_weight=2154.06 2133.82 42.2165 35.3754 12.9097 2091.61 358.398 1733.21 1643.92 48.978 89.295 29.549 17.3005 12.5294
internal_count=15268 15156 230 198 62 14926 1749 13177 12758 223 419 147 78 58
is_linear=0
shrinkage=0.05


Tree=168
num_leaves=15
num_cat=0
split_feature=5 1 6 11 7 9 7 5 1 7 5 3 9 9
split_gain=1.78129 3.98934 3.89764 9.39153 5.68051 5.66387 5.17132 7.45127 5.1339 5.16621 4.08125 4.07903 3.88257 5.65486
threshold=-0.37161369047619047 -1.6997499999999997 0.38750000000000007 0.84520000000000006 -0.66549999999999987 0.26105000000000006 -0.78549999999999998 -0.14046249999999996 0.34100000000000003 -0.05149999999999999 -0.11415833333333333 1.0000000180025095e-35 -0.34194999999999992 -0.45109999999999995
decision_type=2 2 2 2 2 2 2 2 2 2 2 2 2 2
left_child=12 -2 3 8 6 -5 7 -4 9 -3 -8 -11 13 -1
right_child=1 2 4 5 -6 -7 10 -9 -10 11 -12 -13 -14 -15
leaf_value=-0.0011245254640249668 0.032816197191140747 0.010956480307406044 -0.027049773586484117 -0.027201229947141883 0.00033658013989924194 0.050761765665375172 0.0027838097866965533 0.0091336173698181311 0.039228886953976326 -0.04672964997442508 -0.036192636766394663 0.00013276610954439478 -0.0079988558434671078 0.025673145219133525
leaf_weight=171.21601027809083 8.5697452723979932 165.38283822312951 20.529694736003876 25.081276094540957 1428.6283785048872 1.6407816112041462 8.6481877341866475 41.020642198622227 13.336938183754681 5.9655928201973465 27.088299594819546 13.912445470690725 198.31414097337984 21.234058722853661
leaf_count=1556 40 1597 131 423 7118 9 48 229 93 54 138 78 3561 160
internal_value=-5.75042e-05 0.000620968 0.000444781 0.00656805 -0.000463103 -0.0207557 -0.0120902 -0.00317461 0.0103301 0.00805027 -0.0269414 -0.0154957 -0.00310679 0.00194963
internal_weight=2150.57 1759.8 1751.24 225.32 1525.92 26.7221 97.2868 61.5503 198.598 185.261 35.7365 19.878 390.764 192.45
internal_count=15235 9958 9918 2254 7664 432 546 360 1822 1729 186 132 5277 1716
is_linear=0
shrinkage=0.05


Tree=169
num_leaves=15
num_cat=0
split_feature=0 7 6 11 5 7 7 11 5 8 11 5 6 1
split_gain=1.52649 2.14556 2.76653 2.58834 3.59691 3.78906 2.75294 2.53069 2.20035 1.64867 5.87017 4.68205 3.79056 3.3889
threshold=0.87500000000000011 -0.8095 0.97710000000000008 0.56350000000000011 0.12484583333333339 0.082500000000000018 0.40150000000000008 0.47220000000000006 -0.28025714285714282 0.50000000000000011 0.41430000000000006 -0.18454285714285715 1.1347500000000001 -0.78334999999999988
decision_type=2 2 2 2 2 2 2 2 2 2 2 2 2 2
left_child=9 -2 7 4 5 -4 -6 8 -3 10 13 -12 -13 -1
right_child=1 2 3 -5 6 -7 -8 -9 -10 -11 11 12 -14 -15
leaf_value=0.045358850952046975 -0.024228527794928362 0.011659532723133994 0.0039216656252801909 0.026811975679578215 -0.0062282300796778376 -0.047689394361473597 0.034932630848861522 -0.0046275579662353669 0.05858945679684581 -5.2597212690231255e-06 -0.047915306264744745 0.015880571207871907 -0.024330285776450727 0.00051531169157323896
leaf_weight=4.0937714148312834 3.777223400771617 4.8698347061872473 6.721772603690626 7.8363425619900218 8.6003944352269155 6.2313317283987999 6.2971977144479743 4.0430760011076918 5.9065592288970938 2047.7356929345988 10.731351543217896 8.8909049183130282 13.642587237060068 24.504890102893114
leaf_count=25 17 22 37 62 63 40 73 20 34 14630 70 41 62 122
internal_value=-3.5296e-05 0.00816641 0.0110125 0.0032017 -0.00414059 -0.0225452 0.0122734 0.0284304 0.0401728 -0.00025011 -0.00822585 -0.022218 -0.0084639 0.00825006
internal_weight=2163.88 54.2837 50.5065 35.687 27.8507 12.9531 14.8976 14.8195 10.7764 2109.6 61.8635 33.2648 22.5335 28.5987
internal_count=15318 368 351 275 213 77 136 76 56 14950 320 173 103 147
is_linear=0
shrinkage=0.05


Tree=170
num_leaves=15
num_cat=0
split_feature=7 6 3 3 10 5 5 1 6 1 7 7 7 4
split_gain=2.82019 3.19954 1.67865 5.72301 7.29752 6.23378 5.98971 9.96243 5.38761 7.41661 8.59199 6.23972 9.01325 9.83119
threshold=1.2650000000000003 1.6717500000000001 1.0000000180025095e-35 0.12500000000000003 1.0000000180025095e-35 -0.45561874999999996 -0.57265833333333338 -0.77254999999999985 1.2862500000000001 1.0917500000000002 -0.031499999999999993 -0.11349999999999999 -0.42649999999999993 1.0000000180025095e-35
decision_type=2 2 2 2 2 2 2 2 2 2 2 2 2 2
left_child=2 -2 8 4 -4 6 7 -6 9 11 -11 12 -1 -14
right_child=1 -3 3 -5 5 -7 -8 -9 -10 10 -12 -13 13 -15
leaf_value=-0.0070903380567462733 -0.01084901859377191 0.052028460347795208 -0.0013174787049581088 -7.0197600248573575e-05 0.093377438861827908 0.015537958041673159 0.11031428767263647 -0.016256320943855169 -0.0088419402909288413 0.06310392692410767 0.0090414514788029181 -0.010618571534577938 -0.0022163537835638192 0.026315463867092312
leaf_weight=106.76434765919112 2.7656399086117736 4.395861029624939 58.954950181301683 1424.1183065925725 2.3421349097043276 51.105052303522825 2.7532113641500455 4.8313875366002321 205.4537417255342 8.1615824699401838 39.609854318201542 119.84885561279953 57.134472504258156 62.684048961848021
leaf_count=1945 19 35 806 9240 27 259 18 44 965 40 186 688 676 318
internal_value=5.63824e-05 0.0293922 -5.52761e-05 0.000816704 0.0112569 0.0232288 0.0577772 0.0265838 -0.00229823 0.00112602 0.0193823 -0.00143999 0.00344025 0.0128046
internal_weight=2150.92 7.1615 2143.76 1544.11 119.987 61.0318 9.92673 7.17352 599.657 394.203 47.7714 346.432 226.583 119.819
internal_count=15266 54 15212 10394 1154 348 89 71 4818 3853 226 3627 2939 994
is_linear=0
shrinkage=0.05


Tree=171
num_leaves=15
num_cat=0
split_feature=9 6 9 7 1 6 2 6 8 11 9 4 1 9
split_gain=1.91243 7.3114 4.46202 5.20427 4.80626 4.38316 8.64915 6.43499 3.80577 3.63655 3.61739 3.53767 7.46245 3.30535
threshold=1.7104000000000001 1.7575500000000004 1.4713000000000003 -0.05149999999999999 1.3508500000000001 1.5926500000000001 0.54165000000000008 1.62985 0.70000000000000007 0.43650000000000005 1.6452000000000002 1.0000000180025095e-35 -0.51019999999999988 1.5348000000000002
decision_type=2 2 2 2 2 2 2 2 2 2 2 2 2 2
left_child=2 -2 -1 5 9 6 13 -7 -3 10 -5 -10 -13 -4
right_child=1 8 3 4 -6 7 -8 -9 11 -11 -12 12 -14 -15
leaf_value=0.00039782560575749574 -0.039869158272779343 0.0054893310042938856 0.039038202372263943 0.023309141026328445 -0.02223904954433319 0.056394384028703087 -0.036802870247724426 -0.00072615300533466923 0.01750624096671689 0.04372848579845548 -0.0238483289187876 0.021708303866501393 -0.048485550171385901 -0.011925686723248528
leaf_weight=1952.5744367786683 12.864809907972811 63.351170971989632 6.7106185257434863 18.450471334159378 4.5204750336706629 5.9227826744318035 15.488043971359728 17.047846883535385 4.625674985349181 19.628445938229561 4.2738520726561537 4.6525484919548097 12.071400783956046 4.782736673951149
leaf_count=14321 60 293 29 93 27 25 68 73 21 97 25 20 54 21
internal_value=0.000593346 -0.00621024 0.000920115 0.0113408 0.0231211 4.98273e-05 -0.0133932 0.0157401 -0.00069238 0.0283639 0.0138087 -0.0184604 -0.0288348 0.0185735
internal_weight=2146.97 97.5656 2049.4 96.8253 46.8732 49.952 26.9814 22.9706 84.7008 42.3528 22.7243 21.3496 16.7239 11.4934
internal_count=15227 448 14779 458 242 216 118 98 388 215 118 95 74 50
is_linear=0
shrinkage=0.05


Tree=172
num_leaves=15
num_cat=0
split_feature=7 1 5 1 6 6 5 9 6 6 8 1 1 9
split_gain=1.90083 3.29088 3.09809 2.85542 3.0668 8.04494 4.67148 4.70472 3.66059 3.48921 3.27923 3.15668 2.89916 2.80605
threshold=-0.59049999999999991 0.099100000000000008 0.29180714285714288 -1.7381499999999999 -0.72739999999999994 -0.44664999999999994 -0.85917936507936499 -0.99944999999999984 -1.1952499999999999 -0.41284999999999994 0.70000000000000007 -0.77254999999999985 -1.4095999999999997 0.66895000000000004
decision_type=2 2 2 2 2 2 2 2 2 2 2 2 2 2
left_child=1 13 -3 -2 6 -6 7 -5 12 10 -7 -8 -9 -1
right_child=3 2 -4 4 5 9 11 8 -10 -11 -12 -13 -14 -15
leaf_value=0.001542760561328673 0.040084259886703749 -0.024608120213362592 0.004858896507303141 0.045656536627081294 -0.025175904862884391 -0.0012636524535895677 0.070822041908271294 -0.028382539097310446 -0.028512688818851106 0.00099220555077953517 0.074933508177028305 -0.002177032545235194 0.045782914466228335 -0.0083671915270622493
leaf_weight=255.10563583322801 3.6678204974159589 29.13538963906467 12.257476523518561 3.9195569753646895 28.585237773135304 2.5350853502750388 4.5178400371223688 1.1554571278393266 8.8257059874013013 1695.589593257755 2.097372941672802 1.9445553123950947 3.024824322201316 98.091250903904438
leaf_count=4202 41 226 82 43 380 23 64 46 184 9313 31 36 54 505
internal_value=0.000322582 -0.00280888 -0.0159734 0.0010275 0.000922931 0.000674156 0.0185304 0.003768 -0.0112142 0.00112331 0.040414 0.0515082 0.0237614 -0.00122532
internal_weight=2150.45 394.59 41.3929 1755.86 1752.2 1728.81 23.3879 16.9255 13.006 1700.22 4.63246 6.4624 4.18028 353.197
internal_count=15230 5015 308 10215 10174 9747 427 327 284 9367 54 100 100 4707
is_linear=0
shrinkage=0.05


Tree=173
num_leaves=15
num_cat=0
split_feature=2 7 5 8 3 9 9 9 2 4 9 9 6 7
split_gain=2.44605 3.86055 3.9665 2.98989 7.43057 5.75992 4.9986 4.57769 4.54193 4.53922 6.12914 6.61786 5.13825 5.24225
threshold=0.95835000000000015 -0.78549999999999998 1.3854000000000002 0.70000000000000007 0.20835000000000001 -1.1411499999999999 -1.0502999999999998 -0.78129999999999988 0.54165000000000008 1.0000000180025095e-35 0.48450000000000004 0.83685000000000009 1.4014500000000003 0.66350000000000009
decision_type=2 2 2 2 2 2 2 2 2 2 2 2 2 2
left_child=3 -2 -3 4 -1 -6 8 -8 -7 10 -5 -12 13 -11
right_child=1 2 -4 9 5 6 7 -9 -10 12 11 -13 -14 -15
leaf_value=0.0033056274548472677 0.014249569347770805 0.00067411340321799507 0.02954536556144808 -0.004129836103465079 -0.025856715516788115 0.06069813876447569 -0.023934513750352823 -0.0041642807947687701 -0.012961432612525853 0.01105732112609961 0.045666274073002167 0.0028788781493936594 -0.0044060133132447039 -0.048070038348396342
leaf_weight=343.28821783326566 67.538869803771377 426.03099297173321 11.240101650357245 341.13136614486575 33.118106102570891 4.4851266704499713 30.032228657975793 540.32825828203931 2.9004576951265335 224.02548728650436 12.023031778633593 30.015477582812309 82.589716695249081 2.8423094898462287
leaf_count=2448 477 2165 71 4366 268 33 234 3069 23 1532 66 142 387 13
internal_value=0.000173603 0.00321495 0.00148197 -0.000760088 -0.00257414 -0.0058784 -0.00469049 -0.00524535 0.0336746 0.00173903 -0.00189745 0.0158928 0.00623332 0.0101088
internal_weight=2151.59 504.81 437.271 1646.78 954.152 610.864 577.746 570.36 7.38558 692.627 383.17 42.0385 309.458 226.868
internal_count=15294 2713 2236 12581 6075 3627 3359 3303 56 6506 4574 208 1932 1545
is_linear=0
shrinkage=0.05


Tree=174
num_leaves=15
num_cat=0
split_feature=7 11 3 7 6 1 9 2 1 1 7 9 7 7
split_gain=1.833 3.16143 4.13754 1.59555 1.66216 1.39576 2.40827 2.04868 1.30195 4.62435 4.09052 3.80799 3.77955 3.14466
threshold=-1.4994999999999998 0.41430000000000006 0.79165000000000008 -1.611 0.56855000000000011 -1.6377499999999998 -1.0000000180025095e-35 0.54165000000000008 1.2820000000000003 1.1491000000000002 -0.037499999999999992 0.61365000000000014 0.23850000000000002 0.22850000000000004
decision_type=2 2 2 2 2 2 2 2 2 2 2 2 2 2
left_child=1 2 -1 4 5 -3 -7 -8 9 -2 -10 13 -13 -11
right_child=8 3 -4 -5 -6 6 7 -9 10 11 -12 12 -14 -15
leaf_value=-0.029230923679765493 -0.00011249872483937157 -0.041269390343796473 0.072815520754093518 -0.04655943853338089 0.020552885548002591 -0.03097296630261568 -0.017737867919284563 0.072347472892360751 -0.037450386074554483 0.011154960682773683 -0.0018857806446102047 -0.0018115793066638256 0.033744333282267613 -0.011607112433971244
leaf_weight=1.0879693445749574 1632.7198756081052 3.2285010202322146 1.1383809447288511 4.8983740261755875 2.2157194688916206 1.4111430719494822 0.51464839186519362 0.60759287979453802 7.2594173997640601 44.451681539416313 394.4811380635947 10.283440560102461 25.433904588222504 21.833260536193848
leaf_count=42 12412 106 6 108 17 34 36 13 34 203 1964 44 135 98
internal_value=-0.000185347 -0.0169918 0.029344 -0.026541 -0.0104323 -0.023625 0.00417684 0.0421435 -5.86505e-05 0.000535654 -0.00261982 0.0108108 0.0237368 0.0035964
internal_weight=2151.57 15.1023 2.22635 12.876 7.9776 5.76189 2.53338 1.12224 2136.46 1734.72 401.741 102.002 35.7173 66.2849
internal_count=15252 362 48 314 206 189 83 49 14890 12892 1998 480 179 301
is_linear=0
shrinkage=0.05


Tree=175
num_leaves=15
num_cat=0
split_feature=7 7 1 1 6 6 7 11 7 1 1 2 6 6
split_gain=1.63262 6.14339 3.29287 2.732 3.91371 4.19008 2.55412 5.29226 3.44813 3.59396 2.89106 3.30746 2.08709 4.42987
threshold=0.44250000000000006 0.42650000000000005 0.23825000000000005 0.64600000000000013 1.3889000000000002 0.62475000000000014 0.41450000000000004 0.52780000000000016 0.40150000000000008 1.8898500000000003 1.7949500000000003 0.70835000000000015 1.0091000000000003 1.1447500000000004
decision_type=2 2 2 2 2 2 2 2 2 2 2 2 2 2
left_child=1 6 -2 4 5 -4 8 -8 9 10 -1 -12 -5 -14
right_child=2 -3 3 12 -6 -7 7 -9 -10 -11 11 -13 13 -15
leaf_value=-2.6308538672432119e-05 0.045173564029479432 -0.034509995002899356 -0.0019298499121791605 0.022915121724006435 0.020561173382693233 -0.063111424426775212 0.054390853305191847 -0.0077912097314860309 -0.026101438944496527 -0.021842232924519384 0.00035901890532819225 0.050215858638540223 -0.023221835392075712 0.0048489971565359412
leaf_weight=1816.1164041676093 3.7260779254138461 12.063540466129778 5.611037500202654 13.184016659855841 4.0935993418097487 4.7154777348041534 5.4343396201729757 6.8475349694490433 11.818263318389652 17.776949837803841 7.2638245671987516 5.159581832587719 13.978123046457766 230.31437207013369
leaf_count=13504 24 57 26 62 21 21 25 32 58 86 36 28 65 1245
internal_value=0.000185899 -0.000340981 0.00377267 0.00304185 -0.0174279 -0.0329731 -0.00010228 0.021746 -0.000258311 -7.88498e-05 0.000144555 0.0232635 0.00425126 0.0031547
internal_weight=2158.1 1882.48 275.623 271.897 14.4201 10.3265 1870.42 12.2819 1858.14 1846.32 1828.54 12.4234 257.477 244.292
internal_count=15290 13826 1464 1440 68 47 13769 57 13712 13654 13568 64 1372 1310
is_linear=0
shrinkage=0.05


Tree=176
num_leaves=15
num_cat=0
split_feature=7 1 5 11 8 11 0 5 5 5 2 2 3 11
split_gain=1.5333 3.6564 3.60456 4.07945 3.37475 3.04774 5.4924 2.41277 5.89527 3.57324 5.31661 6.01657 6.12115 3.83501
threshold=0.29750000000000004 1.8898500000000003 1.723257142857143 0.76390000000000013 0.90000000000000013 0.84520000000000006 0.62500000000000011 -0.1590833333333333 0.20709047619047619 0.91096785714285733 1.0000000180025095e-35 0.20835000000000001 0.12500000000000003 0.35415000000000002
decision_type=2 2 2 2 2 2 2 2 2 2 2 2 2 2
left_child=1 -1 3 7 -4 -5 -7 -2 -9 10 13 12 -12 -10
right_child=2 -3 4 5 -6 6 -8 8 9 -11 11 -13 -14 -15
leaf_value=-0.00068833175326390419 0.023032126452741056 -0.032339611525318439 -0.0058558175431017677 -0.046382012523782108 0.037421149715352389 -0.025502493603870413 0.03165455985668688 -0.014348418006568884 0.0040342960488079496 -0.0032653249538068018 0.0044727671426257904 0.0095498981249151817 -0.038247519539035879 0.053902583268434882
leaf_weight=1711.1678008125164 13.093166094273327 8.1741730868816358 6.3864314109086999 6.006807558238509 12.544498346745968 11.544713348150255 5.3497631773352614 47.335679844021797 6.413728602230548 103.03003281354904 19.584353446960449 168.57219535857439 13.427492417395113 9.3658336549997312
leaf_count=13011 66 37 32 28 83 51 27 239 32 488 90 924 62 48
internal_value=-0.000194063 -0.000857521 0.00250051 0.00147201 0.0232602 -0.0185727 -0.00664577 0.00272291 0.00193929 0.00438283 0.00800639 0.00572429 -0.0135173 0.0350816
internal_weight=2142 1719.34 422.655 403.724 18.9309 22.9013 16.8945 380.822 367.729 320.394 217.364 201.584 33.0118 15.7796
internal_count=15218 13048 2170 2055 115 106 78 1949 1883 1644 1156 1076 152 80
is_linear=0
shrinkage=0.05


Tree=177
num_leaves=15
num_cat=0
split_feature=9 1 9 2 2 6 8 0 9 9 7 9 11 11
split_gain=2.07549 6.14115 4.67532 7.38627 5.67546 5.86937 4.65306 5.75623 4.27476 4.20415 3.52518 2.96376 5.46961 5.31178
threshold=-0.34194999999999992 0.099100000000000008 -0.5220999999999999 0.20835000000000001 0.70835000000000015 0.039600000000000003 0.70000000000000007 0.62500000000000011 -0.29759999999999992 -0.35284999999999994 0.95750000000000013 0.36710000000000004 0.47220000000000006 0.52780000000000016
decision_type=2 2 2 2 2 2 2 2 2 2 2 2 2 2
left_child=1 2 -1 -4 5 -5 7 -6 -2 10 -3 12 -10 -14
right_child=8 9 3 4 6 -7 -8 -9 11 -11 -12 -13 13 -15
leaf_value=0.0060521889335885407 -0.02097337201584043 -0.0031366845962712553 0.069494874774482213 -0.016526117090070083 -0.022895071520237283 0.054634746662058892 0.076306903345942964 0.04566395998328205 -0.0080969179315191018 0.04246317628138175 0.035045724656664473 0.0016987988682451529 0.029704635478101656 -0.0002937663780017898
leaf_weight=121.30835025664419 24.228972617536783 254.33741170912981 6.8694079779088488 15.462699590250852 4.6655406691133958 2.5215160995721808 4.1256646513938895 5.9045058190822601 279.04966567223892 4.3685703873634329 5.1951623260974875 913.32430863566697 14.20821911934763 496.28403708711267
leaf_count=1230 160 1321 54 144 39 15 32 32 2644 21 25 4445 134 4976
internal_value=0.000227866 0.00335475 0.0110229 0.0257443 0.0147575 -0.00419651 0.0367424 0.0160392 -0.000542651 -0.00134326 -0.00224079 -0.000239817 -0.00248168 0.000597603
internal_weight=2151.85 424.759 160.858 39.5493 32.6799 17.9842 14.6957 10.57 1727.1 263.901 259.533 1702.87 789.542 510.492
internal_count=15272 2913 1546 316 262 159 103 71 12359 1367 1346 12199 7754 5110
is_linear=0
shrinkage=0.05


Tree=178
num_leaves=15
num_cat=0
split_feature=1 5 1 5 7 9 11 7 7 7 3 7 5 11
split_gain=1.98772 3.3398 2.66318 5.64591 4.90589 3.6823 2.38091 2.24928 3.68742 3.44824 3.33582 2.4981 3.79424 4.1929
threshold=-1.3099999999999998 0.15870000000000004 -1.3499999999999999 -0.23545714285714281 -0.74949999999999994 -0.22639999999999996 0.73215000000000019 0.44250000000000006 0.42650000000000005 0.41450000000000004 0.29165000000000002 0.50050000000000006 0.43391547619047627 0.47220000000000006
decision_type=2 2 2 2 2 2 2 2 2 2 2 2 2 2
left_child=1 2 6 4 5 -4 -1 8 9 -2 -11 12 -9 -14
right_child=7 -3 3 -5 -6 -7 -8 11 -10 10 -12 -13 13 -15
leaf_value=0.0040945033167517509 -0.0012656739881368531 0.051470408447343033 0.041243791533116837 -0.025553639072221801 0.082827212597270772 -0.036360234962431778 -0.024446028230338993 0.033854366825289153 -0.027331955205406561 0.0008923197990213322 0.051417280807473931 0.0013675165071998798 -0.016585038345878204 0.018479286086918088
leaf_weight=86.747856910340488 1735.0843722103164 2.9585233256220809 2.3314359486103058 3.0117936059832555 3.6826913878321648 1.8451509508304296 6.9755076500587156 14.941126026213167 12.474358670413492 7.082441031932829 5.1217326149344444 231.78225857391953 13.6088889837265 19.547828398644924
leaf_count=1225 12057 15 22 15 32 48 211 75 58 33 25 1248 68 100
internal_value=-0.000261076 0.00633193 0.00457982 0.0268964 0.0476117 0.00655851 0.00173468 -0.000611666 -0.00127423 -0.00107267 0.0243843 0.00354397 0.0137908 0.00402323
internal_weight=2147.2 107.553 104.594 10.8711 7.85928 4.17659 93.7234 2039.64 1759.76 1747.29 12.2042 279.88 48.0978 33.1567
internal_count=15232 1568 1553 117 102 70 1436 13664 12173 12115 58 1491 243 168
is_linear=0
shrinkage=0.05


Tree=179
num_leaves=15
num_cat=0
split_feature=9 1 5 6 1 6 1 9 6 11 11 9 5 1
split_gain=2.1265 2.26834 2.37098 2.26684 4.4836 2.88547 4.44898 3.0755 2.7753 3.3285 6.14176 2.68616 6.77066 4.67851
threshold=2.1062500000000006 -0.15729999999999997 0.77387380952380946 2.0512500000000005 0.76650000000000007 1.9618500000000003 -0.44229999999999997 -1.0000000180025095e-35 1.91205 0.56350000000000011 0.69050000000000011 1.6859500000000003 0.66439166666666671 0.75245000000000006
decision_type=2 2 2 2 2 2 2 2 2 2 2 2 2 2
left_child=3 -2 -3 5 -5 8 -7 -8 11 -10 -11 -1 -13 -14
right_child=1 2 -4 4 -6 6 7 -9 9 10 -12 12 13 -15
leaf_value=0.00032406310703888235 0.005561803712327327 -0.053519113243321439 -0.005301528139815396 0.047636279161406593 0.0039999111684004994 -0.063392782297966674 -0.034502570999561569 0.00170266748262525 0.034182480948668638 -0.036194669243576068 0.030652857073905929 0.0035293400725959754 -0.045379871812761804 0.0013195216891564439
leaf_weight=1986.1440638268832 6.2695528119802502 4.7406271398067457 5.0265801250934601 6.235403634607791 32.818971209228039 3.1105780005455008 6.850607983767989 22.86156764999032 12.081128090620043 5.7449217364191991 6.0088101327419281 35.265255618840456 15.832055926322939 7.7900832518935195
leaf_count=14472 27 21 22 31 186 14 32 126 61 28 28 164 68 42
internal_value=5.92925e-05 -0.0175357 -0.0315015 0.000199226 0.0119822 -2.53242e-05 -0.0145115 -0.00749663 0.0002114 0.0168254 -0.00229659 9.63556e-06 -0.0104237 -0.0305513
internal_weight=2156.78 16.0368 9.76721 2140.74 39.0544 2101.69 32.8228 29.7122 2068.87 23.8349 11.7537 2045.03 58.8874 23.6221
internal_count=15322 70 43 15252 217 15035 172 158 14863 117 56 14746 274 110
is_linear=0
shrinkage=0.05


Tree=180
num_leaves=15
num_cat=0
split_feature=11 5 9 8 3 7 7 1 8 5 9 5 9 1
split_gain=2.10785 5.55222 5.9818 5.6822 4.31991 6.40953 5.79695 5.69278 5.4862 6.19338 6.64114 5.20325 4.21316 5.23947
threshold=0.52780000000000016 0.735232142857143 1.6662000000000001 0.70000000000000007 0.12500000000000003 -0.045499999999999992 -0.012499999999999999 0.95565000000000011 0.90000000000000013 0.89285000000000014 0.53495000000000015 0.84077500000000016 0.53495000000000015 0.68905000000000005
decision_type=2 2 2 2 2 2 2 2 2 2 2 2 2 2
left_child=-1 12 3 -3 6 -6 7 11 9 -7 -11 -5 -2 -14
right_child=1 2 -4 4 5 8 -8 -9 -10 10 -12 -13 13 -15
leaf_value=0.00219176152462365 -0.00068237965339726782 0.017937235754693161 -0.02091663319106676 0.030582448012848325 -0.021329271197066839 0.019910290588885066 0.002534078156600672 0.046394941772010492 0.011937512010802518 -0.054710109432804438 -0.00032112462340120267 -0.031505442454442173 -0.011716805303914144 0.0047968012345749019
leaf_weight=936.55117359757423 605.35865114117041 77.637030512094498 20.588027440011501 6.1151468455791491 36.129068292677402 8.8480005636811274 76.185735769569874 16.86138828098774 60.539443902671337 10.401430085301401 11.077581062912939 5.4197553023695946 217.84274189174175 60.935264587402344
leaf_count=6301 6034 363 93 36 193 40 358 87 297 45 48 29 1052 301
internal_value=0.000410779 -0.000963917 0.00456379 0.00632227 0.00236794 -0.00381954 0.00984651 0.0287118 0.00329884 -0.0137765 -0.0279217 0.00122389 -0.0030287 -0.00810302
internal_weight=2150.49 1213.94 329.803 309.215 231.578 126.996 104.582 28.3963 90.8665 30.327 21.479 11.5349 884.137 278.778
internal_count=15277 8976 1589 1496 1133 623 510 152 430 133 93 65 7387 1353
is_linear=0
shrinkage=0.05


Tree=181
num_leaves=15
num_cat=0
split_feature=5 3 2 2 5 1 1 7 7 7 9 3 6 9
split_gain=2.20194 4.57934 4.49198 3.73284 2.17704 7.28092 2.65185 4.94288 3.5088 4.94835 4.29046 3.88141 2.1398 4.3289
threshold=1.3854000000000002 0.62500000000000011 0.95835000000000015 0.37500000000000006 1.2310178571428574 1.0332500000000002 1.3736500000000003 0.71250000000000002 0.082500000000000018 0.18350000000000002 1.2242000000000002 0.37500000000000006 2.1740000000000004 2.1062500000000006
decision_type=2 2 2 2 2 2 2 2 2 2 2 2 2 2
left_child=4 3 -3 -2 12 -6 8 -8 11 -10 -11 -7 13 -1
right_child=1 2 -4 -5 5 6 7 -9 9 10 -12 -13 -14 -15
leaf_value=0.0005220098070868568 0.0041624988028494542 -0.03978516012464145 0.017060452522112548 0.02662959960208644 0.038794200549275702 -8.31998738915389e-05 -0.049395595788329166 0.0057437803565564315 0.045121506258797656 -0.040133210080691921 0.019327941255805101 -0.053764658077305551 0.016224009468985525 -0.043115735178823396
leaf_weight=1977.450406023534 48.88491752743721 7.9807333648204786 4.9337778836488724 29.190723620355129 5.8000047802925101 7.129509165883066 11.455904543399813 5.7485717535018912 5.055085837841033 5.0893282592296583 5.1742593199014664 5.3863968253135681 20.589189108461142 4.6996493637561789
leaf_count=14407 232 36 28 165 26 35 49 27 23 25 23 22 106 21
internal_value=0.000645171 0.00821333 -0.0184029 0.012793 0.000306006 -0.00981068 -0.0167766 -0.0316683 -0.00679298 0.00907954 -0.011102 -0.0254544 0.000567583 0.000396856
internal_weight=2144.57 90.9902 12.9145 78.0756 2053.58 50.8391 45.0391 17.2045 27.8346 15.3187 10.2636 12.5159 2002.74 1982.15
internal_count=15225 461 64 397 14764 230 204 76 128 71 48 57 14534 14428
is_linear=0
shrinkage=0.05


Tree=182
num_leaves=15
num_cat=0
split_feature=9 9 9 9 8 5 1 5 5 7 1 2 2 5
split_gain=1.67172 4.5336 4.81165 3.1404 3.69691 5.29901 6.41524 4.82677 4.73279 3.27008 6.00205 4.30837 5.74224 4.812
threshold=-0.70274999999999987 -0.63624999999999987 -0.57779999999999987 -0.34194999999999992 0.70000000000000007 -0.20251111111111106 -1.0179999999999998 0.082908333333333348 0.57591666666666674 -0.50749999999999995 -1.3499999999999999 0.45835000000000009 0.70835000000000015 -0.41843214285714275
decision_type=2 2 2 2 2 2 2 2 2 2 2 2 2 2
left_child=-1 -2 -3 4 9 6 -6 -7 -9 10 -4 13 -13 -12
right_child=1 2 3 -5 5 7 -8 8 -10 -11 11 12 -14 -15
leaf_value=-0.0040219931541369087 0.018789956687633912 -0.021786132501630289 -0.035537872461152635 -0.00021451580345047141 -0.009495268355849365 -0.027864620740118501 0.059571298437269438 0.035391134682674748 -0.01575287527526327 -0.0044270312213594331 0.077876243080907612 -0.043075434711875638 0.025490712864229492 0.0017488848025203328
leaf_weight=242.36705372296274 31.859142394736409 23.880669942125678 3.7977159246802357 1723.5429505305365 4.2383660245686761 6.9038615897297886 11.672775644809006 12.366808459162714 6.1258965581655493 60.830107539892197 5.2787108458578587 3.1571351513266555 10.685485199093817 3.1709683090448397
leaf_count=1772 195 159 44 12373 42 42 83 59 27 301 51 34 69 27
internal_value=-0.000119389 0.000378321 5.57414e-05 0.000349024 0.00786675 0.0199909 0.0417 0.00532551 0.0185102 0.00194305 0.0164104 0.0264061 0.00800404 0.0525157
internal_weight=2149.88 1907.51 1875.65 1851.77 128.228 41.3077 15.9111 25.3966 18.4927 86.9201 26.09 22.2923 13.8426 8.44968
internal_count=15278 13506 13311 13152 779 253 125 128 86 526 225 181 103 78
is_linear=0
shrinkage=0.05


Tree=183
num_leaves=15
num_cat=0
split_feature=8 9 5 5 6 2 7 7 7 7 5 0 5 7
split_gain=1.26342 2.68346 2.89301 3.32343 4.16611 2.62702 3.6712 3.51965 3.64601 3.49048 3.87551 2.28035 3.30994 6.51102
threshold=0.50000000000000011 -0.90929999999999989 -0.62751785714285691 -0.28025714285714282 0.46465000000000006 0.54165000000000008 0.64150000000000007 0.32050000000000006 -0.53849999999999987 -0.12549999999999997 0.41130952380952385 0.87500000000000011 0.051050000000000019 -0.15649999999999997
decision_type=2 2 2 2 2 2 2 2 2 2 2 2 2 2
left_child=1 -1 -3 -4 -5 9 7 8 -7 -6 -11 -2 13 -13
right_child=11 2 3 4 5 6 -8 -9 -10 10 -12 12 -14 -15
leaf_value=0.021715093645345105 -7.2728217340958028e-05 0.027316144543557769 -0.031226325359730078 0.035581799345132892 -0.045553951302803652 0.037818015830033198 -0.031711860716521677 0.040925539183449371 -0.012204535729775133 0.012644211994874786 -0.029494766051516637 0.027901407649903044 0.030661879184702173 -0.045868077918858559
leaf_weight=7.099414210766553 2032.3127436034847 4.3652762845158568 14.982945904135702 4.6554658375680438 8.2707082629203814 3.6648208424448994 5.8729376047849646 5.5978405252099028 15.638885393738752 10.459123507142069 9.5390297025442106 5.5921465009450912 13.434211881831287 4.497075669467451
leaf_count=40 14581 28 84 25 39 19 41 39 79 56 43 29 129 27
internal_value=-0.000145222 -0.00590566 -0.00849714 -0.0108019 -0.00558943 -0.00937425 0.000799728 0.00939575 -0.00131284 -0.0200989 -0.0079033 0.000110116 0.0152658 -0.00615103
internal_weight=2145.98 90.1464 83.047 78.6818 63.6988 59.0433 30.7745 24.9015 19.3037 28.2689 19.9982 2055.84 23.5234 10.0892
internal_count=15259 493 453 425 341 316 178 137 98 138 99 14766 185 56
is_linear=0
shrinkage=0.05


Tree=184
num_leaves=15
num_cat=0
split_feature=0 9 6 5 5 9 2 9 3 5 8 3 1 5
split_gain=2.17436 1.8805 2.38652 3.07362 4.76366 2.45165 4.15042 2.43756 1.87949 1.95072 1.79351 3.68519 6.94233 6.73881
threshold=0.87500000000000011 1.7935000000000001 1.7772500000000002 0.41130952380952385 0.15088333333333334 0.8267500000000001 0.62500000000000011 0.95070000000000021 0.95835000000000015 -0.27015555555555548 0.70000000000000007 0.20835000000000001 -1.1539999999999997 -1.2052928571428569
decision_type=2 2 2 2 2 2 2 2 2 2 2 2 2 2
left_child=10 2 3 4 5 6 -2 -5 -8 -10 -1 13 -13 -12
right_child=1 -3 -4 7 -6 -7 8 -9 9 -11 11 12 -14 -15
leaf_value=-0.0016064407243619309 -0.0080461690287157682 -0.017276540647222456 0.046030610348991585 -0.050393686830705914 0.049691409017495955 -0.012540161054528152 0.053445490121019706 0.010745044200398979 -0.010212096933230325 0.036527822024920047 0.040606084363917792 -0.018722162087785595 0.0064730467405169348 -0.0027390776486939813
leaf_weight=1237.047986893449 10.609000787138941 5.0241112709045401 3.8764518760144702 2.7116284184157839 6.4828607700765124 11.63353671133518 5.3203109353780729 2.3857547305524349 3.8502962291240639 3.3974945880472713 8.1597697532270086 28.437685403972864 389.81874924246222 428.92358332313597
leaf_count=7457 52 31 42 24 66 62 31 26 18 25 498 441 2750 3709
internal_value=-0.000129025 0.00956839 0.0125361 0.00882507 0.013451 0.00550274 0.0147033 -0.0247094 0.0330843 0.0134702 -0.000389728 0.00136978 0.00471943 -0.00183904
internal_weight=2147.68 55.2914 50.2673 46.3909 41.2935 34.8106 23.1771 5.09738 12.5681 7.24779 2092.39 855.34 418.256 437.083
internal_count=15232 377 346 304 254 188 126 50 74 43 14855 7398 3191 4207
is_linear=0
shrinkage=0.05


Tree=185
num_leaves=15
num_cat=0
split_feature=8 9 9 6 6 1 9 1 7 7 5 5 6 3
split_gain=1.65152 1.96801 3.59871 3.28528 5.00482 2.94954 2.35658 2.28452 2.62248 2.68023 2.13657 2.05174 2.01261 2.77536
threshold=0.50000000000000011 0.23170000000000004 0.06405000000000001 1.5926500000000001 1.3425000000000002 1.4723000000000002 1.6452000000000002 0.5787000000000001 -0.42149999999999993 -0.012499999999999999 0.32040119047619053 -0.18454285714285715 0.89765000000000017 0.45835000000000009
decision_type=2 2 2 2 2 2 2 2 2 2 2 2 2 2
left_child=1 2 5 4 7 12 -5 8 11 -10 -8 -3 -1 -14
right_child=-2 3 -4 6 -6 -7 10 -9 9 -11 -12 -13 13 -15
leaf_value=-0.0075381608441671454 0.00051831706935386859 -0.01820901496480222 0.039155300959076766 0.03874548199546049 -0.048816325479455296 -0.040221413703093983 -0.025781204522133051 0.0082866886698502156 -0.052662806040547495 -0.0031475503714075343 0.017774651488023447 0.022008121054142449 0.046425310379116534 -0.0048585853001541033
leaf_weight=17.075315030291684 2051.6649790152442 6.1296506449580139 4.7724641375243655 3.6262876763939849 9.4931050539016706 3.7311260327696791 4.6811447367072088 11.908233992755411 6.4896374642848969 4.5144270807504707 4.6206565909087658 4.7123195827007294 4.0947186574339849 5.11924809217453
leaf_count=108 14740 33 27 24 50 21 24 64 30 23 26 22 20 28
internal_value=0.000224725 -0.00633047 0.00296898 -0.0120414 -0.0185583 -0.0038605 0.00952652 -0.00888876 -0.018204 -0.0343036 -0.00451975 -0.000346775 0.00258484 0.0202461
internal_weight=2142.63 90.9683 34.7929 56.1755 43.2474 30.0204 12.9281 33.7543 21.846 11.0041 9.3018 10.842 26.2893 9.21397
internal_count=15240 500 204 296 222 177 74 172 108 53 50 55 156 48
is_linear=0
shrinkage=0.05


Tree=186
num_leaves=15
num_cat=0
split_feature=1 5 2 9 9 5 2 6 9 8 9 2 9 6
split_gain=2.87947 3.66724 3.90277 5.35361 4.07292 3.07091 5.56513 5.50693 2.7065 3.4195 6.15959 4.44548 3.29618 5.41783
threshold=1.7132500000000002 0.059323809523809522 0.70835000000000015 0.68175000000000019 -0.094799999999999982 1.8159345238095239 0.54165000000000008 1.8498500000000002 0.33435000000000004 0.90000000000000013 1.2615500000000004 0.29165000000000002 0.31275000000000003 0.32965000000000005
decision_type=2 2 2 2 2 2 2 2 2 2 2 2 2 2
left_child=8 -2 3 4 -3 6 -6 -8 12 -10 11 -11 -1 -14
right_child=1 2 -4 -5 5 -7 7 -9 9 10 -12 -13 13 -15
leaf_value=-0.0023881339686994442 -0.029355788147760221 -0.0079205968190543888 0.020414358746403103 -0.028723695729720219 0.03568656535164727 -0.0020484731036049201 -0.045740977428586654 0.027547236686806805 0.00042356113441566158 0.075756410704307831 -0.01584735137280335 0.018575638575200407 0.01591596828068163 -0.045222576284258166
leaf_weight=1088.3600673030596 5.8754399865865699 28.727027267217636 42.748235229402781 11.184064902365206 24.59126340597868 16.593196213245392 4.1960759460926038 4.1289786659181118 860.59790229797363 3.8479076623916688 8.587371312081812 15.071115486323832 4.8071270361542693 9.8847822025418264
leaf_count=10042 29 130 283 60 125 88 21 22 4160 21 40 73 30 46
internal_value=-0.000580171 0.0063769 0.00817388 0.00216116 0.006883 0.0154593 0.0240852 -0.0103361 -0.00106546 0.000988406 0.018026 0.0334249 -0.00271849 -0.0254789
internal_weight=2129.2 138.044 132.169 89.4206 78.2365 49.5095 32.9163 8.32505 1991.16 888.104 27.5064 18.919 1103.05 14.6919
internal_count=15170 758 729 446 386 256 168 43 14412 4294 134 94 10118 76
is_linear=0
shrinkage=0.05


Tree=187
num_leaves=15
num_cat=0
split_feature=6 9 5 8 7 11 7 0 5 1 9 2 7 7
split_gain=2.41772 4.03931 3.81656 3.33184 5.94156 3.74143 3.7378 5.53619 3.5587 3.2916 3.31595 3.64868 3.19044 4.02908
threshold=0.38750000000000007 0.36710000000000004 0.38730000000000003 0.90000000000000013 -0.89949999999999986 0.94445000000000012 -0.28149999999999992 0.62500000000000011 1.5734250000000001 0.56575000000000009 0.8005000000000001 0.87500000000000011 -0.66549999999999987 -0.64549999999999985
decision_type=2 2 2 2 2 2 2 2 2 2 2 2 2 2
left_child=1 2 -1 5 -5 8 7 -6 12 -8 11 -11 -2 -14
right_child=3 -3 -4 4 6 -7 9 -9 -10 10 -12 -13 13 -15
leaf_value=0.0018089519751699633 -0.0092202321501907211 0.038090772685811153 0.054368711876642023 0.069832780475929307 -0.020637679638974948 -0.03702737891647833 0.027754567203545601 0.049159988796025803 -0.025843164632336608 0.001761095600563126 -0.027806091404458839 0.01993674386203639 0.033360667363775576 -0.0011140209723334918
leaf_weight=510.15275046858005 125.25314252451062 6.9526116028428069 2.4790854714810839 2.4213094860315314 25.441316924989227 6.6300654709339133 14.784764274954794 2.2284150272607794 14.367015078663824 142.01590579748154 6.912236087024211 33.348820112645626 7.5336682870984069 1248.0260637514293
leaf_count=6986 715 36 19 16 234 32 107 10 70 740 32 173 39 6063
internal_value=-0.000245198 0.00272141 0.00216849 -0.00119254 0.0044124 -0.00210327 0.0034013 -0.0134978 -0.00191091 0.0058303 0.00391026 0.00531097 -0.00164337 -0.00088078
internal_weight=2148.55 519.584 512.632 1628.96 227.153 1401.81 224.731 27.6697 1395.18 197.062 182.277 175.365 1380.81 1255.56
internal_count=15272 7041 7005 8231 1312 6919 1296 244 6887 1052 945 913 6817 6102
is_linear=0
shrinkage=0.05


Tree=188
num_leaves=15
num_cat=0
split_feature=1 5 5 11 2 11 1 8 9 2 11 2 3 5
split_gain=1.64601 7.57074 2.58987 5.00036 4.98941 5.10059 3.54367 6.81069 3.61098 3.30111 3.95309 3.15367 3.35538 5.43241
threshold=1.2820000000000003 1.2951000000000004 1.0725333333333336 0.84520000000000006 0.29165000000000002 0.58570000000000011 1.0917500000000002 0.70000000000000007 0.33435000000000004 0.95835000000000015 0.69050000000000011 0.87500000000000011 0.12500000000000003 0.075023809523809479
decision_type=2 2 2 2 2 2 2 2 2 2 2 2 2 2
left_child=1 2 6 4 5 -4 -1 8 11 10 -6 12 -8 -14
right_child=-2 -3 3 -5 9 -7 7 -9 -10 -11 -12 -13 13 -15
leaf_value=0.00039807190227615424 -0.0026924497199397671 0.045794270689583243 0.00068471082791811476 -0.031164312907129146 -0.0083372293735243085 0.051636547793764254 0.024960347794709226 0.02930936841396424 0.012142265352289273 0.0088310543993556714 -0.053203824342306451 -0.033437670737715613 0.021416619748045762 -0.031298311822658326
leaf_weight=1561.1690784422681 405.96628665551543 8.3152442499995214 15.120793834328653 17.416490226984024 14.684719130396845 6.2946074008941642 7.8631329983472851 30.568065002560616 38.020420927554369 10.757259801030157 6.7525999695062628 9.1298640072345716 6.9243483021855381 12.092929810285566
leaf_count=12354 2035 40 77 80 62 31 37 138 194 46 28 41 30 52
internal_value=0.000171247 0.000838592 0.00059713 -0.00868621 -0.000946707 0.0172964 0.000997935 0.00986252 0.0015491 -0.0132373 -0.0242112 -0.00966126 -0.000675993 -0.0119933
internal_weight=2151.08 1745.11 1736.79 71.0265 53.61 21.4154 1665.77 104.599 74.0307 32.1946 21.4373 36.0103 26.8804 19.0173
internal_count=15245 13210 13170 324 244 108 12846 492 354 136 90 160 119 82
is_linear=0
shrinkage=0.05


Tree=189
num_leaves=15
num_cat=0
split_feature=7 9 9 7 1 1 5 5 9 1 9 5 5 1
split_gain=1.28894 4.46341 2.76222 5.24666 4.07882 2.23627 1.69691 1.64785 1.61412 1.92698 1.47961 1.77235 2.98706 1.43449
threshold=0.86850000000000016 -0.25014999999999993 0.90415000000000012 1.0135000000000003 1.0917500000000002 1.8531500000000001 0.81472500000000014 -1.6931499999999999 0.26950000000000002 1.5831000000000002 0.022150000000000006 1.143159523809524 0.62364285714285728 -1.17275
decision_type=2 2 2 2 2 2 2 2 2 2 2 2 2 2
left_child=7 -2 4 -4 -3 8 -5 -1 -6 -10 -7 12 -12 -9
right_child=1 2 3 6 5 10 -8 13 9 -11 11 -13 -14 -15
leaf_value=-0.035472270205424615 0.037715645864138198 -0.052665900072427274 0.044276470908007189 0.014975513960636136 0.034783848786984171 -0.038299856043743905 -0.030846937998668042 0.0045330635623651132 -0.023718021284091031 0.023460033603907797 -0.022964762389848608 -0.027707738146078228 0.037589788889338879 -0.00076000122277556802
leaf_weight=2.3573863380588582 8.8956050723791105 3.4546305835247066 7.3882249332964403 2.5617086365818977 4.6136199086904544 3.3826814964413634 4.1062495410442352 135.96213839063421 3.542422853410244 3.1371643971651793 2.7185246795415861 3.4561422169208527 3.6821626201272011 1957.401329651475
leaf_count=297 45 19 56 24 23 18 26 1708 21 25 23 18 27 12944
internal_value=-0.000277939 0.00750309 0.000382983 0.0177487 -0.00865006 -0.000631941 -0.0135856 -0.000470555 0.0150151 -0.0013906 -0.0140959 -0.00302696 0.012243 -0.000414221
internal_weight=2146.66 50.9391 42.0435 14.0562 27.9873 24.5327 6.66796 2095.72 11.2932 6.67959 13.2395 9.85683 6.40069 2093.36
internal_count=15274 325 280 106 174 155 50 14949 69 46 86 68 50 14652
is_linear=0
shrinkage=0.05


Tree=190
num_leaves=15
num_cat=0
split_feature=0 9 5 5 1 1 1 11 1 9 2 1 3 9
split_gain=2.29555 3.49854 3.0471 4.0117 2.69672 2.27902 2.67035 2.89764 1.93974 1.47273 6.09406 5.54426 4.07521 3.36651
threshold=0.87500000000000011 1.5348000000000002 0.41130952380952385 0.12484583333333339 0.30655000000000004 -0.48614999999999992 0.27465000000000006 0.30950000000000005 1.2449000000000001 1.4713000000000003 0.37500000000000006 0.49305000000000004 0.45835000000000009 1.3750500000000001
decision_type=2 2 2 2 2 2 2 2 2 2 2 2 2 2
left_child=9 2 3 5 -3 -2 -7 -8 -4 13 -11 12 -12 -1
right_child=1 4 8 -5 -6 6 7 -9 -10 10 11 -13 -14 -15
leaf_value=6.1550872552592278e-05 0.033750062133132273 -0.033568952754629421 -0.042186524374595573 0.050642702116444109 0.01878728163799848 -0.018698247963083343 -0.0081287501585175139 0.033089060140428582 0.011987609793337212 0.018530655619120533 -0.025081279747922208 0.013919345906062589 -0.0015712027348224772 -0.01376322356185513
leaf_weight=1865.0391781134531 7.8545380607247344 6.1584733575582487 2.5224621742963782 7.9941189568489781 2.9580400921404362 7.7894378080964151 7.0051403418183318 8.7462453842163068 2.4615433439612389 53.002264261245728 24.983189798891544 39.395314235240221 63.941904425621033 44.100300498306751
leaf_count=13851 38 34 21 88 27 37 41 56 28 233 108 211 275 202
internal_value=0.000409208 0.0105406 0.0163157 0.0209808 -0.016403 0.0120979 0.00379267 0.0153672 -0.0178985 0.000145054 0.00443853 -0.00148045 -0.00838174 -0.000264834
internal_weight=2143.95 53.49 44.3735 39.3895 9.11651 31.3954 23.5408 15.7514 4.98401 2090.46 181.323 128.32 88.9251 1909.14
internal_count=15250 370 309 260 61 172 134 97 49 14880 827 594 383 14053
is_linear=0
shrinkage=0.05


Tree=191
num_leaves=15
num_cat=0
split_feature=7 1 6 7 9 5 2 11 6 9 11 8 11 6
split_gain=1.69585 1.3332 3.27646 2.02513 1.43459 2.03864 1.35526 5.24925 4.24622 4.10191 8.108 4.79999 9.19622 3.87306
threshold=1.2650000000000003 -2.0049999999999994 0.24425000000000002 -1.4994999999999998 0.17665000000000003 -0.29895714285714275 0.12500000000000003 0.18335000000000004 -0.60594999999999988 -0.72074999999999989 0.43650000000000005 0.90000000000000013 0.58570000000000011 -1.0562499999999997
decision_type=2 2 2 2 2 2 2 2 2 2 2 2 2 2
left_child=1 2 -1 4 -3 -6 -5 -8 9 -9 13 12 -12 -11
right_child=-2 3 -4 6 5 -7 7 8 -10 10 11 -13 -14 -15
leaf_value=-0.020141385886640575 0.022977931310230182 -0.036701651631439486 0.034005610233677777 -0.0028300967346676868 0.02614770936740814 -0.027981146056136198 0.033654233482374458 3.1386939064010587e-05 -5.6264412602316776e-05 -0.0055330364349717625 -0.014883082289351542 -0.023752084127419866 0.062607504314010382 0.08844585778733477
leaf_weight=3.382511717034502 7.0767312869429579 5.4232155880890769 7.4204016961157322 342.70100179780275 2.5151025876402855 2.4442642107605934 10.930636178702114 25.893474424257874 1710.7189705446362 1.1936303931288419 6.6954055763781088 6.1228920673020175 7.0644115768373013 5.2200663648545769
leaf_count=129 53 227 50 4232 25 20 72 374 9486 51 140 244 115 62
internal_value=0.000109971 2.35607e-05 0.0167815 -6.94016e-05 -0.0211029 -0.000748834 4.36941e-05 0.000600184 0.000376275 0.0142889 0.0278124 0.0105914 0.0264476 0.0725686
internal_weight=2144.8 2137.73 10.8029 2126.92 10.3826 4.95937 2116.54 1773.84 1762.91 52.1899 26.2964 19.8827 13.7598 6.4137
internal_count=15280 15227 179 15048 272 45 14776 10544 10472 986 612 499 255 113
is_linear=0
shrinkage=0.05


Tree=192
num_leaves=15
num_cat=0
split_feature=11 5 7 7 1 11 0 3 5 2 7 10 1 1
split_gain=2.47283 4.82828 4.24065 4.87475 3.16242 3.87924 3.13478 4.0877 3.80699 4.81241 5.09696 3.78023 4.58605 7.22683
threshold=0.76390000000000013 1.2951000000000004 0.29750000000000004 0.22050000000000003 1.5589000000000002 0.94445000000000012 0.62500000000000011 1.0000000180025095e-35 1.0537928571428574 0.20835000000000001 -0.15649999999999997 1.0000000180025095e-35 0.81615000000000015 -0.28044999999999992
decision_type=2 2 2 2 2 2 2 2 2 2 2 2 2 2
left_child=-1 2 3 6 5 -3 7 11 9 10 -9 12 13 -2
right_child=1 4 -4 -5 -6 -7 -8 8 -10 -11 -12 -13 -14 -15
leaf_value=0.00039689934729179605 0.021614869595287522 0.044161238280654956 -0.030478736965618192 0.037700462126384983 -0.001879337564027252 -0.0037319118770541178 -0.024756180787583071 -0.04094488514317679 -0.032985142875171944 9.4312492634580442e-05 0.017861479753873005 0.050158956919864418 0.025877869145840234 -0.023305212416546754
leaf_weight=1901.385003416799 13.210686218459154 10.414007142186167 18.211412243545055 5.2724277079105368 21.130596652626991 6.4841681420803061 21.31756480038166 14.865970098180698 15.006839901208876 67.305359625723213 4.1673665940761557 3.5276746973395339 13.860004462301729 23.375021275132898
leaf_count=12952 275 46 84 22 121 28 103 498 68 706 31 25 69 199
internal_value=-0.000205606 -0.00499756 -0.0081031 -0.00570862 0.0111337 0.026602 -0.00720928 -0.004658 -0.0105415 -0.00630753 -0.0278203 0.00638028 0.00240336 -0.00694155
internal_weight=2139.53 238.149 200.12 181.909 38.0288 16.8982 176.636 155.319 101.346 86.3387 19.0333 53.9734 50.4457 36.5857
internal_count=15227 2275 2080 1996 195 74 1974 1871 1303 1235 529 568 543 474
is_linear=0
shrinkage=0.05


Tree=193
num_leaves=15
num_cat=0
split_feature=7 8 11 3 7 3 9 2 7 0 7 1 2 5
split_gain=2.78861 3.62466 8.14198 5.56122 6.18643 5.07128 6.81693 3.65705 5.23857 3.13656 3.56091 6.54952 2.71426 2.67755
threshold=-0.34349999999999997 0.90000000000000013 0.58570000000000011 1.0000000180025095e-35 -0.45649999999999996 0.37500000000000006 0.11105000000000001 0.12500000000000003 -0.52049999999999985 0.37500000000000006 -0.37949999999999995 0.60750000000000004 0.45835000000000009 -0.74809880952380958
decision_type=2 2 2 2 2 2 2 2 2 2 2 2 2 2
left_child=1 -1 3 -3 5 7 -7 8 -5 10 -4 -12 -11 -2
right_child=13 2 9 4 -6 6 -8 -9 -10 12 11 -13 -14 -15
leaf_value=-0.0015040676483105495 0.017563821243546805 -0.020008495368781798 -0.035607865176491442 -0.010998803405275913 -0.018109715149077985 -0.040271460050935119 0.062914828612506885 0.12185680822011216 0.099991157186248666 0.031550889805456096 -0.031290812300740115 0.063922044114362572 -0.015916640388409394 0.00080915715439978497
leaf_weight=636.80358279054053 23.258150262758136 7.6468028933741179 35.497352492529899 2.5056573031470184 4.0430216249078486 2.5013694143854082 1.9673150479793546 2.0529869990423322 0.65445678308606137 3.4486084319651118 3.7112257825210682 1.9384524747729299 8.3247178029268962 1415.5901354178786
leaf_count=5647 208 217 1397 90 57 50 10 39 15 30 74 17 62 7392
internal_value=-0.00017387 -0.00273319 -0.0131089 0.0125269 0.0307818 0.0509824 0.00835354 0.0802981 0.0304975 -0.0235021 -0.0298759 0.00607756 -0.000631051 0.001092
internal_weight=2149.94 711.096 74.292 21.3716 13.7248 9.68179 4.46868 5.2131 3.16011 52.9204 41.147 5.64968 11.7733 1438.85
internal_count=15305 7705 2058 478 261 204 60 144 105 1580 1488 91 92 7600
is_linear=0
shrinkage=0.05


Tree=194
num_leaves=15
num_cat=0
split_feature=6 7 2 3 9 6 9 6 5 2 8 3 0 7
split_gain=1.8183 2.50136 2.1118 7.12998 3.48414 3.5647 1.80139 3.29139 3.76461 10.3011 5.27346 4.34998 4.95059 5.34834
threshold=2.0512500000000005 -0.31849999999999995 0.87500000000000011 0.70835000000000015 0.022150000000000006 2.1740000000000004 -0.34194999999999992 1.4014500000000003 0.11718750000000001 0.29165000000000002 0.70000000000000007 0.20835000000000001 0.62500000000000011 -0.98049999999999982
decision_type=2 2 2 2 2 2 2 2 2 2 2 2 2 2
left_child=6 -2 3 4 -3 -6 7 8 11 -10 -11 -1 -13 -14
right_child=1 2 -4 -5 5 -7 -8 -9 9 10 -12 12 13 -15
leaf_value=0.011400032277048255 0.047533175322672476 -0.0080891686676205238 0.02287790293652199 -0.050223107553393515 0.038524755907124897 -0.0051340347988853658 -0.00097274968840967569 -0.0076088472549789322 -0.020280427374773296 0.015946694326573582 0.062587375913563587 -0.0069186625762803506 0.053646433870827639 0.0049652486320011773
leaf_weight=99.553597065620124 2.9072923809289923 16.472537253051996 12.610113799571989 5.0357611253857604 11.712473228573801 7.0589649602770796 1680.1695267867763 64.21204712241888 10.645212657749651 15.081528067588806 10.347573935985565 136.03625353239477 5.1609681174159041 70.975136332213879
leaf_count=753 12 81 82 24 60 35 12149 291 56 67 45 1250 39 341
internal_value=-6.49823e-06 0.00882076 0.00585023 9.44032e-05 0.00847125 0.0226777 -0.000246017 0.00271275 0.00463471 0.0197035 0.0365757 0.00283346 -0.0012207 0.00891785
internal_weight=2147.98 55.7971 52.8899 40.2797 35.244 18.7714 2092.18 412.012 347.8 36.0743 25.4291 311.726 212.172 76.1361
internal_count=15285 294 282 200 176 95 14991 2842 2551 168 112 2383 1630 380
is_linear=0
shrinkage=0.05


Tree=195
num_leaves=15
num_cat=0
split_feature=9 9 1 1 5 7 9 3 1 1 5 9 9 6
split_gain=2.38827 3.13826 3.69032 3.28458 2.35047 2.17795 2.397 2.25245 1.6722 3.85875 3.54863 2.87944 2.8976 2.81008
threshold=-1.7097999999999998 -1.5655999999999997 0.13155000000000003 0.84440000000000015 -0.98436785714285702 0.22850000000000004 -1.8874999999999997 0.54165000000000008 -1.1228499999999999 -1.0179999999999998 0.17475952380952384 1.2717500000000002 1.5577000000000003 1.0523000000000002
decision_type=2 2 2 2 2 2 2 2 2 2 2 2 2 2
left_child=5 2 4 -4 -2 6 7 -1 10 -10 11 13 -13 -3
right_child=1 8 3 -5 -6 -7 -8 -9 9 -11 -12 12 -14 -15
leaf_value=-0.024527042833161133 0.0088581335710324043 0.0032831064879823321 -0.029937908502340366 0.025145171596670242 0.069484815669835651 0.021251411542438557 -0.043768940778397852 0.014911146447400074 -0.017930909233039773 -9.297690887162622e-05 0.040056405884336843 -0.032249578168463973 0.010576296222471027 0.027269412781503428
leaf_weight=7.3483056668192184 2.9234987981617442 116.98682621773332 3.9753018766641599 4.934418149292469 3.7047082334756851 2.6263284534215918 6.7553299395367512 5.5067834295332432 29.804212323855609 1920.6424723574892 5.9272788912057868 9.5080613419413549 5.6970223784446707 12.692780897021292
leaf_count=66 41 2005 28 23 22 12 68 42 419 12404 28 45 25 62
internal_value=1.44817e-05 0.000189397 0.021885 2.74307e-05 0.047411 -0.0159279 -0.0216967 -0.00777589 1.86335e-05 -0.000374602 0.00507331 0.00337737 -0.0165412 0.00582155
internal_weight=2139.03 2116.8 15.5379 8.90972 6.62821 22.2367 19.6104 12.8551 2101.26 1950.45 150.812 144.885 15.2051 129.68
internal_count=15290 15102 114 51 63 188 176 108 14988 12823 2165 2137 70 2067
is_linear=0
shrinkage=0.05


Tree=196
num_leaves=15
num_cat=0
split_feature=5 1 11 7 1 5 3 9 5 9 7 5 7 5
split_gain=2.12124 2.8171 3.40446 1.77939 2.25377 4.53011 3.80494 3.60122 7.72382 3.3859 2.60841 2.4144 3.7528 2.29029
threshold=-1.4208821428571425 -2.0049999999999994 0.64585000000000015 -1.4994999999999998 -1.2899999999999998 -0.14046249999999996 0.45835000000000009 -0.14414999999999997 -1.1815678571428569 -1.0000000180025095e-35 -0.95749999999999991 -0.94009999999999994 -0.42649999999999993 -0.60106428571428561
decision_type=2 2 2 2 2 2 2 2 2 2 2 2 2 2
left_child=-1 2 -2 -3 5 7 -7 8 -5 -9 13 12 -12 -11
right_child=1 3 -4 4 -6 6 -8 9 -10 10 11 -13 -14 -15
leaf_value=-0.025809169867865647 0.041477461848444162 -0.020225901054828695 -0.018076166072391694 -0.041743327270754756 -0.00041255540357348805 -0.0010024039447781373 0.050756150487916589 -0.045588965422790319 0.032495462211422181 0.0074127649341166934 0.059867341952538393 0.0017504682684507989 -0.027739380512634217 -0.027922359050988284
leaf_weight=7.0183767233975223 7.3012331128120405 10.007083142176269 2.7092271260917187 3.3979802932590273 2016.5632282090373 5.4578336998820296 8.9628919139504415 3.608941674232482 17.91737886890769 6.6987191354855922 3.4375878861173987 25.555535778403289 1.014334950596093 11.480737432837481
leaf_count=662 57 210 25 60 13421 26 41 35 169 130 99 147 15 72
internal_value=-0.000140509 -4.35915e-05 0.025182 -0.000174886 -6.99608e-05 0.00773825 0.0323723 0.00250809 0.0193204 -0.00464553 -0.000714581 0.00826494 0.03848 -0.0151945
internal_weight=2131.13 2124.11 10.0105 2114.1 2104.1 87.5319 14.4207 73.1112 21.3154 51.7959 48.1869 30.0075 4.45192 18.1795
internal_count=15169 14507 82 14425 14215 794 67 727 229 498 463 261 114 202
is_linear=0
shrinkage=0.05


Tree=197
num_leaves=15
num_cat=0
split_feature=0 3 11 7 1 7 11 10 8 1 5 2 5 5
split_gain=1.51495 4.38281 5.60527 5.26861 5.10155 7.00568 4.97548 4.27548 4.18613 4.15525 6.27068 4.57557 3.20461 9.60622
threshold=0.62500000000000011 1.0000000180025095e-35 0.76390000000000013 0.9105000000000002 0.67435000000000012 -0.46249999999999997 0.41430000000000006 1.0000000180025095e-35 0.70000000000000007 0.84440000000000015 0.65496904761904773 0.20835000000000001 -0.3627555555555555 -0.13014444444444437
decision_type=2 2 2 2 2 2 2 2 2 2 2 2 2 2
left_child=-1 2 3 4 5 7 -6 -2 -3 -8 11 -11 -10 -14
right_child=1 8 -4 -5 6 -7 9 -9 12 10 -12 -13 13 -15
leaf_value=-0.001085429122170912 -0.031260000824962525 0.0020000338355932474 -0.033248985295879309 0.036968451823763751 -0.039791339041473681 0.01446414709335345 -0.033779970139271934 0.01430220013576762 -0.0074432353838149922 -0.019403290787341619 -0.025875392955049203 0.018113241401255632 0.05661165518226044 0.0092433357215307588
leaf_weight=1303.7355845856946 16.1909408941865 571.1233227122575 15.221195276826618 7.0831600651144973 13.339838720858095 54.717725448310375 11.277728483080862 6.6575552225112906 14.128768865019081 9.932912811636923 17.702745765447617 31.515790328383446 12.287512436509131 58.106994397938251
leaf_count=11114 84 2850 75 52 63 242 49 37 74 42 90 144 56 294
internal_value=-1.90729e-05 0.00163671 -0.00517185 -0.00245304 -0.00440084 0.00481174 -0.0128874 -0.0179411 0.00354869 -0.00730584 -0.00178066 0.00887735 0.0138672 0.0181887
internal_weight=2143.02 839.286 183.64 168.418 161.335 77.5662 83.769 22.8485 655.647 70.4292 59.1514 41.4487 84.5233 70.3945
internal_count=15266 4152 878 803 751 363 388 121 3274 325 276 186 424 350
is_linear=0
shrinkage=0.05


Tree=198
num_leaves=15
num_cat=0
split_feature=5 9 9 3 9 7 7 6 6 1 2 1 7 10
split_gain=2.0418 1.94553 6.53352 5.9104 9.52141 5.22843 4.88033 3.8766 5.39421 5.04105 4.36086 3.94237 3.64773 3.45136
threshold=-1.3852499999999999 -1.1174999999999997 -1.1411499999999999 0.20835000000000001 -1.4712999999999998 0.22850000000000004 0.47250000000000003 0.55620000000000014 0.44620000000000004 0.95565000000000011 0.87500000000000011 0.71350000000000013 0.025500000000000005 1.0000000180025095e-35
decision_type=2 2 2 2 2 2 2 2 2 2 2 2 2 2
left_child=-1 2 3 4 5 12 7 8 10 11 -5 -9 -2 -6
right_child=1 -3 -4 6 13 -7 -8 9 -10 -11 -12 -13 -14 -15
leaf_value=-0.023642544034557705 -0.0037078834128875882 -0.00036925802650695258 0.053586587261398845 -0.018359270302656584 0.072784353300073781 0.048484495386740753 -0.062912612887929084 0.0082991486970973583 -0.059323213865574723 -0.010335449969027818 0.018160674633189551 0.062681036664192294 -0.055188992658207495 0.025739191085912619
leaf_weight=8.179778630146755 14.31608191132546 2021.9416619096883 5.8810126315802327 21.414180474355817 5.5471038166433582 2.7230403497815123 2.5643174797296515 8.0556811690330523 4.3792928904294959 12.646266572177408 11.914797192439435 5.1571166217327109 3.5999613702297202 14.875922312960029
leaf_count=718 122 13756 39 232 40 13 12 40 26 58 94 26 21 102
internal_value=-0.000112188 -1.10114e-05 0.00634204 0.00327872 0.0179499 -0.00601448 -0.00596254 -0.00272638 -0.012816 0.0119159 -0.00515502 0.0324418 -0.016423 0.0413182
internal_weight=2143.2 2135.02 113.075 107.194 41.0621 20.6391 66.1317 63.5673 37.7083 25.8591 33.329 13.2128 17.916 20.423
internal_count=15299 14581 825 786 298 156 488 476 352 124 326 66 143 142
is_linear=0
shrinkage=0.05


Tree=199
num_leaves=15
num_cat=0
split_feature=11 2 3 5 9 3 6 9 1 1 1 9 7 5
split_gain=1.44321 4.15167 4.9901 5.13368 5.17734 4.21627 8.41776 7.21161 4.00516 3.81231 4.22892 4.3668 4.09113 6.10652
threshold=0.64585000000000015 0.95835000000000015 0.54165000000000008 1.0918226190476192 1.6859500000000003 0.12500000000000003 1.1144500000000004 -0.63624999999999987 1.8228000000000002 -0.48614999999999992 0.60750000000000004 -1.0502999999999998 -0.52049999999999985 0.44106666666666672
decision_type=2 2 2 2 2 2 2 2 2 2 2 2 2 2
left_child=-1 2 -2 4 -4 7 9 -3 -8 -7 11 -11 -13 -14
right_child=1 5 3 -5 -6 6 8 -9 -10 10 -12 12 13 -15
leaf_value=0.0010452369934054306 -0.0012357640803236547 0.043258518212061142 -0.011216381889233519 -0.039693240750814041 0.045938056747771711 0.018423584869881781 0.033432083811116363 -0.014378232665481563 -0.015793955828150175 0.023885161715177603 0.011754730198740154 0.0026387597904012805 -0.054343477584619583 0.009501784397161022
leaf_weight=1524.0641602142714 347.82086560386233 5.2376304380595675 93.966779058799148 14.959710478782652 3.1610003113746634 18.53042851947248 36.697773635387421 41.686076201498508 4.0511937141418448 4.4152155369520214 17.325410515069962 8.5477452930063027 13.794890906661751 4.6570848673582068
leaf_count=10216 3269 27 777 66 14 151 178 215 32 24 78 64 80 26
internal_value=0.000220381 -0.00182261 -0.00420602 -0.0133306 -0.00890711 0.00523351 0.0106407 -0.0071764 0.028277 -0.000300057 -0.00764582 -0.0183778 -0.0258952 -0.0385695
internal_weight=2138.92 614.852 459.908 112.087 97.1278 154.943 108.02 46.9237 40.749 67.2708 48.7403 31.4149 26.9997 18.452
internal_count=15217 5001 4126 857 791 875 633 242 210 423 272 194 170 106
is_linear=0
shrinkage=0.05


end of trees

feature_importances:
Column_7=502
Column_5=413
Column_9=342
Column_6=296
Column_1=290
Column_2=237
Column_0=213
Column_11=176
Column_3=155
Column_8=99
Column_4=61
Column_10=16

parameters:
[boosting: gbdt]
[objective: binary]
[metric: binary_logloss]
[tree_learner: serial]
[device_type: cpu]
[data_sample_strategy: bagging]
[data: ]
[valid: ]
[num_iterations: 200]
[learning_rate: 0.05]
[num_leaves: 15]
[num_threads: 0]
[seed: 42]
[deterministic: 1]
[force_col_wise: 0]
[force_row_wise: 0]
[histogram_pool_size: -1]
[max_depth: -1]
[min_data_in_leaf: 20]
[min_sum_hessian_in_leaf: 0.001]
[bagging_fraction: 0.9]
[pos_bagging_fraction: 1]
[neg_bagging_fraction: 1]
[bagging_freq: 1]
[bagging_seed: 400]
[bagging_by_query: 0]
[feature_fraction: 0.9]
[feature_fraction_bynode: 1]
[feature_fraction_seed: 30056]
[extra_trees: 0]
[extra_seed: 12879]
[early_stopping_round: 0]
[early_stopping_min_delta: 0]
[first_metric_only: 0]
[max_delta_step: 0]
[lambda_l1: 0]
[lambda_l2: 1]
[linear_lambda: 0]
[min_gain_to_split: 0]
[drop_rate: 0.1]
[max_drop: 50]
[skip_drop: 0.5]
[xgboost_dart_mode: 0]
[uniform_drop: 0]
[drop_seed: 17869]
[top_rate: 0.2]
[other_rate: 0.1]
[min_data_per_group: 100]
[max_cat_threshold: 32]
[cat_l2: 10]
[cat_smooth: 10]
[max_cat_to_onehot: 4]
[top_k: 20]
[monotone_constraints: ]
[monotone_constraints_method: basic]
[monotone_penalty: 0]
[feature_contri: ]
[forcedsplits_filename: ]
[refit_decay_rate: 0.9]
[cegb_tradeoff: 1]
[cegb_penalty_split: 0]
[cegb_penalty_feature_lazy: ]
[cegb_penalty_feature_coupled: ]
[path_smooth: 0]
[interaction_constraints: ]
[verbosity: -1]
[saved_feature_importance_type: 0]
[use_quantized_grad: 0]
[num_grad_quant_bins: 4]
[quant_train_renew_leaf: 0]
[stochastic_rounding: 1]
[linear_tree: 0]
[max_bin: 255]
[max_bin_by_feature: ]
[min_data_in_bin: 3]
[bin_construct_sample_cnt: 200000]
[data_random_seed: 175]
[is_enable_sparse: 1]
[enable_bundle: 1]
[use_missing: 1]
[zero_as_missing: 0]
[feature_pre_filter: 1]
[pre_partition: 0]
[two_round: 0]
[header: 0]
[label_column: ]
[weight_column: ]
[group_column: ]
[ignore_column: ]
[categorical_feature: ]
[forcedbins_filename: ]
[precise_float_parser: 0]
[parser_config_file: ]
[objective_seed: 16083]
[num_class: 1]
[is_unbalance: 0]
[scale_pos_weight: 1]
[sigmoid: 1]
[boost_from_average: 1]
[reg_sqrt: 0]
[alpha: 0.9]
[fair_c: 1]
[poisson_max_delta_step: 0.7]
[tweedie_variance_power: 1.5]
[lambdarank_truncation_level: 30]
[lambdarank_norm: 1]
[label_gain: ]
[lambdarank_position_bias_regularization: 0]
[eval_at: ]
[multi_error_top_k: 1]
[auc_mu_weights: ]
[num_machines: 1]
[local_listen_port: 12400]
[time_out: 120]
[machine_list_filename: ]
[machines: ]
[gpu_platform_id: -1]
[gpu_device_id: -1]
[gpu_device_id_list: ]
[gpu_use_dp: 0]
[num_gpu: 1]

end of parameters

pandas_categorical:null
