tree
version=v4
num_class=1
num_tree_per_iteration=1
label_index=0
max_feature_idx=87
objective=lambdarank
feature_names=Column_0 Column_1 Column_2 Column_3 Column_4 Column_5 Column_6 Column_7 Column_8 Column_9 Column_10 Column_11 Column_12 Column_13 Column_14 Column_15 Column_16 Column_17 Column_18 Column_19 Column_20 Column_21 Column_22 Column_23 Column_24 Column_25 Column_26 Column_27 Column_28 Column_29 Column_30 Column_31 Column_32 Column_33 Column_34 Column_35 Column_36 Column_37 Column_38 Column_39 Column_40 Column_41 Column_42 Column_43 Column_44 Column_45 Column_46 Column_47 Column_48 Column_49 Column_50 Column_51 Column_52 Column_53 Column_54 Column_55 Column_56 Column_57 Column_58 Column_59 Column_60 Column_61 Column_62 Column_63 Column_64 Column_65 Column_66 Column_67 Column_68 Column_69 Column_70 Column_71 Column_72 Column_73 Column_74 Column_75 Column_76 Column_77 Column_78 Column_79 Column_80 Column_81 Column_82 Column_83 Column_84 Column_85 Column_86 Column_87
feature_infos=none [-7.4000000000000004:4.8680000000000003] [0:1] [0:1] [0:1] [0:1] [0:1] [0:1] [0:1] [0:1] [0:1] [0.25:1] [0:1] [0:1] [0:1] [-0.36670000000000003:1] [0:1] none [-1.05:1.1499999999999999] [-1:0.86670000000000003] [-0.90000000000000002:0.80000000000000004] [0:1] [0:1] [0:1] [0:1] [0:1] [0:1] [0:1] [0:1] [0:1] [0:1] [0:1] [0:1] [0:1] [0:1] [-2.0545:2.8283999999999998] [0:1] [0:1] [0:1] [0:1] [0:1] [0:1] [0:1] [0:1] [0:0.42859999999999998] [0:1] [-2.4495:2.8283999999999998] [0:1] [0:1] [0:1] [0:1] [0:1] [0:1] [0:1] [0:1] [0:1] [0:1] [0:1] [0:1] [0:1] [0:1] [0:1] [0:1] [0:1] [0:1] [0:1] [0:1] [0:1] [0:1] [0.16669999999999999:1] [-7.4000000000000004:4.8680000000000003] [-10.74:2.0609999999999999] [0:1] [0:1] [0:1] [0:1] [0.20000000000000001:1] [0:1] [-7.0433000000000003:5.4355000000000002] [0:1] [-10.465999999999999:1.732] [0:1] [-2.8163:2.4321999999999999] [-2.5425:2.7479] [0:0.97789999999999999] [0:1.5] [0:0.97789999999999999] [0:0.97789999999999999]
tree_sizes=1776 1760 1750 1754 1776 1765 1780 1770 1773 1762 1779 1768 1769 1767 1770 1775 1766 1772 1784 1766 1771 1773 1764 1780 1772 1766 1771 1763 1754 1746 1757 1752 1763 1776 1773 1764 1769 1776 1779 1767 1777 1766 1777 1778 1766 1787 1774 1777 1780 1781 1776 1776 1785 1780 1786 1784 1776 1788 1782 1784 1778 1773 1775 1772 1776 1765 1785 1767 1781 1778 1774 1783 1771 1776 1786 1772 1773 1774 1756 1776 1775 1776 1764 1785 1773 1775 1781 1772 1761 1783 1766 1769 1765 1772 1768 1759 1777 1778 1769 1769 1773 1757 1760 1773 1759 1786 1780 1748 1761 1773 1775 1776 1777 1773 1759 1768 1763 1771 1775 1763 1764 1771 1788 1783 1760 1749 1762 1731 1767 1752 1758 1763 1763 1769 1766 1786 1794 1770 1744 1760 1768 1754 1761 1749 1770 1763 1778 1755 1725 1756 1775 1762 1748 1781 1760 1758 1760 1763 1770 1770 1764 1751 1795 1764 1771 1772 1761 1747 1766 1765 1720 1769 1764 1770 1782 1788 1747 1770 1771 1764 1767 1767 1748 1775 1749 1772 1747 1757 1738 1756 1774 1748 1745 1748 1754 1730 1757 1779 1759 1782 1768 1750 1768 1757 1753 1775 1767 1753 1773 1778 1767 1740 1763 1745 1767 1774 1750 1765 1767 1771 1764 1764 1756 1780 1756 1742 1767 1753 1760 1756 1747 1771 1759 1743 1762 1760 1773 1770 1744 1751 1763 1754 1729 1735 1752 1763 1750 1753 1752 1772 1772 1764 1760 1751 1753 1744 1765 1766 1756 1759 1758 1757 1747 1765 1765 1764 1761 1768 1757 1741 1767 1752 1751 1752 1755 1773 1765 1757 1760 1760 1768 1753 1762 1744 1755 1734 1775 1756 1753 1744 1743 1747 1747 1753 1755 1770 1739 1770 1761 1750

Tree=0
num_leaves=15
num_cat=0
split_feature=82 83 85 87 83 68 82 82 83 8 4 82 23 18
split_gain=1403.43 184.117 183.032 104.061 91.3428 51.3904 43.0472 42.7799 36.0324 25.7399 22.3252 19.9284 20.6901 16.4431
threshold=0.36445000000000005 0.040750000000000008 1.0000000180025095e-35 0.27445000000000003 0.83955000000000013 0.50000000000000011 -0.15204999999999999 -0.47114999999999996 0.97430000000000005 1.0000000180025095e-35 0.77950000000000019 0.73920000000000008 0.03500000000000001 -0.77499999999999991
decision_type=2 2 2 2 2 2 2 2 2 2 2 2 2 2
left_child=1 3 4 7 5 -2 10 -1 11 -9 -3 -4 -13 -8
right_child=2 6 8 -5 -6 -7 13 9 -10 -11 -12 12 -14 -15
leaf_value=-0.056487315326290879 0.032079040932754842 -0.02316206807691704 -0.01092246096368284 -0.0070874351564671045 0.054847250457231198 -0.019061748070502132 0.037114295513636604 -0.041885406572307486 0.028326687592061126 -0.011693781652057323 0.020239839293029648 0.022692944313464438 -0.0050310667910308396 0.0013857848935195248
leaf_weight=393.63944340217859 392.59191760607064 229.83073101937771 127.91476090718061 117.69866861123592 394.71285135485232 33.522195949219167 22.981557263061404 224.42237713094801 102.84732236713171 57.711492392234504 19.902014771476388 91.92969823628664 79.711409773677588 147.21499623265117
leaf_count=5838 2807 2831 1450 1298 2149 373 175 2977 806 674 196 749 755 1512
internal_value=-7.45569e-05 -0.0305417 0.030148 -0.0418666 0.0409718 0.0280206 -0.00909419 -0.0479047 0.00802266 -0.0357727 -0.0196363 0.000980575 0.00986314 0.0063988
internal_weight=2436.63 1213.4 1223.23 793.472 820.827 426.114 419.929 675.773 402.403 282.134 249.733 299.556 171.641 170.197
internal_count=24590 15501 9089 10787 5329 3180 4714 9489 3760 3651 3027 2954 1504 1687
is_linear=0
shrinkage=0.04


Tree=1
num_leaves=15
num_cat=0
split_feature=84 14 83 83 84 4 84 83 4 83 71 71 71 71
split_gain=2154.9 1453.37 591.293 289.292 237.606 118.604 111.228 87.4308 76.1421 72.725 69.076 56.1463 49.9684 46.9669
threshold=0.26505000000000006 1.0000000180025095e-35 1.5302000000000002 0.13235000000000002 0.52795000000000014 0.64100000000000013 0.15295000000000003 -0.44774999999999993 0.72100000000000009 1.0000000180025095e-35 -0.52949999999999997 -0.96949999999999992 -0.030499999999999996 0.014500000000000001
decision_type=2 2 2 2 2 2 2 2 2 2 2 2 2 2
left_child=3 2 4 6 9 -4 10 -6 11 12 -1 -5 -2 -7
right_child=1 -3 5 8 7 13 -8 -9 -10 -11 -12 -13 -14 -15
leaf_value=-0.052861223879771706 0.0032586139855076469 -0.041231480724334163 0.030282567060311471 -0.040750205608040116 0.0085483120401751832 0.03379603527384549 -0.024697472674864072 0.027506335143270326 0.012254745975122222 0.010779489923322901 -0.031551575928789787 -0.012755320923492713 -0.014627508910908468 0.05927207009955298
leaf_weight=765.90263707563281 621.56340904533863 687.36606430262327 613.98747134208679 133.54402978345752 522.85509289056063 150.02998088300228 605.77809501439333 1535.3947257101536 169.66260919719934 1114.9772564768791 365.62105777859688 790.09402992203832 416.63852203637362 590.18563351035118
leaf_count=3813 1606 3262 961 537 1003 252 2434 2291 390 2271 1586 2339 1034 694
internal_value=0.000495275 0.0136031 0.0203815 -0.0284555 0.0129825 0.043365 -0.0385967 0.0226969 -0.0123201 0.0036902 -0.0460095 -0.0168426 -0.0039264 0.054161
internal_weight=9083.6 6253 5565.63 2830.6 4211.43 1354.2 1737.3 2058.25 1093.3 2153.18 1131.52 923.638 1038.2 740.216
internal_count=24473 13374 10112 11099 8205 1907 7833 3294 3266 4911 5399 2876 2640 946
is_linear=0
shrinkage=0.04


Tree=2
num_leaves=15
num_cat=0
split_feature=82 83 86 82 87 4 86 3 18 9 83 87 9 85
split_gain=2112.74 527.635 310.591 283.726 240.336 126.195 106.733 89.3287 69.2236 67.4123 61.2555 57.3352 73.6919 54.253
threshold=0.15430000000000002 1.46635 0.17255000000000001 0.94235000000000013 0.21595 0.64100000000000013 0.05025000000000001 0.077000000000000013 -0.77499999999999991 1.0000000180025095e-35 -0.078249999999999986 0.49175000000000008 1.0000000180025095e-35 1.0000000180025095e-35
decision_type=2 2 2 2 2 2 2 2 2 2 2 2 2 2
left_child=2 3 4 10 6 13 -1 -5 -4 -6 -2 12 -9 -3
right_child=1 5 8 7 9 -7 -8 11 -10 -11 -12 -13 -14 -15
leaf_value=-0.04714297690802461 -0.011078412212605445 0.033074836706506822 0.018585307651075779 -0.022865845873663321 0.011806567663434422 0.051057766626562327 -0.025116338458431461 0.020954931213054643 -0.010778439663456355 -0.019698939925632895 0.0034661319748155403 0.030456649328449756 -0.0009008239792878403 0.007074603234682504
leaf_weight=1284.7792778182775 839.49615157581866 432.3778078481555 169.84615258127451 79.223810564726591 159.58208958059549 613.61949145793915 490.27462322637439 1006.1204756721854 516.93600789085031 335.97609842196107 1031.5921386703849 606.52265556901693 326.86778312176466 183.39607463777065
leaf_count=7684 2839 660 374 209 473 911 2239 1665 1715 1229 2400 983 801 334
internal_value=-0.000165788 0.0153831 -0.0270768 0.00815901 -0.0342033 0.038215 -0.0410767 0.0185557 -0.00350011 -0.00955004 -0.00306196 0.0202585 0.0155989 0.0253552
internal_weight=8076.61 5119.22 2957.39 3889.82 2270.61 1229.39 1775.05 2018.73 686.782 495.558 1871.09 1939.51 1332.99 615.774
internal_count=24516 10802 13714 8897 11625 1905 9923 3658 2089 1702 5239 3449 2466 994
is_linear=0
shrinkage=0.04


Tree=3
num_leaves=15
num_cat=0
split_feature=82 83 82 86 87 84 84 4 84 68 84 53 4 83
split_gain=1517.88 444.355 268.564 188.419 227.462 120.495 80.9435 75.2356 67.9911 78.5455 62.5464 56.5263 50.2023 45.7811
threshold=-0.057149999999999992 1.5835500000000002 0.83645000000000014 0.11225 0.19455000000000003 0.32945000000000008 0.48845000000000005 0.69800000000000006 0.29805000000000004 0.50000000000000011 0.71215000000000017 0.36650000000000005 0.30350000000000005 0.44825000000000009
decision_type=2 2 2 2 2 2 2 2 2 2 2 2 2 2
left_child=3 2 8 4 13 -3 12 -7 -2 -10 11 -5 -4 -1
right_child=1 5 6 10 -6 7 -8 -9 9 -11 -12 -13 -14 -15
leaf_value=-0.047235101128744184 -0.014140195551865423 0.0028602004426359542 -0.020771635643063641 -0.017747709267964085 -0.0090718591243283062 0.031087167498197749 0.021368111564679465 0.055182664630024539 0.0046741851513647558 -0.029189569908596735 0.053132930307076248 0.013248572417933289 0.0091754006479179608 -0.02528374242515783
leaf_weight=1015.8080230876803 794.35060901194811 157.76938163489103 100.46755538508296 510.82026916742325 400.75078024715185 519.40854267776012 1344.6482011564076 351.65537789463997 1028.3752375878394 121.64872862957418 23.491806507110596 114.57746390998363 765.10816118121147 183.28629547730088
leaf_count=7041 3164 336 295 2068 1532 867 2396 594 2539 681 42 279 1710 963
internal_value=-0.000380848 0.0115255 0.00569369 -0.0278185 -0.0351896 0.035047 0.0152294 0.0408668 -0.0051481 0.00106985 -0.00961868 -0.0120569 0.00567948 -0.0439036
internal_weight=7432.17 5183.43 4154.6 2248.73 1599.85 1028.83 2210.22 871.064 1944.37 1150.02 648.89 625.398 865.576 1199.09
internal_count=24507 12582 10785 11925 9536 1797 4401 1461 6384 3220 2389 2347 2005 8004
is_linear=0
shrinkage=0.04


Tree=4
num_leaves=15
num_cat=0
split_feature=82 82 83 83 87 83 86 86 54 2 82 84 85 14
split_gain=1317.75 344.836 235.678 194.814 129.839 117.032 82.3204 74.0307 58.0489 57.1331 46.2001 45.9043 45.0263 43.6048
threshold=0.20405000000000004 1.1289000000000002 0.053700000000000005 1.5559500000000004 0.27445000000000003 0.29925000000000007 0.061450000000000012 0.38130000000000003 0.72350000000000014 0.046000000000000006 -0.68279999999999985 0.60475000000000012 1.0000000180025095e-35 1.0000000180025095e-35
decision_type=2 2 2 2 2 2 2 2 2 2 2 2 2 2
left_child=2 5 4 9 6 11 10 -4 12 -3 -1 -2 -7 -13
right_child=1 3 7 -5 -6 8 -8 -9 -10 -11 -12 13 -14 -15
leaf_value=-0.052524124751392044 -0.010000451290917676 0.00027516135375301088 -0.01288943498852118 0.047604993032799046 -0.0082954462610179552 0.016301056124910958 -0.0213530592759755 0.014080864416796367 0.037941990817714648 0.022011868609443153 -0.034389523385699096 0.015953978418857283 0.00036169669740626696 -0.028198375668009812
leaf_weight=488.90742732957006 904.93285667337477 230.12015381455421 817.71843619085848 496.41952744871378 296.05237098410726 618.98192722722888 358.39742603711784 202.39042433351278 122.10177835822105 1214.7311749383807 434.89860449545085 222.78670880943537 522.64958869665861 41.659344278275967
leaf_count=3947 3183 542 3579 911 1104 1187 1900 481 215 2231 2982 541 1370 232
internal_value=3.27304e-05 0.0134338 -0.0225246 0.0260024 -0.0322055 0.00339923 -0.0377154 -0.00752996 0.0118337 0.0185525 -0.0440333 -0.00571813 0.00901057 0.00891844
internal_weight=6972.75 4374.38 2598.36 1941.27 1578.26 2433.11 1282.2 1020.11 1263.73 1444.85 923.806 1169.38 1141.63 264.446
internal_count=24405 10412 13993 3684 9933 6728 8829 4060 2772 2773 6929 3956 2557 773
is_linear=0
shrinkage=0.04


Tree=5
num_leaves=15
num_cat=0
split_feature=82 83 83 87 86 84 84 82 14 4 82 78 84 18
split_gain=1142.36 291.831 239.455 181.875 122.191 105.622 79.5632 72.4062 64.5161 59.8652 52.9837 47.0115 46.2223 42.2317
threshold=0.53935000000000011 0.55660000000000009 1.6074000000000004 0.32055000000000006 0.16815000000000002 0.49185000000000006 0.35075000000000006 -0.47114999999999996 1.0000000180025095e-35 0.64100000000000013 1.5749500000000001 -0.10539999999999998 0.79275000000000007 0.17500000000000002
decision_type=2 2 2 2 2 2 2 2 2 2 2 2 2 2
left_child=1 3 5 4 7 13 -3 -1 10 -4 -7 -8 -6 -2
right_child=2 6 9 -5 12 8 11 -9 -10 -11 -12 -13 -14 -15
leaf_value=-0.045012462636617956 0.0060494403165190468 -0.009256959108940345 0.024926010894949335 -0.0015314521761863986 -0.013817572233959439 0.014907165790611406 9.6949338954897769e-05 -0.02686393847331604 -0.022382632864172955 0.048954516450984038 0.032177465932452139 0.025958918267244956 0.060588120613682649 -0.011909122115277258
leaf_weight=717.55257220007479 985.81975822150707 548.45345852896571 323.70195483416319 428.57564875856042 403.6977736800909 1014.2766429483891 218.25508345291018 703.29895056970417 59.76314739137888 348.49712061136961 396.26115898042917 231.02433302998543 12.839524403214453 265.01325439661741
leaf_count=6026 2571 2206 641 1499 1659 2005 644 4307 266 706 735 483 25 830
internal_value=-0.000173453 -0.0170666 0.0160746 -0.0250006 -0.030471 0.0107854 0.000959305 -0.0360544 0.0180505 0.0374376 0.0197783 0.0134236 -0.0113844 0.0022381
internal_weight=6657.03 3263.7 3393.33 2265.96 1837.39 2721.13 997.733 1420.85 1470.3 672.199 1410.54 449.279 416.537 1250.83
internal_count=24603 16849 7754 13516 12017 6407 3333 10333 3006 1347 2740 1127 1684 3401
is_linear=0
shrinkage=0.04


Tree=6
num_leaves=15
num_cat=0
split_feature=82 83 82 86 87 84 54 86 3 14 84 23 3 78
split_gain=934.392 310.362 182.041 122.552 135.447 92.9974 72.2933 55.8347 52.0209 48.6374 43.2724 37.5387 37.2244 35.9654
threshold=-0.057149999999999992 0.29925000000000007 1.1590000000000003 0.21475000000000002 0.20505000000000004 0.32365000000000005 0.72350000000000014 0.051550000000000006 0.64050000000000018 1.0000000180025095e-35 0.29805000000000004 0.025000000000000005 0.74050000000000005 -0.025899999999999996
decision_type=2 2 2 2 2 2 2 2 2 2 2 2 2 2
left_child=3 5 6 4 7 11 10 -1 -4 -7 -3 -2 -5 -12
right_child=1 2 8 12 -6 9 -8 -9 -10 -11 13 -13 -14 -15
leaf_value=-0.041294169897558602 -0.0042776294589154393 -0.0037974145235578063 0.028406911805335465 -0.0063815073162611377 -0.0062191545446650546 0.006538632113277155 0.037282088414643248 -0.02226382769224499 0.051759358940425139 -0.020482931202383422 -0.0020134220743908871 -0.02356790879068674 0.041172029727520175 0.016739697531824478
leaf_weight=788.15057179890573 326.24343805760145 376.82217394933105 803.15570967644453 322.52636392600834 330.20261675864458 1337.4525480233133 145.26601544767618 365.16946406103671 190.41785326600075 114.83051715791225 213.86405005306005 319.51129451394081 27.675438798964024 692.84199603646994
leaf_count=6965 1417 1244 1574 1250 1426 3405 290 2248 410 712 534 1579 51 1454
internal_value=0.000266521 0.0100361 0.0197872 -0.0238092 -0.0288304 -0.00122652 0.0106312 -0.0352932 0.0329299 0.00438944 0.00758827 -0.0138439 -0.00251696 0.0123191
internal_weight=6354.13 4520.41 2422.37 1833.72 1483.52 2098.04 1428.79 1153.32 993.574 1452.28 1283.53 645.755 350.202 906.706
internal_count=24559 12619 5506 11940 10639 7113 3522 9213 1984 4117 3232 2996 1301 1988
is_linear=0
shrinkage=0.04


Tree=7
num_leaves=15
num_cat=0
split_feature=82 83 83 82 87 82 3 53 15 54 52 82 50 49
split_gain=844.32 225.488 145.537 118.207 85.7667 60.4794 52.9403 52.8356 50.1541 48.0959 47.3359 42.6927 40.5789 29.9362
threshold=0.15430000000000002 0.29925000000000007 0.040750000000000008 1.1590000000000003 0.20725000000000002 0.82080000000000009 0.71050000000000002 0.17850000000000002 1.0000000180025095e-35 0.68150000000000011 0.87870000000000015 -0.61374999999999991 0.46875000000000006 0.36665000000000009
decision_type=2 2 2 2 2 2 2 2 2 2 2 2 2 2
left_child=2 5 4 9 8 -2 11 12 -1 -3 13 -4 -7 -5
right_child=1 3 6 10 -6 7 -8 -9 -10 -11 -12 -13 -14 -15
leaf_value=-0.040122797271321321 -0.0077719608575624113 0.0087371489847261896 -0.021858957756650369 0.011197273428662332 -0.0094418147005413348 -0.020753409267270859 0.027556905781845071 0.022322897280544547 -0.020119052944622823 0.032274838856303147 0.04381705027378964 -0.0027282090095702193 0.0054601745852498633 0.030017724454044457
leaf_weight=685.14526659715921 756.17121860012412 1078.996441014111 300.27849381044507 193.7913564555347 291.09263482876122 108.90534079819918 64.006493888795376 268.65310619771481 288.23364504426718 158.72962836921215 296.79726149141788 491.40886558033526 672.70860305428505 459.77162265777588
leaf_count=6460 3255 2669 1710 423 1357 319 153 601 1850 333 623 2105 1761 972
internal_value=0.000480741 0.0113088 -0.0199158 0.0199409 -0.0285325 0.000847824 -0.00716435 0.00705539 -0.0342261 0.0117793 0.0305468 -0.0100027 0.00178588 0.0244628
internal_weight=6114.69 3994.52 2120.17 2188.09 1264.47 1806.44 855.694 1050.27 973.379 1237.73 950.36 791.687 781.614 653.563
internal_count=24591 10956 13635 5020 9667 5936 3968 2681 8310 3002 2018 3815 2080 1395
is_linear=0
shrinkage=0.04


Tree=8
num_leaves=15
num_cat=0
split_feature=82 84 83 83 87 84 50 86 78 23 35 3 82 78
split_gain=743.252 186.418 177.752 145.184 85.5021 58.014 57.1243 56.7509 52.3939 50.8131 38.7382 36.1294 33.617 32.637
threshold=0.33765000000000006 0.33285000000000003 0.040750000000000008 1.6364500000000002 0.20725000000000002 0.28455000000000003 0.80210000000000015 0.20135000000000003 0.091150000000000023 0.025000000000000005 -0.90189999999999981 0.64050000000000018 -0.66274999999999984 -0.50314999999999988
decision_type=2 2 2 2 2 2 2 2 2 2 2 2 2 2
left_child=2 9 4 6 7 -4 8 12 -3 -2 -7 -5 -1 -12
right_child=1 3 5 11 -6 10 -8 -9 -10 -11 13 -13 -14 -15
leaf_value=-0.04445395278654328 0.0032715123572230249 -0.001756351073157747 -0.014009437933083289 0.028316080456109498 -0.0094179004121007024 0.023641861682430466 0.027692668703148442 -0.0098994423071731025 0.013489596035447846 -0.017322125936475689 -0.038711269379202086 0.050948140188167991 -0.028513144811432273 0.0020873855766761463
leaf_weight=422.53700564522296 458.79029361903667 490.35647372528911 523.45732467062771 372.53631020337343 350.19387199729681 130.07816173508763 322.1320978179574 153.93019459024072 1360.2850204147398 327.98255218937993 33.364334626123309 165.77090188860893 443.40037079900503 359.41504389792681
leaf_count=4479 1515 1453 2831 837 1668 356 695 768 3159 1315 177 400 3713 1278
internal_value=2.72356e-05 0.0118118 -0.0170295 0.016785 -0.0265053 -0.00460834 0.0121671 -0.0323576 0.00945118 -0.00532446 0.00481232 0.0353671 -0.0363338 -0.00146773
internal_weight=5914.23 3497.85 2416.38 2711.08 1370.06 1046.31 2172.77 1019.87 1850.64 786.773 522.858 538.307 865.937 392.779
internal_count=24644 9374 15270 6544 10628 4642 5307 8960 4612 2830 1811 1237 8192 1455
is_linear=0
shrinkage=0.04


Tree=9
num_leaves=15
num_cat=0
split_feature=82 83 83 87 84 86 68 82 82 3 53 3 50 78
split_gain=638.148 167.576 151.112 97.0803 86.5773 65.7681 56.9694 51.022 47.7677 46.8055 43.033 37.5077 37.0138 28.7884
threshold=0.33765000000000006 1.6074000000000004 0.57475000000000009 0.35305000000000003 0.34330000000000005 0.28545000000000004 0.50000000000000011 -0.30584999999999996 -0.80914999999999992 0.5335000000000002 0.085500000000000007 0.8600000000000001 0.51040000000000008 0.27560000000000007
decision_type=2 2 2 2 2 2 2 2 2 2 2 2 2 2
left_child=2 4 3 5 -2 8 10 11 -1 -3 -6 -4 -12 -14
right_child=1 9 7 -5 6 -7 -8 -9 -10 -11 12 -13 13 -15
leaf_value=-0.0411824853844295 -0.0050780805709441162 0.019569494796971225 -0.015061230342332128 -0.00023168978938856253 -0.0020145987166760334 -0.0037080601362497975 -0.018670182994574996 0.010058561766481686 -0.024348466864874407 0.04182037743271759 0.00091602523160507778 0.047202110618905231 0.012833291941530371 0.024483522707063124
leaf_weight=416.80180516839027 705.5503841266036 323.1644570119679 301.50594463385642 259.42874292843044 273.67916569858789 171.44782532006502 96.570839859545231 360.91398223116994 786.0020952001214 289.08507638424635 250.35200069472194 15.355560343712567 834.90261247754097 576.80955620110035
leaf_count=4481 2716 756 1546 1059 751 730 487 1160 6140 735 638 33 1992 1216
internal_value=7.14749e-05 0.0112251 -0.016092 -0.0226761 0.00698884 -0.0269099 0.0111785 -0.000211794 -0.0302112 0.0301267 0.0126765 -0.0119049 0.0150953 0.0176074
internal_weight=5661.57 3350.11 2311.46 1633.68 2737.86 1374.25 2032.31 677.775 1202.8 612.25 1935.74 316.862 1662.06 1411.71
internal_count=24440 9291 15149 12410 7800 11351 5084 2739 10621 1491 4597 1579 3846 3208
is_linear=0
shrinkage=0.04


Tree=10
num_leaves=15
num_cat=0
split_feature=82 2 9 84 87 84 84 14 4 2 82 23 59 18
split_gain=579.694 151.587 121.001 115.682 77.8614 73.1721 70.4233 53.2891 44.1438 36.8646 35.3648 33.8501 32.9405 30.6045
threshold=0.33765000000000006 0.22350000000000003 1.0000000180025095e-35 0.28455000000000003 0.20725000000000002 0.52795000000000014 0.41925000000000007 1.0000000180025095e-35 0.72100000000000009 0.41750000000000004 -0.96999999999999986 0.025000000000000005 0.63335000000000008 -0.62499999999999989
decision_type=2 2 2 2 2 2 2 2 2 2 2 2 2 2
left_child=2 5 3 8 -4 11 -3 -7 10 -8 -1 -2 -6 -5
right_child=1 6 4 13 12 7 9 -9 -10 -11 -12 -13 -14 -15
leaf_value=-0.037089349368742468 0.005040277938973387 0.0084128262228215667 -0.035594582019998981 0.018245719839027313 -0.025269966784922167 0.015433690615089476 0.024767759484826461 -0.022172866148199924 0.010280579089581496 0.045305662577326287 -0.016032940485893172 -0.0084425614349240459 0.00055710243083489561 -0.00099209904344012452
leaf_weight=168.99172066058964 585.65732589550316 358.79870184138417 572.53412755392492 198.83256059885025 140.96978634409606 912.60269769281149 562.90903702005744 63.683530155569315 78.859611798077822 188.72647047042847 527.69089413061738 604.43964712694287 178.08294002711773 391.28947669640183
leaf_count=1620 1768 1009 5982 586 771 2200 1299 337 302 505 3508 2198 812 1694
internal_value=0.000270079 0.0110137 -0.0153242 -0.00783181 -0.0267789 0.00484986 0.0230237 0.0129604 -0.0179776 0.0299779 -0.0211864 -0.00180887 -0.0108976 0.00550969
internal_weight=5534.07 3276.82 2257.25 1365.66 891.587 2166.38 1110.43 976.286 775.542 751.636 696.683 1190.1 319.053 590.122
internal_count=24591 9316 15275 7710 7565 6503 2813 2537 5430 1804 5128 3966 1583 2280
is_linear=0
shrinkage=0.04


Tree=11
num_leaves=15
num_cat=0
split_feature=84 68 83 86 84 78 50 83 50 20 3 83 78 78
split_gain=484.337 273.536 144.016 73.5778 70.8296 46.9897 42.9195 41.0101 40.3661 39.5218 32.0645 31.6431 26.017 24.7666
threshold=0.28135000000000004 0.50000000000000011 1.5302000000000002 0.11045000000000001 0.58165000000000011 -0.23139999999999997 0.78125000000000011 -0.27969999999999995 0.78125000000000011 1.0000000180025095e-35 0.059000000000000004 0.28055000000000002 -0.073399999999999979 0.25010000000000004
decision_type=2 2 2 2 2 2 2 2 2 2 2 2 2 2
left_child=3 2 4 7 5 -2 12 -1 -5 11 -6 -7 -4 -12
right_child=1 -3 6 8 10 9 -8 -9 -10 -11 13 -13 -14 -15
leaf_value=-0.031598458557685401 -0.01883658878536194 -0.02650473081436925 -0.0013046367500485459 -0.012804428981995186 -0.021663993944816832 -0.0025978121356119606 0.038532008833598572 -0.015444904334508831 0.01072426573864157 0.03125439226888764 0.011764259673577332 0.0093966983366807651 0.023749923068172023 0.024934064390267317
leaf_weight=569.51134908851236 153.57215397432446 330.40668104495853 82.248349390923977 475.45853137224913 34.662550713866949 787.08294256217778 311.20667834952474 456.02282251883298 153.65155845880508 81.422940198332071 573.62101285159588 635.01599004864693 339.13463796675205 382.90377860888839
leaf_count=5404 785 3244 230 2539 120 2694 817 2972 609 207 1575 1649 844 852
internal_value=0.000156657 0.00818068 0.0115773 -0.0178349 0.00722962 0.00216732 0.0272625 -0.0244375 -0.00704997 0.00432379 0.0156822 0.00276099 0.0188681 0.0170568
internal_weight=5365.92 3711.28 3380.87 1654.64 2648.28 1657.09 732.59 1025.53 629.11 1503.52 991.187 1422.1 421.383 956.525
internal_count=24541 13017 9773 11524 7882 5335 1891 8376 3148 4550 2547 4343 1074 2427
is_linear=0
shrinkage=0.04


Tree=12
num_leaves=15
num_cat=0
split_feature=82 83 83 59 84 84 4 68 84 20 50 52 82 25
split_gain=475.996 145.92 114.758 62.0516 50.1768 49.4875 34.5977 34.5776 37.1931 33.9095 31.2613 30.6458 29.7999 29.1905
threshold=0.60425000000000006 0.053700000000000005 1.5302000000000002 0.55000000000000016 0.15295000000000003 0.51585000000000014 0.62050000000000016 0.50000000000000011 0.60475000000000012 0.25000000000000006 0.46875000000000006 0.74240000000000006 -0.48224999999999996 1.0000000180025095e-35
decision_type=2 2 2 2 2 2 2 2 2 2 2 2 2 2
left_child=1 3 5 12 -3 10 -4 8 -5 11 -2 -6 -1 -7
right_child=2 4 6 7 9 13 -8 -9 -10 -11 -12 -13 -14 -15
leaf_value=-0.036675647954917345 -0.020795157437216355 -0.016642107014004141 0.017796705814240622 -0.011059206595269268 -0.0029815200542747293 0.0042480327420054828 0.038510221504550912 -0.028597130052934561 0.018327420566050075 0.049357224074623909 0.0039813078392301662 0.013444101274048171 -0.02093707211072296 0.018883205721261648
leaf_weight=355.14894947595894 88.477480661123991 280.31263077259064 240.85753206163645 392.19803816825151 686.57156793028116 318.10876187682152 284.73791162669659 138.38564476463944 82.612879611551762 23.16527933627367 911.19162606075406 246.04745922982693 433.21735259518027 697.18742923811078
leaf_count=4020 328 1836 614 2597 2806 938 827 1664 297 67 2831 824 3154 1629
internal_value=8.6079e-05 -0.0118139 0.0124407 -0.0206446 -0.00179257 0.00809072 0.0290699 -0.0110748 -0.00591842 0.00257535 0.00176983 0.00136171 -0.0280646 0.0143065
internal_weight=5178.22 2637.66 2540.56 1401.56 1236.1 2014.97 525.595 613.197 474.811 955.784 999.669 932.619 788.366 1015.3
internal_count=24432 17265 7167 11732 5533 5726 1441 4558 2894 3697 3159 3630 7174 2567
is_linear=0
shrinkage=0.04


Tree=13
num_leaves=15
num_cat=0
split_feature=84 68 50 83 84 52 75 78 86 83 3 83 2 58
split_gain=369.763 206.14 96.8336 87.6295 65.8998 38.1475 34.104 33.8284 33.5817 33.417 28.4878 27.8572 23.6236 22.2347
threshold=0.34330000000000005 0.50000000000000011 0.80210000000000015 -0.29004999999999997 0.62940000000000007 0.68235000000000012 0.63335000000000008 0.068100000000000008 0.28545000000000004 1.6074000000000004 0.71050000000000002 0.77235000000000009 1.0000000180025095e-35 0.22500000000000003
decision_type=2 2 2 2 2 2 2 2 2 2 2 2 2 2
left_child=3 2 4 8 7 10 -7 -2 -1 -4 13 -6 -9 -5
right_child=1 -3 9 5 11 6 -8 12 -10 -11 -12 -13 -14 -15
leaf_value=-0.026019970962452597 -0.0040155601951343805 -0.023935199016408885 0.018896955626188084 -0.023484754402969658 0.011220109308268276 -0.0054646331444020138 0.020420408919453698 -0.014181853849216892 0.013113404666177693 0.040021503009900698 0.022047473136518964 0.026540328746722634 0.010131456191872404 -0.0088974499383790706
leaf_weight=758.7116415174678 628.14192297682166 288.63902214728296 304.3558102697134 238.98474687151611 484.21322906762362 220.71005533263087 127.77987749688327 68.670164600014687 36.205162700265646 200.76202531531453 37.371104102581739 314.46222768723965 793.58683229610324 559.25738258147612
leaf_count=6960 2307 2938 787 1775 1413 1023 496 226 169 589 113 795 2053 2847
internal_value=-0.000468392 0.00819276 0.0115189 -0.0139577 0.00801394 -0.00705144 0.00405784 0.00304138 -0.0242234 0.0273555 -0.0116838 0.0172778 0.00818096 -0.0132886
internal_weight=5061.85 3082.83 2794.19 1979.02 2289.07 1184.1 348.49 1490.4 794.917 505.118 835.613 798.675 862.257 798.242
internal_count=24491 11108 8170 13383 6794 6254 1519 4586 7129 1376 4735 2208 2279 4622
is_linear=0
shrinkage=0.04


Tree=14
num_leaves=15
num_cat=0
split_feature=82 82 18 2 59 9 84 3 53 83 83 54 69 13
split_gain=386.787 142.991 76.7807 74.7561 68.2035 54.6288 43.8056 34.0465 29.4869 25.3761 24.7522 23.6823 22.8822 22.0367
threshold=-0.21424999999999997 0.94235000000000013 -0.72499999999999987 0.21550000000000002 0.70835000000000015 1.0000000180025095e-35 0.17375000000000004 0.077000000000000013 0.19550000000000003 1.7545500000000003 1.6364500000000002 0.73350000000000015 0.90000000000000013 1.0000000180025095e-35
decision_type=2 2 2 2 2 2 2 2 2 2 2 2 2 2
left_child=5 2 -2 7 -4 6 9 -3 12 -1 -5 -6 -9 -8
right_child=1 3 4 10 11 -7 13 8 -10 -11 -12 -13 -14 -15
leaf_value=-0.027193179158649487 0.018784189472417608 -0.023967883383648175 -0.011112226259833623 0.018452893046870741 0.0034970770404192716 -0.030111666221145472 -0.0085657940381730652 -0.0044919028868846255 0.022078987402321792 0.0094356116972013765 0.034194416216172821 0.041514940663985811 0.010325457198441664 0.014702426087149736
leaf_weight=293.96443037688732 267.34100122191012 49.862029530107975 986.75788571871817 387.84168522804976 724.45615810807794 494.72813958022743 296.80329371616244 237.3169217184186 232.467804081738 33.230364389717579 277.73640679940581 26.216724989935756 556.07883066311479 82.387718681246042
leaf_count=2961 868 201 4992 973 3045 5481 1675 708 580 180 869 74 1524 415
internal_value=-0.000180903 0.0061528 -0.00113111 0.0145346 -0.00420455 -0.0199234 -0.0127554 0.00800322 0.009579 -0.0234557 0.0250631 0.00487829 0.00589328 -0.00348488
internal_weight=4947.19 3746.08 2004.77 1741.3 1737.43 1201.11 706.386 1075.73 1025.86 327.195 665.578 750.673 793.396 379.191
internal_count=24546 13834 8979 4855 8111 10712 5231 3013 2812 3141 1842 3119 2232 2090
is_linear=0
shrinkage=0.04


Tree=15
num_leaves=15
num_cat=0
split_feature=82 84 14 54 50 86 2 18 84 14 50 82 69 82
split_gain=351.349 141.638 68.7608 61.1604 58.2226 48.2902 43.4256 41.7681 35.324 37.6668 33.4226 30.2039 29.4394 24.1431
threshold=-0.15204999999999999 0.52795000000000014 1.0000000180025095e-35 0.7895000000000002 0.86460000000000015 0.65950000000000009 0.30150000000000005 0.075000000000000025 0.10955000000000002 1.0000000180025095e-35 0.80210000000000015 1.6002500000000002 0.90000000000000013 0.75205000000000011
decision_type=2 2 2 2 2 2 2 2 2 2 2 2 2 2
left_child=5 3 4 7 11 6 8 10 -1 12 13 -3 -10 -2
right_child=1 2 -4 -5 -6 -7 -8 -9 9 -11 -12 -13 -14 -15
leaf_value=-0.033018242368986352 -0.0061452439227385218 0.011557835571193014 -0.017315881541962477 0.037125705505351693 0.040269115350386617 0.040418755289616207 0.0010221937949010753 -0.011196563759333301 -0.023997021832851146 -0.032780776584996223 0.014175074785421921 0.026616495296491887 -0.004725668118363318 0.005078078974801478
leaf_weight=337.71520435996354 678.53795559518039 976.9998375326395 94.33722114097327 66.222510598599911 162.8164039850235 20.986556060612202 144.76552677899599 539.35066869296134 201.97075561154634 186.66407234873623 281.16748996451497 273.08516949787736 339.83662009984255 557.92398397997022
leaf_count=3994 3352 2758 683 177 483 57 715 2579 1739 2625 945 762 2048 1670
internal_value=-2.60984e-05 0.00623784 0.0156107 -0.000420068 0.0178198 -0.0184756 -0.0195288 -0.00164627 -0.0223175 -0.0173182 0.00175295 0.0148661 -0.0119405 -0.00108098
internal_weight=4862.38 3630.44 1507.24 2123.2 1412.9 1231.94 1210.95 2056.98 1066.19 728.471 1517.63 1250.09 541.807 1236.46
internal_count=24587 13409 4686 8723 4003 11178 11121 8546 10406 6412 5967 3520 3787 5022
is_linear=0
shrinkage=0.04


Tree=16
num_leaves=15
num_cat=0
split_feature=82 50 9 84 84 87 4 86 78 3 83 87 86 83
split_gain=330.669 95.3318 74.1936 62.1571 56.7197 49.6817 42.872 41.2386 37.498 36.0584 32.448 26.8906 30.2473 23.0948
threshold=0.26060000000000005 0.78125000000000011 1.0000000180025095e-35 0.33285000000000003 0.17375000000000004 0.20725000000000002 0.12300000000000001 0.52925000000000011 0.27560000000000007 0.76250000000000007 0.61375000000000013 0.27175000000000005 0.65950000000000009 1.8456000000000001
decision_type=2 2 2 2 2 2 2 2 2 2 2 2 2 2
left_child=2 3 4 -2 13 -4 -5 -3 10 11 -8 12 -6 -1
right_child=1 7 5 6 9 -7 8 -9 -10 -11 -12 -13 -14 -15
leaf_value=-0.021653677689468371 -0.0077840479432636127 0.01424431522728571 -0.032079506396763102 -0.04119472935964999 -0.0083072997703476058 -0.0095752635201125195 -0.0023440381525685655 0.035454890744405998 0.01581589940564555 0.042749441636415579 0.011868649678441241 0.016112257318273607 0.030223517215608762 0.012974952503011547
leaf_weight=388.03439704235643 547.99742125347257 463.79626621771604 447.01289936434478 27.321842882782221 505.55781032610685 243.34532688558102 602.5705239046365 215.37341821938753 671.72997529432178 28.85681064426899 446.82527332007885 106.00227804854512 33.866073556244373 32.817770723253489
leaf_count=3828 2592 1498 5782 115 2766 1464 2130 670 1798 60 1184 438 96 166
internal_value=-0.000306314 0.00785865 -0.0139104 0.00396092 -0.00742535 -0.0241723 0.00764436 0.0210127 0.00844312 -0.000227967 0.00371316 -0.00221263 -0.00583681 -0.018929
internal_weight=4761.11 2975.61 1785.49 2296.45 1095.14 690.358 1748.45 679.17 1721.13 674.283 1049.4 645.426 539.424 420.852
internal_count=24587 9987 14600 7819 7354 7246 5227 2168 5112 3360 3314 3300 2862 3994
is_linear=0
shrinkage=0.04


Tree=17
num_leaves=15
num_cat=0
split_feature=82 84 3 14 84 14 50 69 52 82 20 2 84 53
split_gain=280.472 103.996 55.3672 54.8077 50.8601 52.9518 45.0699 34.7367 33.4648 28.2532 26.0779 22.9746 21.2322 18.8332
threshold=-0.15204999999999999 0.52795000000000014 0.34800000000000003 1.0000000180025095e-35 0.11635000000000002 1.0000000180025095e-35 0.86460000000000015 0.77500000000000013 0.69010000000000005 1.6768000000000003 1.0000000180025095e-35 0.06950000000000002 0.20075000000000001 0.16350000000000003
decision_type=2 2 2 2 2 2 2 2 2 2 2 2 2 2
left_child=4 2 10 6 -1 7 9 -6 12 -3 13 -11 -4 -2
right_child=1 3 8 -5 5 -7 -8 -9 -10 11 -12 -13 -14 -15
leaf_value=-0.029251568709480483 -0.0102825600570148 0.010600394408634247 -0.01480079019233372 -0.016171647282308663 -0.018739917302797494 -0.030193106934730384 0.036873295765074129 0.00099590567129412971 0.01751703404810671 0.0032938035499873166 0.020594964884126706 0.034444700021823545 0.0052701429868688586 0.0010385986336572044
leaf_weight=364.43281378224492 801.46218898892403 980.78015141189098 102.96833283640444 89.312567195855081 216.02876129886135 182.36232928745449 147.36372872069478 416.31743292789906 334.91437553055584 50.257972694933414 56.767370827496052 155.69326847419143 445.59965125657618 332.28783347643912
leaf_count=4435 3988 2892 615 687 1783 2703 476 2307 1113 138 211 477 1426 1356
internal_value=1.91989e-05 0.00570747 -7.924e-06 0.0140293 -0.0168431 -0.0112635 0.0160618 -0.0057654 0.00757398 0.0134486 -0.00563609 0.0268956 0.00148267 -0.00696648
internal_weight=4676.55 3497.41 2074 1423.41 1179.14 814.709 1334.1 632.346 883.482 1186.73 1190.52 205.951 548.568 1133.75
internal_count=24607 13379 8709 4670 11228 6793 3983 4090 3154 3507 5555 615 2041 5344
is_linear=0
shrinkage=0.04


Tree=18
num_leaves=15
num_cat=0
split_feature=82 83 84 83 84 59 1 18 83 14 84 53 78 82
split_gain=263.206 117.527 51.9806 46.0241 45.3856 41.7216 33.0449 31.5891 29.5225 29.3791 38.1868 28.1981 24.8624 24.4735
threshold=-0.15204999999999999 0.29925000000000007 0.29805000000000004 2.0345500000000007 0.60475000000000012 0.55000000000000016 1.4245000000000003 -0.42499999999999999 0.77235000000000009 1.0000000180025095e-35 0.17375000000000004 0.17550000000000002 -0.025899999999999996 1.0515000000000001
decision_type=2 2 2 2 2 2 2 2 2 2 2 2 2 2
left_child=5 4 -3 12 6 8 7 -2 -1 10 -7 -6 -4 -8
right_child=1 2 3 -5 11 9 13 -9 -10 -11 -12 -13 -14 -15
leaf_value=-0.028037467743666729 0.0018973883683417114 -0.001221537604306619 -0.00048679363063258734 0.033558879614943929 0.003283545907758307 -0.021615667899293207 -0.0065844533574125046 -0.019323299423261695 -0.0048960753280094865 -0.027992913830185463 0.0038836792441760961 0.027642835075035101 0.015355070596212257 0.0090753753112899072
leaf_weight=496.88633396569639 155.42407722584903 354.17133058607578 186.49538948386908 201.87631086632609 333.92423225753009 135.52006023237482 389.08886960148811 401.37149951793253 107.77641195058823 100.31673599779606 300.72964710183442 97.585795547813177 1052.9342859368771 269.33343340829015
leaf_count=6022 812 1516 618 674 1384 1419 2120 2315 691 1514 1572 282 2906 759
internal_value=-8.93247e-05 0.00543036 0.0125058 0.0158775 -0.00228713 -0.0167281 -0.00624353 -0.013407 -0.0239276 -0.00858555 -0.00406896 0.00884356 0.0129729 -0.000174614
internal_weight=4583.43 3442.21 1795.48 1441.31 1646.73 1141.23 1215.22 556.796 604.663 536.566 436.25 431.51 1239.43 658.422
internal_count=24604 13386 5714 4198 7672 11218 6006 3127 6713 4505 2991 1666 3524 2879
is_linear=0
shrinkage=0.04


Tree=19
num_leaves=15
num_cat=0
split_feature=82 82 83 18 59 3 87 35 76 4 52 3 87 50
split_gain=257.792 99.3025 54.5625 54.1011 48.0078 38.2195 44.332 30.8906 26.4718 23.8451 22.0761 24.6107 21.038 20.4915
threshold=0.82080000000000009 -0.61374999999999991 1.5302000000000002 -0.72499999999999987 0.55000000000000016 0.077000000000000013 0.49175000000000008 -0.55694999999999995 0.90000000000000013 0.61150000000000004 0.71655000000000013 0.34450000000000003 0.33445000000000008 0.82290000000000008
decision_type=2 2 2 2 2 2 2 2 2 2 2 2 2 2
left_child=1 7 5 8 10 -2 13 -1 -3 -4 12 -12 -5 -7
right_child=2 3 9 4 -6 6 -8 -9 -10 -11 11 -13 -14 -15
leaf_value=-0.011336335478111309 -0.025196436141824725 0.019549307626981767 0.013718166387482206 -0.01953273448075912 0.00060470131542919743 0.0022365501952468802 0.020574257439626799 -0.028934199689114606 -0.012261991676877094 0.034233168605279862 -0.012430763266111301 0.016317705071119629 -0.001673971403192695 0.017468733986578631
leaf_weight=284.64955097949132 51.765136655420065 215.0624583773315 161.87335141375661 539.94926833361387 893.16219740593806 811.78016273863614 407.89449790120125 368.26244730735198 51.18271367251873 211.37909627705812 116.46683998033404 79.158174430951476 131.37070656940341 170.19770085439086
leaf_count=2441 232 749 504 4047 4713 2569 1112 4815 348 768 789 327 606 489
internal_value=0.0001465 -0.00773723 0.0117829 -0.00336167 -0.00590498 0.00824298 0.00950564 -0.0212911 0.0134109 0.0253966 -0.0126045 -0.000774088 -0.0160456 0.0048917
internal_weight=4494.15 2679.26 1814.89 2026.35 1760.11 1441.64 1389.87 652.912 266.245 373.252 866.945 195.625 671.32 981.978
internal_count=24509 18835 5674 11579 10482 4402 4170 7256 1097 1272 5769 1116 4653 3058
is_linear=0
shrinkage=0.04


Tree=20
num_leaves=15
num_cat=0
split_feature=82 84 68 2 54 84 4 53 82 50 82 24 70 78
split_gain=233.908 88.6966 83.103 51.407 40.1066 29.0333 26.1896 24.9003 23.0741 24.5957 21.3276 20.7401 21.6704 19.16
threshold=0.83645000000000014 0.18965000000000001 0.50000000000000011 0.21550000000000002 0.69450000000000001 0.53120000000000012 0.44900000000000007 0.19550000000000003 1.6993500000000001 0.92710000000000015 -0.6269499999999999 1.0000000180025095e-35 0.68540000000000012 -0.25059999999999993
decision_type=2 2 2 2 2 2 2 2 2 2 2 2 2 2
left_child=1 6 4 7 5 11 10 -2 9 -5 -1 12 -3 -13
right_child=3 2 -4 8 -6 -7 -8 -9 -10 -11 -12 13 -14 -15
leaf_value=-0.033516863080419193 0.0029672946964554585 0.019786031702508151 -0.02407166393887367 0.013118830403303049 0.019536871491286908 0.0075470849386344574 -0.0092567578204211156 0.017310695284143137 0.035686062098990272 0.03885429102939493 -0.016804265414329493 -0.024226722038375025 -0.0037073422134697065 -0.0058251059985225308
leaf_weight=214.82577922847122 863.78879312798381 94.58034573122859 246.87176946271211 447.19200623780489 163.36000929027796 417.48094756156206 317.74979093018919 248.83597390726209 126.64956334605813 68.050045445561409 291.67307805456221 104.85073125548661 182.56997706927359 634.79651654139161
leaf_count=3149 2818 358 3367 1367 524 1496 2618 683 459 216 2634 768 798 3287
internal_value=5.68751e-05 -0.00740038 -0.00252217 0.0113977 0.000820694 -0.00132315 -0.0183006 0.00618783 0.0204046 0.0165865 -0.0239448 -0.00496896 0.00435232 -0.00846287
internal_weight=4423.28 2668.76 1844.51 1754.52 1597.64 1434.28 824.249 1112.62 641.892 515.242 506.499 1016.8 277.15 739.647
internal_count=24542 18999 10598 5543 7231 6707 8401 3501 2042 1583 5783 5211 1156 4055
is_linear=0
shrinkage=0.04


Tree=21
num_leaves=15
num_cat=0
split_feature=84 68 50 84 82 83 9 18 54 59 78 19 52 53
split_gain=200.816 115.257 65.3388 45.4352 43.2064 27.4237 24.6928 24.5241 21.4627 18.1204 21.0881 17.8625 15.1261 15.1245
threshold=0.28135000000000004 0.50000000000000011 0.78125000000000011 0.62125000000000008 -0.45954999999999996 1.6364500000000002 1.0000000180025095e-35 0.52500000000000013 0.6735000000000001 0.55000000000000016 -0.019849999999999996 -0.34999999999999992 0.73505000000000009 0.29550000000000004
decision_type=2 2 2 2 2 2 2 2 2 2 2 2 2 2
left_child=4 2 3 7 8 12 -6 9 -1 -2 -11 -12 -4 -5
right_child=1 -3 5 13 6 -7 -8 -9 -10 10 11 -13 -14 -15
leaf_value=-0.025763659470163597 -0.0024096095642076156 -0.019565449498574722 0.0078720384187443166 0.011225031024195795 -0.0024344958309003061 0.032299722577006432 -0.016309082662425964 -0.016636935788248538 0.0039804878074635123 -0.0042312694557853818 -0.016127418157918925 0.013003503515134381 0.023460592292919694 0.02903391718147634
leaf_weight=402.21105209039524 628.09742086566985 258.72215918358415 254.56243228539824 596.18701475672424 551.68377251643687 192.85212870687246 326.22293992806226 114.47739663720131 42.675619185902178 198.78462824597955 35.306211283430457 493.22156196832657 164.37249750830233 87.236736096441746
leaf_count=5411 2398 3242 841 1941 3371 723 2503 541 278 902 118 1505 493 245
internal_value=0.000229722 0.00591615 0.0083066 0.00502433 -0.0127637 0.0198322 -0.00760287 0.00105968 -0.0229079 0.0025655 0.00685934 0.0110307 0.0140296 0.0135374
internal_weight=4346.61 3023.82 2765.1 2153.31 1322.79 611.787 877.907 1469.89 444.887 1355.41 727.312 528.528 418.935 683.424
internal_count=24512 12949 9707 7650 11563 2057 5874 5464 5689 4923 2525 1623 1334 2186
is_linear=0
shrinkage=0.04


Tree=22
num_leaves=15
num_cat=0
split_feature=82 84 14 50 25 3 53 86 3 82 70 87 3 82
split_gain=208.056 77.2602 44.7094 42.6115 34.1563 31.0118 29.2707 27.5624 22.2357 25.1648 20.4928 19.0194 19.3868 16.8856
threshold=-0.22624999999999998 0.52795000000000014 1.0000000180025095e-35 0.78125000000000011 1.0000000180025095e-35 0.64050000000000018 0.20850000000000002 0.65950000000000009 0.13750000000000004 1.7292500000000002 0.68540000000000012 0.21825000000000003 0.7340000000000001 0.75205000000000011
decision_type=2 2 2 2 2 2 2 2 2 2 2 2 2 2
left_child=4 3 5 6 -1 8 13 11 10 -10 -3 12 -6 -2
right_child=1 2 -4 -5 7 -7 -8 -9 9 -11 -12 -13 -14 -15
leaf_value=-0.026331347608313717 -0.010892458551621312 -0.024515779825170062 -0.015447128090623152 0.010867577592714308 -0.01680169054081835 0.035901776235739667 0.0059748000732587981 0.035719679263181654 0.011724646325030411 0.029963056740890497 0.011184077765449104 0.0044852979440660919 0.018126994161970948 -0.001030228109488308
leaf_weight=339.06764035765082 630.92269424814731 46.867546815425158 85.52646669279784 439.83254736755043 498.1983007886447 97.418971497565508 404.57507102005184 18.978563725948334 901.82634443044662 139.59185360372066 54.725840322673321 93.678429735824466 25.994941879063845 496.03860010392964
leaf_count=4688 4125 180 729 1701 5243 402 1570 53 2763 460 211 558 89 1792
internal_value=0.000128447 0.00493074 0.0123926 -9.1891e-05 -0.0160855 0.014323 -0.00324431 -0.0105977 0.0124541 0.0141957 -0.00536358 -0.0120758 -0.0150383 -0.0065563
internal_weight=4273.24 3297.33 1325.96 1971.37 975.918 1240.43 1531.54 636.85 1143.01 1041.42 101.593 617.872 524.193 1126.96
internal_count=24564 13933 4745 9188 10631 4016 7487 5943 3614 3223 391 5890 5332 5917
is_linear=0
shrinkage=0.04


Tree=23
num_leaves=15
num_cat=0
split_feature=82 25 83 1 82 54 84 82 3 24 50 35 50 85
split_gain=176.845 66.1474 47.4953 37.2025 33.7891 34.7435 32.1228 23.0731 22.1367 21.731 17.8406 17.1453 18.933 17.0871
threshold=0.60425000000000006 1.0000000180025095e-35 0.26450000000000001 0.98950000000000016 -0.86289999999999989 0.68650000000000022 0.42655000000000004 -0.69789999999999985 0.64050000000000018 1.0000000180025095e-35 0.51040000000000008 -1.1101999999999999 0.90625000000000011 1.0000000180025095e-35
decision_type=2 2 2 2 2 2 2 2 2 2 2 2 2 2
left_child=1 7 3 9 11 -6 -4 -1 -8 -2 -5 -3 -13 -9
right_child=2 4 6 10 5 -7 8 13 -10 -11 -12 12 -14 -15
leaf_value=-0.029963994841174537 0.0092838944877857484 0.018637423961101584 0.0040840295791078696 -0.0063092250529017411 -0.0023295082774963355 0.019863474570712979 0.015871820461661499 -0.0036862413873200179 0.035775007139099146 -0.01914002599902722 0.0096482992918954808 -0.021163260256001553 0.032086642681892784 -0.018991389242589859
leaf_weight=185.92045465111732 56.580603498965502 20.541283298283815 361.18828423321247 139.47779264673591 1032.5727331265807 125.70145057328045 698.46088526584208 183.66800279077142 102.64587261155248 172.23995946347713 557.89849840849638 231.53079579863697 10.333628114312885 321.91362000908703
leaf_count=3004 232 120 1211 530 6551 473 2088 1261 450 775 1903 2706 49 3099
internal_value=0.000369508 -0.00778975 0.00862109 0.0018603 -0.00284661 9.40371e-05 0.0140023 -0.0179266 0.0184634 -0.0121018 0.00645227 -0.0157779 -0.0187654 -0.0134496
internal_weight=4200.67 2112.18 2088.49 926.197 1420.68 1158.27 1162.3 691.502 801.107 228.821 697.376 262.406 241.864 505.582
internal_count=24452 17263 7189 3440 9899 7024 3749 7364 2538 1007 2433 2875 2755 4360
is_linear=0
shrinkage=0.04


Tree=24
num_leaves=15
num_cat=0
split_feature=85 68 9 52 3 78 59 58 3 83 46 78 3 3
split_gain=130.209 77.2177 54.4708 44.08 38.702 35.6545 34.9921 21.4647 20.4543 18.9652 16.9446 15.5394 15.2009 14.9877
threshold=1.0000000180025095e-35 0.50000000000000011 1.0000000180025095e-35 0.68235000000000012 0.64050000000000018 0.091150000000000023 0.77500000000000013 0.29165000000000002 0.47650000000000003 -0.35184999999999994 1.0000000180025095e-35 -0.095399999999999985 0.19250000000000003 0.71650000000000003
decision_type=2 2 2 2 2 2 2 2 2 2 2 2 2 2
left_child=1 4 3 7 5 -1 12 13 -5 10 -7 -8 -4 -2
right_child=2 -3 6 8 -6 9 11 -9 -10 -11 -12 -13 -14 -15
leaf_value=0.0014343858562617395 -0.018000733686208466 -0.016730918979376837 -0.02926401620694985 0.0030326118095371935 0.030056277897919283 -0.0043220493534423532 -0.025400915666681723 -0.0025201954716684021 0.023215352127483064 0.015902897726575955 0.016720878039614192 0.003132266040042716 -0.015258309395171277 0.01953654403111987
leaf_weight=750.94426535023376 267.72452197130769 194.14273544913158 219.46810904797167 232.88837317097932 137.51244895905256 164.86462149769068 36.033815736882389 656.4930116776377 121.9519213847816 795.23104476928711 96.119579438120127 173.27289604581892 294.65495245717466 17.367172099649906
leaf_count=2976 2793 2435 2741 1289 568 537 542 3929 488 2367 285 1129 2424 59
internal_value=0.000388662 0.00726524 -0.0068929 -0.0019822 0.00966822 0.00810106 -0.0156783 -0.00650914 0.0100148 0.0128351 0.00346223 -0.00187737 -0.0212822 -0.0156537
internal_weight=4158.67 2138.81 2019.85 1296.43 1944.67 1807.16 723.43 941.585 354.84 1056.22 260.984 209.307 514.123 285.092
internal_count=24562 9168 15394 8558 6733 6165 6836 6781 1777 3189 822 1671 5165 2852
is_linear=0
shrinkage=0.04


Tree=25
num_leaves=15
num_cat=0
split_feature=82 82 20 2 87 86 18 3 59 86 84 56 87 73
split_gain=143.699 51.3518 38.3469 32.6949 31.9441 39.9237 27.0265 26.0815 24.3182 23.072 21.5561 18.807 18.3448 21.7763
threshold=-0.14014999999999997 0.9114000000000001 0.18335000000000004 0.21750000000000003 0.16445000000000001 0.05025000000000001 -0.72499999999999987 1.0000000180025095e-35 0.55000000000000016 0.74825000000000008 0.44765000000000005 0.35350000000000004 0.49175000000000008 0.70835000000000015
decision_type=2 2 2 2 2 2 2 2 2 2 2 2 2 2
left_child=4 2 6 7 5 -1 11 -3 -8 -7 -5 -2 -9 -14
right_child=1 3 -4 10 -6 9 8 12 -10 -11 -12 -13 13 -15
leaf_value=-0.026112235665137786 0.030061487039428885 -0.042954092903648655 0.034892324004293748 0.0052654908881896645 0.00088368208480278459 -0.0097725186241306074 -0.0092829801138310224 0.002418712718168113 0.0015482686917141864 0.043516008865352236 0.023027083229330461 0.0038643218763262615 0.002644037396695385 0.023971373866131827
leaf_weight=370.58420980302617 62.348372314125299 16.48910715803504 46.647091459482908 155.01742048934102 213.33126330096275 409.10883183497936 635.35872216522694 625.44551103562117 692.16098836809397 12.449991598725317 375.83325781486928 143.61443608254194 140.21822657063603 168.56904520094395
leaf_count=6372 224 82 187 502 1616 3231 3875 2121 3399 31 1372 559 444 493
internal_value=0.00025973 0.00456872 -0.000448037 0.00991589 -0.0128528 -0.0165486 -0.0015451 0.00546604 -0.00363872 -0.00809948 0.01786 0.0119016 0.00636567 0.0143266
internal_weight=4067.18 3061.7 1580.13 1481.57 1005.47 792.143 1533.48 950.722 1327.52 421.559 530.851 205.963 934.233 308.787
internal_count=24508 13258 8244 5014 11250 9634 8057 3140 7274 3262 1874 783 3058 937
is_linear=0
shrinkage=0.04


Tree=26
num_leaves=15
num_cat=0
split_feature=84 14 84 52 4 49 83 78 83 20 49 46 60 57
split_gain=146.471 80.6896 48.9869 39.2995 27.6988 22.7787 21.3484 17.7634 16.9911 16.813 16.3532 14.2895 13.6933 13.5402
threshold=0.18965000000000001 1.0000000180025095e-35 0.61075000000000013 0.69010000000000005 0.64100000000000013 1.0000000180025095e-35 2.0345500000000007 0.25010000000000004 -0.38684999999999997 1.0000000180025095e-35 0.75000000000000011 2.3428000000000004 0.24550000000000002 0.44850000000000007
decision_type=2 2 2 2 2 2 2 2 2 2 2 2 2 2
left_child=5 2 3 4 8 -1 7 13 -2 10 -5 -3 -12 -4
right_child=1 11 6 9 -6 -7 -8 -9 -10 -11 12 -13 -14 -15
leaf_value=-0.030175740465388488 -0.010359899690865981 -0.019117802600962814 0.01287269004002343 0.0051060635137169285 0.013085368903106976 -0.012157409534461103 0.031854209357484363 0.019017792704186545 -0.00024297407319862099 0.034192911330152946 -0.011840876263790618 0.04618226789321523 0.024019231579245629 -0.0010107326306767021
leaf_weight=136.47798065561801 382.60546909924597 245.88773390837014 247.21357426047325 492.1052289782092 187.80048560351133 633.24593812925741 93.776671264320612 311.05597874522209 863.65750344470143 43.543461870402098 18.735207539051771 4.5577389337122431 141.88092409446836 205.16270157322288
leaf_count=1928 2301 3524 896 1985 724 6689 416 996 3608 142 78 18 493 709
internal_value=0.000285206 0.00401441 0.00584429 0.00259248 -0.00119415 -0.0153872 0.0139132 0.0116706 -0.00335471 0.0103821 0.00874384 -0.0177505 0.0197889 0.00658791
internal_weight=4007.71 3237.98 2987.54 2130.33 1434.06 769.724 857.209 763.432 1246.26 696.265 652.721 250.445 160.616 452.376
internal_count=24507 15890 12348 9331 6633 8617 3017 2601 5909 2698 2556 3542 571 1605
is_linear=0
shrinkage=0.04


Tree=27
num_leaves=15
num_cat=0
split_feature=84 78 53 82 20 84 50 9 9 3 78 50 22 53
split_gain=133.782 61.4289 40.6285 40.4435 28.8923 25.0508 24.4243 23.5109 22.1232 19.6723 16.8675 16.7061 15.2462 14.0875
threshold=0.32945000000000008 -0.11159999999999999 0.36650000000000005 -0.68279999999999985 1.0000000180025095e-35 0.53120000000000012 0.38540000000000002 1.0000000180025095e-35 1.0000000180025095e-35 0.61950000000000005 0.1726 0.76040000000000008 0.39165000000000005 0.11850000000000001
decision_type=2 2 2 2 2 2 2 2 2 2 2 2 2 2
left_child=3 8 5 12 7 -3 -7 11 -2 10 13 -5 -1 -8
right_child=1 2 -4 4 -6 6 9 -9 -10 -11 -12 -13 -14 -15
leaf_value=-0.025476723568405208 0.00092164111541393607 0.002038911109038131 0.02839417941817227 -0.0070064977834172282 0.023575257109193601 -0.019068140797053316 -0.00756807398650717 -0.015437753411143416 -0.015834458297632425 0.037710998788805371 0.015992939499808751 0.0066965598412433028 0.0012849122779431748 0.009635777223413489
leaf_weight=280.5149885546416 271.05767760798335 852.05036499258131 154.18682970479131 500.16492307279259 49.133520927280188 39.552413787692785 104.24193728435785 383.80484889633954 234.5333381081 46.909717850387096 523.54186049290001 197.92561217024922 38.642934423871338 275.61803433392197
leaf_count=4369 1391 3179 541 3559 295 157 462 3355 2742 249 1735 1002 392 1042
internal_value=-2.54935e-05 0.0055773 0.00873119 -0.00968797 -0.00612874 0.00707069 0.0113955 -0.00749825 -0.00686708 0.0126821 0.0113422 -0.00311733 -0.0222426 0.00490719
internal_weight=3951.88 2501.69 1996.1 1450.19 1131.03 1841.91 989.864 1081.9 505.591 950.312 903.402 698.091 319.158 379.86
internal_count=24470 11498 7365 12972 8211 6824 3645 7916 4133 3488 3239 4561 4761 1504
is_linear=0
shrinkage=0.04


Tree=28
num_leaves=15
num_cat=0
split_feature=82 83 52 87 86 84 87 50 3 59 78 6 84 59
split_gain=113.983 53.7274 32.9717 30.856 34.6515 29.7966 21.917 20.2618 18.843 17.379 16.8404 16.8465 16.7016 15.7707
threshold=-0.15204999999999999 0.29925000000000007 0.91485000000000005 0.19455000000000003 0.05025000000000001 0.67020000000000013 0.47185000000000005 0.78125000000000011 0.7340000000000001 0.63335000000000008 -0.19685 0.37500000000000006 0.7037000000000001 1.0000000180025095e-35
decision_type=2 2 2 2 2 2 2 2 2 2 2 2 2 2
left_child=3 5 6 4 -1 7 9 13 12 -3 11 -5 -6 -2
right_child=1 2 -4 10 8 -7 -8 -9 -10 -11 -12 -13 -14 -15
leaf_value=-0.024359953814917529 -0.015666555163133995 -0.001402424687372636 0.020830849330886997 -0.014595513816585233 -0.011315836696358468 0.011043744669186228 0.020158728479348673 0.0088048785433570906 0.022620489501404346 0.0089164658993248092 0.014712559982681575 0.034649990191813307 0.03484070107971679 -0.0035543278347816517
leaf_weight=358.88883803691715 218.32296016439795 475.42786141857505 317.70408255420625 90.614972193725407 361.20129342749715 253.38418895751238 159.00015012547374 167.78425236791372 30.253034740686417 577.7507162168622 93.00596022978425 11.689180471003054 12.040862292051314 801.68409121222794
leaf_count=6574 1414 1899 1195 740 3127 1162 515 778 100 2139 612 58 33 4261
internal_value=0.000291209 0.00415973 0.00937794 -0.011702 -0.015332 -0.00138233 0.00636152 -0.00404016 -0.00726164 0.00426138 0.00247354 -0.00868782 -0.0097377 -0.00615964
internal_weight=3928.75 2971.06 1529.88 957.694 762.384 1441.18 1212.18 1187.79 403.495 1053.18 195.31 102.304 373.242 1020.01
internal_count=24607 13363 5748 11244 9834 7615 4553 6453 3260 4038 1410 798 3160 5675
is_linear=0
shrinkage=0.04


Tree=29
num_leaves=15
num_cat=0
split_feature=84 14 4 56 20 69 7 56 54 70 55 83 71 54
split_gain=105.33 56.1008 37.54 30.9529 30.5506 24.121 18.8054 18.3622 17.9218 15.8596 15.6145 15.2823 20.4241 15.5705
threshold=0.28455000000000003 1.0000000180025095e-35 0.64100000000000013 0.34550000000000003 0.18335000000000004 0.90000000000000013 1.0000000180025095e-35 0.6925 0.71500000000000008 2.8777500000000003 0.27100000000000007 1.8768000000000002 -0.72349999999999992 0.55850000000000011
decision_type=2 2 2 2 2 2 2 2 2 2 2 2 2 2
left_child=3 2 4 -1 5 6 9 -5 -7 -2 -8 13 -13 -4
right_child=1 -3 11 7 -6 8 10 -9 -10 -11 -12 12 -14 -15
leaf_value=-0.02139973895755793 -0.019070760712608839 -0.014915589463721152 0.02229704716376359 -0.0082519379104085602 0.030370786545619578 0.0047599306802407386 -0.03646174675141757 0.010632092069587776 0.031536799737129403 0.0077727132297770911 0.0041681347800524935 -0.031098988824213337 0.03167190576459071 0.0031919365531263826
leaf_weight=287.67930608056486 170.34750178642571 221.70555814355612 119.99581224471331 803.48425628058612 66.093690529465675 1435.9300091676414 15.000964634120463 90.924805139191449 40.18243657425046 43.729591213166714 279.16360363643616 8.0745440609753114 130.47695847228169 157.49260688573122
leaf_count=3591 849 3216 432 7565 206 5496 60 538 124 166 1034 26 612 573
internal_value=-6.05913e-05 0.00431516 0.0060491 -0.0100067 0.00382189 0.00292277 -0.00458666 -0.00632247 0.0055097 -0.0135768 0.0019797 0.0169904 0.0278171 0.0115041
internal_weight=3870.28 2688.19 2466.49 1182.09 2050.45 1984.35 508.242 894.409 1476.11 214.077 294.165 416.04 138.552 277.488
internal_count=24488 12794 9578 11694 7935 7729 2109 8103 5620 1015 1094 1643 638 1005
is_linear=0
shrinkage=0.04


Tree=30
num_leaves=15
num_cat=0
split_feature=82 82 20 83 83 3 87 25 19 87 44 49 84 4
split_gain=106.94 53.3782 31.486 24.8038 22.9455 18.8829 20.4097 23.1004 17.8731 16.8189 15.5052 15.0025 14.9221 14.5983
threshold=0.9114000000000001 -0.61374999999999991 0.18335000000000004 0.040750000000000008 1.70035 0.037000000000000005 0.49175000000000008 1.0000000180025095e-35 0.083350000000000021 0.27175000000000005 0.26785000000000009 0.91665000000000008 0.029550000000000003 0.65100000000000013
decision_type=2 2 2 2 2 2 2 2 2 2 2 2 2 2
left_child=1 12 3 -3 5 -2 11 -8 9 -5 13 -7 -1 -10
right_child=4 2 -4 8 -6 6 7 -9 10 -11 -12 -13 -14 -15
leaf_value=-0.033165477493817867 -0.031664927506651633 -0.0079414723539791045 0.028573026142683401 -0.0045824667459099747 0.021505338778769589 0.0019504425364767395 0.0056404078077847732 0.026308080571127407 0.0072049524158638934 0.010223493073125112 -0.03053732881783899 0.019415832386606161 -0.013754436967012134 0.030529367057016938
leaf_weight=73.669744397513568 19.318210836499929 864.39773209765553 50.964519077911973 608.25172979943454 191.28724033758044 736.8626721277833 184.79892666451633 162.89196885377169 154.4188970644027 152.75018087588251 12.504008758813141 87.145281091332436 451.32084371848032 58.985121764242649
leaf_count=1495 107 7175 253 3130 915 2586 624 467 704 609 67 311 5839 211
internal_value=-0.000200719 -0.00525764 -0.00213792 -0.00299833 0.00867637 0.00659962 0.00725697 0.0153708 0.00133484 -0.00160106 0.0111883 0.00381884 -0.0165362 0.0137642
internal_weight=3809.57 2427.26 1902.27 1851.31 1382.3 1191.02 1171.7 347.691 986.91 761.002 225.908 824.008 524.991 213.404
internal_count=24493 19483 12149 11896 5010 4095 3988 1091 4721 3739 982 2897 7334 915
is_linear=0
shrinkage=0.04


Tree=31
num_leaves=15
num_cat=0
split_feature=84 14 50 84 50 50 82 52 46 35 71 58 3 18
split_gain=103.783 50.5607 35.3059 27.3871 27.2262 18.901 17.0939 16.4502 14.0092 13.9555 12.8918 12.9337 12.8623 12.8291
threshold=0.28455000000000003 1.0000000180025095e-35 0.90625000000000011 0.62940000000000007 0.42085000000000006 0.46875000000000006 -0.45954999999999996 0.45050000000000007 1.31945 1.51305 0.079500000000000015 0.22500000000000003 0.077000000000000013 1.0000000180025095e-35
decision_type=2 2 2 2 2 2 2 2 2 2 2 2 2 2
left_child=4 2 3 5 -1 10 -6 -7 -3 -9 11 -2 -5 -4
right_child=1 8 13 12 6 7 -8 9 -10 -11 -12 -13 -14 -15
leaf_value=-0.026970788228597428 -0.02532485237237346 -0.016050462233596553 0.028260085372368175 -0.014480366318429345 -0.015697675589374068 -0.0033778471541729437 -0.00427980753457216 0.0077200252356326837 0.030344782034982535 -0.0089197834079337793 -0.022682854516642627 0.0054145247498873584 0.012957581078910912 -0.024917484970090303
leaf_weight=130.04921690700576 27.254223382100463 209.20215697726235 135.02032679505646 27.745845433324575 294.59224615618587 375.83674921840429 727.02442024089396 976.03313255868852 10.053467907011507 87.071618225425482 72.387995533645153 96.435157842934132 644.82241617701948 6.9233819171786299
leaf_count=1791 159 3177 547 142 4422 1669 5476 3631 63 368 328 431 2382 31
internal_value=0.000235864 0.00456657 0.00621506 0.00501765 -0.00979505 0.00221979 -0.00758438 0.00380866 -0.013795 0.00635007 -0.00940046 -0.0015075 0.0118059 0.0255101
internal_weight=3820.45 2668.79 2449.53 2307.59 1151.67 1635.02 1021.62 1438.94 219.256 1063.1 196.077 123.689 672.568 141.944
internal_count=24617 12928 9688 9110 11689 6586 9898 5668 3240 3999 918 590 2524 578
is_linear=0
shrinkage=0.04


Tree=32
num_leaves=15
num_cat=0
split_feature=84 78 7 83 58 52 20 19 50 35 78 69 54 46
split_gain=88.4973 46.3844 28.2251 28.1355 20.6024 19.8866 19.297 14.6143 14.6131 14.4247 14.112 14.059 13.2824 18.8684
threshold=0.32365000000000005 -0.11459999999999999 1.0000000180025095e-35 0.29925000000000007 0.63335000000000008 0.87870000000000015 0.18335000000000004 -0.31664999999999993 0.46875000000000006 -1.05155 0.6472500000000001 0.70835000000000015 0.49450000000000005 1.0000000180025095e-35
decision_type=2 2 2 2 2 2 2 2 2 2 2 2 2 2
left_child=2 9 8 6 -4 -5 7 10 -1 -2 -3 -7 13 -9
right_child=1 3 4 5 -6 11 -8 12 -10 -11 -12 -13 -14 -15
leaf_value=-0.028499328843037092 0.015371347445924386 -0.02074881404384667 -0.0075911637302737683 0.0088418678600894855 0.0064661420148931469 0.0017611330412850806 0.03322684340607783 -0.0061674330785529497 -0.011856405832860609 -0.0085235955987068603 0.030050305246879967 0.026436973799148073 0.0099593325182210229 0.010755971151605629
leaf_weight=103.82991930097342 43.570280957967043 73.070151323452592 532.57888308307156 799.59602796658874 241.79524203203619 45.47931032627821 29.948323268443346 348.75623761117458 454.63256457168609 441.54758783755824 9.0307575538754445 199.31417770497501 267.8547658585012 149.89037256967276
leaf_count=1498 190 328 5172 2770 1322 163 97 1722 4838 3958 24 796 1026 585
internal_value=0.000116361 0.00469299 -0.00814964 0.00748084 -0.00319915 0.0119155 0.00220154 0.00106879 -0.0149961 -0.00635029 -0.0148668 0.0218784 0.00279281 -0.00106901
internal_weight=3740.89 2408.06 1332.84 1922.94 774.374 1044.39 878.551 848.602 558.462 485.118 82.1009 244.793 766.501 498.647
internal_count=24489 11659 12830 7511 6494 3729 3782 3685 6336 4148 352 959 3333 2307
is_linear=0
shrinkage=0.04


Tree=33
num_leaves=15
num_cat=0
split_feature=82 50 20 59 59 18 82 50 35 87 3 78 71 35
split_gain=86.1714 48.474 30.138 27.8025 24.3884 23.1639 22.614 19.6232 18.7291 18.11 18.6002 17.0988 20.6957 16.9142
threshold=-0.14014999999999997 0.90625000000000011 0.15000000000000002 0.91665000000000008 0.63335000000000008 -0.72499999999999987 1.1590000000000003 0.46875000000000006 -0.31934999999999997 0.16445000000000001 0.77450000000000008 0.57225000000000004 -0.42949999999999994 -0.71424999999999994
decision_type=2 2 2 2 2 2 2 2 2 2 2 2 2 2
left_child=4 2 3 5 8 -2 -5 -7 -1 10 -6 12 -9 -14
right_child=1 -3 -4 6 9 7 -8 11 -10 -11 -12 -13 13 -15
leaf_value=-0.0088666889323590313 0.013460486027429847 0.025667172653486878 0.022795483755747546 0.0026663840824228645 -0.010487941506584671 -0.016306333797437438 0.015063916595089754 -0.01586286587483848 -0.025099231310077467 0.010006766597723473 0.031565216022404641 0.01577681706858592 0.0082325839668270281 -0.0038539951701545435
leaf_weight=239.07863404881209 144.31989101879299 154.89494747295976 113.50349461659789 716.7471434995532 316.49667551461607 163.23002311121672 349.96288628876209 165.68694516643882 218.91937548853457 116.05785142816603 16.813237395137548 83.648653849959373 253.69312668778002 678.49335809610784
leaf_count=2815 646 686 414 3347 3693 974 1246 1323 3939 805 57 323 1006 3342
internal_value=0.000539825 0.00398547 0.00271817 0.00181796 -0.0101773 -0.00171303 0.00674403 -0.00335026 -0.0166635 -0.0035443 -0.00827857 -0.00154807 -0.00288124 -0.000559354
internal_weight=3731.55 2824.18 2669.29 2555.78 907.366 1489.07 1066.71 1344.75 457.998 449.368 333.31 1181.52 1097.87 932.186
internal_count=24616 13307 12621 12207 11309 7614 4593 6968 6754 4555 3750 5994 5671 4348
is_linear=0
shrinkage=0.04


Tree=34
num_leaves=15
num_cat=0
split_feature=50 84 14 52 20 53 53 83 59 18 19 82 82 45
split_gain=82.5398 62.8536 31.6138 24.0347 24.0135 23.4915 22.7415 20.0161 15.6001 18.789 17.2606 14.0357 13.486 11.8707
threshold=0.78125000000000011 0.28455000000000003 1.0000000180025095e-35 0.69785000000000008 0.18335000000000004 0.29550000000000004 0.19900000000000004 2.0345500000000007 0.63335000000000008 -0.62499999999999989 -0.38334999999999997 -0.98394999999999988 1.6993500000000001 0.3000000000000001
decision_type=2 2 2 2 2 2 2 2 2 2 2 2 2 2
left_child=1 6 4 7 5 8 11 -2 9 13 -10 -1 -12 -3
right_child=3 2 -4 -5 -6 -7 -8 -9 10 -11 12 -13 -14 -15
leaf_value=-0.028861029632703684 0.002237993001075632 0.034317591090386769 -0.01471332378412432 0.020541517808948775 0.026628569694782139 0.014111692211984836 -0.00099660856008237128 0.02942277982543659 -0.018114449063659204 -0.0073317974031836021 0.0031404852248593578 -0.013056546799088693 0.021296590771156705 0.002794675033573492
leaf_weight=106.43220534757711 354.21617388352752 26.056189656257629 192.87132283113897 299.44272286444902 61.542304534465075 205.14661099109799 229.7519699037075 48.411816172301769 55.669941384345293 599.48086930811405 763.59452152252197 588.39835223183036 70.665880784392357 65.807491391897202
leaf_count=2292 1905 92 3069 1326 197 762 1996 217 251 2694 3072 6160 273 251
internal_value=-0.000346255 -0.00326676 0.000654066 0.0119765 0.00226504 0.00141129 -0.0119126 0.00557148 -0.000244271 -0.00474821 0.00325603 -0.0155154 0.00470205 0.0120091
internal_weight=3667.49 2965.42 2040.84 702.071 1847.96 1786.42 924.583 402.628 1581.27 691.345 889.93 694.831 834.26 91.8637
internal_count=24557 21109 10661 3448 7592 7395 10448 2122 6633 3037 3596 8452 3345 343
is_linear=0
shrinkage=0.04


Tree=35
num_leaves=15
num_cat=0
split_feature=84 14 3 50 84 3 35 20 82 46 78 80 54 6
split_gain=68.0306 34.1885 31.9638 30.2006 19.4673 16.1491 14.142 13.8505 13.1381 12.764 12.761 12.7178 14.7558 14.3445
threshold=0.32055000000000006 1.0000000180025095e-35 0.19250000000000003 0.90625000000000011 0.64720000000000011 0.8600000000000001 2.2556000000000003 0.18335000000000004 -0.67339999999999989 2.3428000000000004 -0.10539999999999998 0.74650000000000005 0.7895000000000002 0.29165000000000002
decision_type=2 2 2 2 2 2 2 2 2 2 2 2 2 2
left_child=2 3 8 4 6 10 7 11 -1 -3 -4 12 -2 -13
right_child=1 9 5 -5 -6 -7 -8 -9 -10 -11 -12 13 -14 -15
leaf_value=-0.028421653191359506 -0.00033529198905869084 -0.013452912987830939 -0.014777325221859627 0.02457923148614808 0.0103394428651588 0.041114560447191098 -0.022799531910344659 0.024109733167436309 -0.012212503466797321 0.050814793422105063 -0.0020439364024530614 0.020838867016792398 0.024462952309363486 -0.012136846583201253
leaf_weight=119.18459510547109 1238.7327539622784 197.19428178062662 150.55183698236942 121.66508004255593 581.5176506396383 11.772472638636826 35.752555808052421 44.252608206123114 249.07304831687361 4.1068703383207312 747.54558559693396 97.455049246549606 38.619151026010513 26.149073097854853
leaf_count=2552 5038 3058 1706 544 2305 42 177 139 2600 15 5802 321 138 135
internal_value=-0.000151259 0.00383832 -0.00759443 0.00529335 0.00414432 -0.00356184 0.00170639 0.00232798 -0.0175213 -0.011897 -0.00419255 0.00162324 0.000433002 0.0138213
internal_weight=3663.57 2385.45 1278.13 2184.14 2062.48 909.87 1480.96 1445.21 368.258 201.301 898.097 1400.96 1277.35 123.604
internal_count=24572 11870 12702 8797 8253 7550 5948 5771 5152 3073 7508 5632 5176 456
is_linear=0
shrinkage=0.04


Tree=36
num_leaves=15
num_cat=0
split_feature=82 9 20 59 50 11 54 3 71 53 57 18 83 84
split_gain=70.1888 44.1124 30.1858 27.9649 24.5459 23.3088 31.7199 21.0845 20.0548 21.138 17.9322 17.2979 15.1282 14.8666
threshold=0.9114000000000001 1.0000000180025095e-35 1.0000000180025095e-35 0.63335000000000008 0.78125000000000011 0.62500000000000011 0.41050000000000003 0.056000000000000008 -0.90349999999999986 0.31650000000000006 0.41450000000000004 0.32500000000000001 0.29925000000000007 0.79275000000000007
decision_type=2 2 2 2 2 2 2 2 2 2 2 2 2 2
left_child=1 2 4 11 8 -3 -7 -5 -1 13 -6 -2 -13 -10
right_child=3 5 -4 7 10 6 -8 -9 9 -11 -12 12 -14 -15
leaf_value=-0.01998502802886222 0.0041485177889374137 -0.019546837360276185 0.023341052042978785 -0.036824576367124474 0.023602720013849394 -0.015548533126244124 0.0051632101331324015 0.01409741262189064 -0.0054116197591957274 0.013379123690900037 0.002289736713851926 -0.026267851146636878 0.008194115769537956 0.02460038278409837
leaf_weight=113.16983938589692 551.95174804143608 338.85645302711055 83.004692385904491 12.335860446095465 90.298874167725444 250.12204816564918 222.97790452232584 670.5205290671438 833.67034051637165 120.16336215939373 205.78212422505021 59.451397206634283 30.159420855343342 26.294804570265114
leaf_count=1504 2037 4074 450 73 426 3507 1777 2590 5916 577 1087 288 107 132
internal_value=0.000174178 -0.004073 5.63686e-05 0.00749721 -0.0013505 -0.011552 -0.00579653 0.013125 -0.00411778 -0.00226718 0.00884735 0.00149608 -0.0147069 -0.00446645
internal_weight=3608.76 2284.34 1472.38 1324.42 1389.38 811.956 473.1 682.856 1093.3 980.129 296.081 641.563 89.6108 859.965
internal_count=24545 19450 10092 5095 9642 9358 5284 2663 8129 6625 1513 2432 395 6048
is_linear=0
shrinkage=0.04


Tree=37
num_leaves=15
num_cat=0
split_feature=50 82 50 20 9 87 54 59 3 52 57 82 20 86
split_gain=63.9351 47.7182 23.5509 22.6435 18.3143 19.0169 17.8348 16.7765 15.4566 13.2095 12.0788 11.9327 13.7894 11.8436
threshold=0.46875000000000006 0.29445000000000005 0.94790000000000008 1.0000000180025095e-35 1.0000000180025095e-35 0.20095000000000005 0.48850000000000005 0.70835000000000015 0.76250000000000007 0.58955000000000013 0.55950000000000022 1.1590000000000003 0.15000000000000002 0.65950000000000009
decision_type=2 2 2 2 2 2 2 2 2 2 2 2 2 2
left_child=6 3 7 4 5 8 -1 -3 9 10 13 12 -9 -2
right_child=1 2 -4 -5 -6 -7 -8 11 -10 -11 -12 -13 -14 -15
leaf_value=-0.018332089264400896 -0.0080487326680345802 0.0012675939552826826 0.027670673523969729 0.019579144186275828 -0.013451330815218401 0.01513568820764955 -0.00062974051800547385 0.0033547210844302728 0.025584318966246515 0.0022036197762703141 -0.02311397043260819 0.01462215672760595 0.032772264791415963 0.036539893702165982
leaf_weight=360.54181115003303 263.28378330497071 1063.2819251790643 72.678931688889861 56.160565833561122 367.2586315558292 85.818701019510627 121.81298956554383 481.75750185921788 24.431489044800401 190.86833845917135 93.299743292853236 338.56178210116923 25.947345433756709 8.9105135686695558
leaf_count=3852 2818 4744 358 400 5358 472 802 2112 91 1362 743 1285 81 25
internal_value=-0.000349062 0.00177793 0.0054737 -0.00494171 -0.00629133 -0.00233241 -0.0138721 0.00461482 -0.0049351 -0.00631879 -0.0107632 0.00881395 0.00491964 -0.00646068
internal_weight=3554.61 3072.26 1982.23 1090.03 1033.87 666.613 482.355 1909.55 580.794 556.362 365.494 846.267 507.705 272.194
internal_count=24503 19849 8580 11269 10869 5511 4654 8222 5039 4948 3586 3478 2193 2843
is_linear=0
shrinkage=0.04


Tree=38
num_leaves=15
num_cat=0
split_feature=84 83 9 18 87 7 3 78 52 73 78 87 35 73
split_gain=69.002 39.4336 22.6268 21.9267 32.1897 27.475 19.0718 16.4174 15.8823 14.7244 15.9931 14.3373 13.0044 12.6227
threshold=0.28455000000000003 -0.20659999999999998 1.0000000180025095e-35 -0.62499999999999989 0.33445000000000008 0.20835000000000001 0.67050000000000021 -0.076849999999999988 0.69010000000000005 0.70835000000000015 0.22115000000000004 0.50975000000000015 -0.91394999999999993 0.95835000000000015
decision_type=2 2 2 2 2 2 2 2 2 2 2 2 2 2
left_child=2 3 8 -2 -5 9 7 12 -1 -6 -11 -9 -3 -12
right_child=1 6 -4 4 5 -7 -8 11 -10 10 13 -13 -14 -15
leaf_value=-0.0074639729764703257 0.018644045466994903 0.013567091504687807 -0.016309220828098842 -0.015233568710868466 -0.0080623241751451389 0.044093577444285159 0.024496700121813122 0.0062109779816957554 0.0066964254538043411 -0.0029060972788797351 0.037793321678460799 0.017098634516947261 -0.0066101883493790018 0.0075248513967011675
leaf_weight=525.78102809889242 65.958303395658731 64.452182419598103 370.40145028335974 306.76856912951916 218.72371184080839 22.007307853549719 96.727913534268737 1049.6329989749938 166.02035070816055 122.87318941019475 34.586550530046225 237.06650899536908 232.44474911503494 59.672536339610815
leaf_count=5484 263 271 5019 3361 1081 83 525 3947 1158 692 117 819 1568 212
internal_value=0.000198288 0.00381359 -0.00834338 -0.00331359 -0.00522957 0.00149171 0.00733646 0.00627349 -0.00406096 -0.000755365 0.00660837 0.00822868 -0.00219914 0.0189114
internal_weight=3573.12 2510.91 1062.2 830.59 764.632 457.863 1680.32 1583.6 691.801 435.856 217.132 1286.7 296.897 94.2591
internal_count=24600 12939 11661 5809 5546 2185 7130 6605 6642 2102 1021 4766 1839 329
is_linear=0
shrinkage=0.04


Tree=39
num_leaves=15
num_cat=0
split_feature=82 83 25 54 87 71 59 57 53 87 3 18 53 4
split_gain=60.42 35.6749 22.7245 20.6777 20.5518 17.2308 20.5855 16.37 15.2496 13.9622 11.9974 16.3771 12.2552 11.8982
threshold=-0.6269499999999999 0.26450000000000001 1.0000000180025095e-35 0.6735000000000001 0.39105000000000006 0.58950000000000002 0.70835000000000015 0.36450000000000005 0.085500000000000007 0.16445000000000001 0.44050000000000006 -0.62499999999999989 0.24850000000000003 0.54600000000000015
decision_type=2 2 2 2 2 2 2 2 2 2 2 2 2 2
left_child=3 2 -2 9 10 6 7 8 -3 -1 11 -4 -13 -10
right_child=1 5 4 -5 -6 -7 -8 -9 13 -11 -12 12 -14 -15
leaf_value=-0.020278317319452403 -0.0075747053153554416 -0.025663573895685937 0.011309204339641159 0.0090003768727675119 0.013234716010358012 0.018027279897933627 0.010084759414547322 -0.0035558513663697228 0.0059351340943932266 -0.0019144253605121373 0.015397417411604873 -0.0085743025463350612 0.012669907919119499 0.027422568654516945
leaf_weight=319.69329455494881 676.93128841510043 16.736211703158915 101.62025444209576 57.66026914305985 205.48778718709946 182.23174903169274 651.67119154892862 510.9546415861696 122.63159958459437 83.769765698350966 60.898677378892899 413.74659764859825 47.642250270582736 61.717289738357067
leaf_count=6084 5327 112 505 354 846 786 2692 2396 584 814 307 3201 290 252
internal_value=0.000198393 0.00223848 -0.00214191 -0.013281 0.00229598 0.00650524 0.00495348 0.000249678 0.00988922 -0.0164796 -0.00132217 -0.00315477 -0.006358 0.0132379
internal_weight=3513.39 3052.27 1506.33 461.123 829.396 1545.94 1363.71 712.04 201.085 403.463 623.908 563.009 461.389 184.349
internal_count=24550 17298 10476 7252 5149 6822 6036 3344 948 6898 4303 3996 3491 836
is_linear=0
shrinkage=0.04


Tree=40
num_leaves=15
num_cat=0
split_feature=84 78 20 53 59 18 78 4 5 53 9 19 54 5
split_gain=53.2964 41.7788 28.5165 27.0085 22.0397 18.7285 14.7979 14.0553 13.0472 12.6993 12.3384 11.5308 10.9525 10.796
threshold=0.12115000000000002 -0.11459999999999999 0.15000000000000002 0.38650000000000007 0.63335000000000008 -0.62499999999999989 0.54525000000000012 0.70150000000000012 0.29165000000000002 0.24650000000000002 1.0000000180025095e-35 -0.38334999999999997 0.48650000000000004 0.20835000000000001
decision_type=2 2 2 2 2 2 2 2 2 2 2 2 2 2
left_child=-1 10 3 4 5 12 7 9 -8 -7 -2 -6 -3 -13
right_child=1 2 -4 -5 11 6 8 -9 -10 -11 -12 13 -14 -15
leaf_value=-0.014258101117830255 -0.0031258742367687108 0.018960485835052342 0.023674728024923687 0.019141914283816622 -0.010350581317172739 -0.0098333184591077299 -1.0738668055546342e-05 0.015401653866432366 0.032619661784159024 0.0046114370559050405 -0.01473067451415374 0.010183524929740669 -0.0055944005785887327 0.002292784484202442
leaf_weight=381.60875099897385 366.04199275840074 92.632030146196485 110.36870020255446 153.17454686295241 68.054230598732829 636.32247630320489 58.227122744545341 44.013506963849068 28.558703031390905 114.33450840041041 244.31242028437555 594.88232271745801 41.59564939700067 520.49189590476453
leaf_count=5925 2558 424 457 660 360 3829 231 208 106 485 3606 2910 198 2482
internal_value=-0.000179587 0.00157276 0.00389488 0.00295715 0.00182164 -0.00249958 -0.00462153 -0.00633661 0.0109762 -0.00762999 -0.00778754 0.00552933 0.0113661 0.00650665
internal_weight=3454.62 3073.01 2462.66 2352.29 2199.11 1015.68 881.456 794.67 86.7858 750.657 610.354 1183.43 134.228 1115.37
internal_count=24439 18514 12350 11893 11233 5481 4859 4522 337 4314 6164 5752 622 5392
is_linear=0
shrinkage=0.04


Tree=41
num_leaves=15
num_cat=0
split_feature=84 14 50 78 59 53 52 87 70 18 7 71 19 46
split_gain=52.1119 41.7289 27.8249 22.2771 16.635 15.4493 15.4445 15.3307 15.6506 15.0387 14.9789 14.2084 12.6304 11.8412
threshold=0.19485000000000002 1.0000000180025095e-35 0.90625000000000011 0.078600000000000017 0.55000000000000016 0.11850000000000001 0.24570000000000003 0.50185000000000013 0.7632500000000001 1.0000000180025095e-35 1.0000000180025095e-35 -0.37849999999999995 -0.34999999999999992 1.31945
decision_type=2 2 2 2 2 2 2 2 2 2 2 2 2 2
left_child=10 2 3 5 -5 -2 -7 12 -9 -4 13 -12 -6 -1
right_child=1 -3 9 4 7 6 -8 8 -10 -11 11 -13 -14 -15
leaf_value=-0.01832164747724721 -0.0098208778285141102 -0.014408093927150954 0.023968182732146293 0.001622400233754594 -0.01842363111457055 -0.01351649002207846 0.0034967715688454231 0.000985956934763503 0.025759295441184379 -0.036858364267307243 -0.0096361838268435428 0.0071276848832395436 0.0083110255721967983 0.027473517373029929
leaf_weight=267.45071683404967 252.56039711879566 208.50162670947611 137.59710308536887 621.64424776565284 28.965929698199034 95.856295246630907 719.57799498550594 54.758901450783014 160.02544814348221 5.9566709846258155 266.96981935855001 115.02632533200085 521.33877612277865 8.4924831725656968
leaf_count=4266 1689 3550 639 2597 146 614 3650 224 517 31 3562 890 2114 66
internal_value=0.000391438 0.00276713 0.00415038 0.00314469 0.00648694 -0.00119706 0.00148272 0.0104322 0.0194772 0.0212067 -0.00973212 -0.00458283 0.00687295 -0.0168181
internal_weight=3464.72 2806.78 2598.28 2454.73 1386.73 1067.99 815.434 765.089 214.784 143.554 657.939 381.996 550.305 275.943
internal_count=24555 15771 12221 11551 5598 5953 4264 3001 741 670 8784 4452 2260 4332
is_linear=0
shrinkage=0.04


Tree=42
num_leaves=15
num_cat=0
split_feature=82 54 84 54 18 20 50 52 84 83 23 43 18 52
split_gain=54.2 33.3143 24.7205 21.3981 20.5785 20.3376 18.3182 16.2525 15.3635 15.183 14.3502 13.8394 12.2114 11.1886
threshold=0.94235000000000013 0.33500000000000008 0.15295000000000003 0.35350000000000004 -0.57499999999999984 0.28335000000000005 0.94790000000000008 0.70480000000000009 0.56730000000000014 -0.59734999999999994 0.085000000000000006 1.0000000180025095e-35 0.22500000000000003 0.71655000000000013
decision_type=2 2 2 2 2 2 2 2 2 2 2 2 2 2
left_child=1 11 7 4 -4 9 8 -3 10 -5 13 -1 -9 -2
right_child=6 2 3 5 -6 -7 -8 12 -10 -11 -12 -13 -14 -15
leaf_value=-0.015372462273358031 0.00075543011185845877 -0.014226236208336254 0.029695437337091339 -0.010801563995480023 0.0017454645348351425 0.031594562931467021 0.031574793502443257 0.013973261885562504 0.011356518849995539 0.00098657051853104816 -0.0086436411438189139 0.013922667507552311 -0.026865027970561825 0.01344368040718066
leaf_weight=383.73473811987787 296.38025206699967 295.42549140285701 78.799868443980813 209.76389478705823 89.608304029796273 30.359716650098562 47.160180425271392 62.244092645123601 532.57274862751365 1024.2970155691728 149.89134340826422 26.897230001166463 13.416154930833725 177.09002980589867
leaf_count=5019 1112 4506 329 2083 721 145 266 591 2167 5759 656 250 198 685
internal_value=0.000556318 -0.00315629 -0.000812777 0.00157173 0.0149216 -0.000216731 0.0073871 -0.00999926 0.00637384 -0.00102428 0.00210549 -0.0134244 0.00647579 0.00551949
internal_weight=3417.64 2214.55 1803.91 1432.83 168.408 1264.42 1203.09 371.086 1155.93 1234.06 623.362 410.632 75.6602 473.47
internal_count=24487 19601 14332 9037 1050 7987 4886 5295 4620 7842 2453 5269 789 1797
is_linear=0
shrinkage=0.04


Tree=43
num_leaves=15
num_cat=0
split_feature=84 14 50 18 50 46 84 85 53 18 53 52 46 55
split_gain=48.054 26.721 22.7317 20.7844 18.8029 13.4758 12.5684 12.5605 11.8073 10.8652 10.6655 10.4663 11.2849 10.7363
threshold=0.32055000000000006 1.0000000180025095e-35 0.46875000000000006 -0.82499999999999984 0.94790000000000008 -0.60494999999999988 0.58165000000000011 1.0000000180025095e-35 0.10750000000000001 0.52500000000000013 0.30750000000000005 0.19200000000000003 0.66980000000000006 0.38000000000000006
decision_type=2 2 2 2 2 2 2 2 2 2 2 2 2 2
left_child=2 4 -1 -4 6 -5 9 -7 -9 11 -8 12 -2 -14
right_child=1 -3 3 5 -6 7 10 8 -10 -11 -12 -13 13 -15
leaf_value=-0.018863432453721483 -0.015954954105004235 -0.01091305797631986 0.016559532901165092 -0.01817316009317111 0.026632323184466108 0.019730684244562834 0.0064737250664491097 -0.015734351030591821 -0.0024733371691648769 -0.012563019414102979 0.020520574867735671 0.0040145114490766501 0.044309390991074428 -0.010126979782900277
leaf_weight=191.09360340051353 82.646826229989529 182.56875604670495 73.118103703483939 115.64719022717327 61.496562773361802 34.285148223396391 686.96613824367523 127.93820309871808 647.44002419058233 78.416533315554261 98.373227845877409 1000.5400259513408 10.027998816221954 11.592825865373014
leaf_count=2803 437 3062 509 1607 324 155 2883 1569 6063 444 440 4096 33 52
internal_value=0.000220721 0.00370593 -0.00625977 -0.00383105 0.00502538 -0.00545845 0.00433721 -0.00362218 -0.00467887 0.00173068 0.00825712 0.00275566 -0.00924752 0.0159639
internal_weight=3402.15 2212.63 1189.52 998.429 2030.06 925.311 1968.56 809.663 775.378 1183.22 785.339 1104.81 104.268 21.6208
internal_count=24477 11771 12706 9903 8709 9394 8385 7787 7632 5062 3323 4618 522 85
is_linear=0
shrinkage=0.04


Tree=44
num_leaves=15
num_cat=0
split_feature=82 3 59 43 50 87 54 1 75 22 55 78 80 87
split_gain=45.8448 28.7816 24.6606 19.0501 19.013 17.523 16.7642 14.741 13.0698 12.4804 12.4562 12.4039 14.7281 10.9422
threshold=-0.61374999999999991 0.086500000000000007 0.70835000000000015 1.0000000180025095e-35 0.80210000000000015 0.72200000000000009 0.73350000000000015 0.64250000000000018 0.18335000000000004 0.40835000000000005 0.34900000000000003 0.071600000000000011 0.53250000000000008 0.35305000000000003
decision_type=2 2 2 2 2 2 2 2 2 2 2 2 2 2
left_child=3 10 4 9 -3 6 11 -6 -7 13 -2 12 -4 -1
right_child=1 2 5 -5 7 8 -8 -9 -10 -11 -12 -13 -14 -15
leaf_value=-0.020654403584968003 -0.029161249238791456 -0.0032926081921317314 0.0012719977268413371 0.012362599984964006 0.021775457034910701 -0.031095557633324895 0.02291621445396478 0.0017589976674536353 0.02818621630296201 0.0028505984532895458 -0.0059808867243680112 0.0073302393720616902 -0.020977934715927661 0.0028006611126697788
leaf_weight=308.56275939336047 63.473069729283452 1290.8636470586061 382.11065554339439 42.8005570913665 87.69444116204977 5.6228599399328223 76.79677470959723 175.63880131486803 78.031292388215661 51.268322155810893 88.922368559986353 611.86229666415602 53.359532346948981 35.221580284647644
leaf_count=5967 607 8299 2456 518 467 24 371 840 369 556 810 2697 376 252
internal_value=-0.000712005 0.00110256 0.00203849 -0.0127649 -0.00129343 0.00632359 0.00499694 0.00848198 0.0238813 -0.0155116 -0.0157627 0.00366238 -0.00149617 -0.0182502
internal_weight=3352.23 2914.38 2761.98 437.853 1554.2 1207.78 1124.13 263.333 83.6542 395.053 152.395 1047.33 435.47 343.784
internal_count=24609 17316 15899 7293 9606 6293 5900 1307 393 6775 1417 5529 2832 6219
is_linear=0
shrinkage=0.04


Tree=45
num_leaves=15
num_cat=0
split_feature=84 9 78 49 25 3 82 87 28 18 20 70 24 56
split_gain=40.1759 24.8447 31.2811 21.6507 18.9302 18.0846 17.2771 20.6951 17.5251 16.0147 16.5627 15.9785 14.3196 13.8854
threshold=0.31735000000000008 1.0000000180025095e-35 0.078600000000000017 1.0000000180025095e-35 1.0000000180025095e-35 0.87050000000000016 1.7292500000000002 0.35305000000000003 0.46000000000000002 -0.97499999999999987 1.0000000180025095e-35 0.67050000000000021 1.0000000180025095e-35 0.35350000000000004
decision_type=2 2 2 2 2 2 2 2 2 2 2 2 2 2
left_child=3 6 -3 -1 -4 9 7 11 -9 -5 -11 12 13 -2
right_child=1 2 4 5 -6 -7 -8 8 -10 10 -12 -13 -14 -15
leaf_value=-0.020266628518805688 0.032955467306920026 -0.010755295006803847 -0.00089512120073228466 0.035640530555308747 0.016282980934648736 0.044259938950828304 0.020918325856451033 0.0060440941258643535 0.028684794910164561 -0.0060092337611228983 0.018679853040833218 -4.5088798806939621e-05 -0.00037831484499551912 0.0093890053816974139
leaf_weight=142.24107527546585 63.660123784095049 363.24232435319573 300.79541009292006 14.87257071956992 154.73398045264184 11.461385633796452 124.77795017138124 120.01784839481115 100.58689961023629 941.32931095641106 44.620775243267417 755.90926053840667 106.55074954591691 108.10889472439885
leaf_count=2383 241 3954 1322 71 583 42 650 496 386 9818 369 3218 529 498
internal_value=0.00033063 0.00350333 -0.00201503 -0.00570845 0.00496281 -0.00364482 0.00677744 0.00535577 0.0164502 -0.00423706 -0.00487409 0.00297568 0.0111508 0.0182633
internal_weight=3352.91 2198.38 818.772 1154.53 455.529 1012.28 1379.61 1254.83 220.605 1000.82 985.95 1034.23 278.32 171.769
internal_count=24560 11877 5859 12683 1905 10300 6018 5368 882 10258 10187 4486 1268 739
is_linear=0
shrinkage=0.04


Tree=46
num_leaves=15
num_cat=0
split_feature=50 78 71 9 3 69 50 43 73 46 70 35 44 5
split_gain=38.327 30.2453 21.1657 22.7376 17.304 16.6566 16.7217 11.3196 11.3229 10.5888 10.1731 9.95177 9.43787 9.12709
threshold=0.78125000000000011 0.078600000000000017 -0.89349999999999985 1.0000000180025095e-35 0.68250000000000022 0.90000000000000013 0.40625000000000006 1.0000000180025095e-35 0.20835000000000001 1.1897000000000002 2.6635000000000004 -0.96634999999999993 0.13395000000000004 0.54165000000000008
decision_type=2 2 2 2 2 2 2 2 2 2 2 2 2 2
left_child=1 2 11 -4 -2 6 -3 8 -7 -5 -8 -1 -11 -9
right_child=4 5 3 9 -6 7 10 13 -10 12 -12 -13 -14 -15
leaf_value=0.0045666770194587817 0.0062986439535897025 -0.04322868960118223 -0.00013794255270863469 -0.012221510686161563 0.025016556342746941 -0.0071190174583005859 -0.0065549264828239674 0.02660085469792791 0.0057876400995116204 0.032872214703805427 0.011683575638323711 -0.027073775343245145 -0.023930661336657312 -0.016084758449973001
leaf_weight=18.586824596859515 546.34425650164485 16.536409881897271 776.00063720345497 486.37413990451023 91.673636451363564 125.59331636689603 255.14172689523548 58.145940940827131 775.61185441818088 14.803753768559547 59.53084925096482 99.363540322054178 5.8129221834242335 8.5901409015059453
leaf_count=198 2916 145 5710 6423 532 604 1736 232 3566 95 291 1988 46 42
internal_value=0.000213747 -0.00187042 -0.00594528 -0.00444486 0.00902307 0.00252491 -0.00520711 0.00517328 0.00398305 -0.0110238 -0.00307842 -0.0220913 0.0164904 0.0209501
internal_weight=3338.11 2700.09 1400.94 1282.99 638.018 1299.15 331.209 967.941 901.205 506.991 314.673 117.95 20.6167 66.7361
internal_count=24524 21076 14460 12274 3448 6616 2172 4444 4170 6564 2027 2186 141 274
is_linear=0
shrinkage=0.04


Tree=47
num_leaves=15
num_cat=0
split_feature=82 20 82 18 25 87 55 3 87 16 45 3 73 18
split_gain=43.5265 25.9102 21.5122 22.6707 14.1527 14.8784 14.0054 17.4499 13.6439 13.2532 11.2642 11.2312 11.1187 11.0355
threshold=0.9114000000000001 0.15000000000000002 -0.82284999999999986 -0.97499999999999987 1.0000000180025095e-35 0.19645000000000004 0.63800000000000012 0.64050000000000018 0.68955000000000011 1.0000000180025095e-35 0.45000000000000007 0.51900000000000013 0.70835000000000015 0.52500000000000013
decision_type=2 2 2 2 2 2 2 2 2 2 2 2 2 2
left_child=1 2 -1 -4 9 11 7 8 13 -5 -11 -6 -10 -2
right_child=6 -3 3 4 5 -7 -8 -9 12 10 -12 -13 -14 -15
leaf_value=-0.014092548219946368 0.0029035528967671061 0.019146195105467455 0.034939655253501838 -0.010628233061771894 -0.0048886114505895866 0.0078673601071222662 0.01643504741174363 0.028865799682028404 0.0024249474922583979 0.044793659900921864 0.00074950837163241372 0.0070724313048961185 0.027972951462236707 -0.014232293771570783
leaf_weight=295.65593590540811 805.54919217713177 78.475045935250819 24.593859815970063 470.10369845712557 771.70020399894565 260.27287575416267 182.81009490415454 43.744102708995342 49.606630623340607 10.731463856995104 44.824251429177821 149.07206217013299 60.05710057169199 63.98587385378778
leaf_count=5475 3216 525 101 5032 5725 1447 795 306 211 44 392 662 233 319
internal_value=0.000207624 -0.0032626 -0.00413919 -0.00243229 -0.00299097 -0.000558802 0.00626485 0.00443306 0.00331323 -0.00844409 0.00989893 -0.00294656 0.0165426 0.00162769
internal_weight=3311.18 2105.43 2026.95 1731.3 1706.7 1181.05 1205.75 1022.94 979.199 525.659 55.5557 920.772 109.664 869.535
internal_count=24483 19403 18878 13403 13302 7834 5080 4285 3979 5468 436 6387 444 3535
is_linear=0
shrinkage=0.04


Tree=48
num_leaves=15
num_cat=0
split_feature=20 84 82 73 7 52 14 52 86 25 58 2 70 28
split_gain=35.0003 32.1046 18.1198 17.2805 16.7321 15.1701 15.0048 14.4257 12.9235 28.195 12.6822 12.2336 15.9299 11.1342
threshold=0.15000000000000002 0.34330000000000005 1.5749500000000001 0.79165000000000008 1.0000000180025095e-35 0.36900000000000005 1.0000000180025095e-35 0.77095000000000014 0.38935000000000003 1.0000000180025095e-35 0.29165000000000002 0.36700000000000005 -0.30539999999999995 0.94500000000000006
decision_type=2 2 2 2 2 2 2 2 2 2 2 2 2 2
left_child=1 4 6 5 -1 -4 8 10 9 -3 -6 12 -10 -11
right_child=-2 2 3 -5 7 -7 -8 -9 11 13 -12 -13 -14 -15
leaf_value=-0.01194346453620649 0.019583944813158602 -0.0033656486533820396 -0.023379498537737953 0.024609299062295822 -0.014002128163256626 0.008687094838920285 -0.011075098758377578 0.0089156922608598452 0.018236175171604189 0.0078287932986793561 -0.0011909895585589002 0.010747661472327506 -0.0064949459454669983 0.021881670288031146
leaf_weight=485.42225797846913 135.6343587860465 347.51878544874489 26.488332077860832 100.45607877336442 178.45206851931289 166.94689542613924 161.4877078011632 144.6321542179212 44.254049856215715 322.867247691378 398.17131788143888 96.669805582612753 530.95729296654463 125.39176469855011
leaf_count=6462 751 1788 120 468 2523 758 2844 916 176 1404 3210 464 2103 533
internal_value=-0.000233234 -0.00109804 0.00211098 0.0112349 -0.00620967 0.00419835 0.000459187 -0.00233949 0.00173499 0.00518107 -0.00517313 -0.00234819 -0.0045639 0.0117998
internal_weight=3265.35 3129.72 1923.04 293.891 1206.68 193.435 1629.15 721.256 1467.66 795.778 576.623 671.881 575.211 448.259
internal_count=24520 23769 10658 1346 13111 878 9312 6649 6468 3725 5733 2743 2279 1937
is_linear=0
shrinkage=0.04


Tree=49
num_leaves=15
num_cat=0
split_feature=3 84 78 50 87 22 3 53 80 78 43 15 6 78
split_gain=34.8913 25.7593 24.121 19.1473 16.0847 13.5284 11.1745 11.1316 10.6355 9.64997 12.469 11.4422 16.8085 16.5409
threshold=0.086500000000000007 0.15295000000000003 -0.17784999999999998 0.78125000000000011 0.56730000000000014 0.091650000000000023 0.8600000000000001 0.22750000000000004 -0.32749999999999996 0.22940000000000002 1.0000000180025095e-35 1.0000000180025095e-35 0.62500000000000011 0.037150000000000009
decision_type=2 2 2 2 2 2 2 2 2 2 2 2 2 2
left_child=-1 -2 6 4 7 -6 -3 9 -5 10 11 -4 -13 -14
right_child=1 2 3 8 5 -7 -8 -9 -10 -11 -12 12 13 -15
leaf_value=-0.015370966262832929 -0.0086986463677691719 -0.0081822373924380683 -0.010593900371653864 -0.015505114755217913 0.0072854366266960624 0.033350173662015176 0.045481490000588043 0.0061394970633518479 0.011902502542234341 0.0033710255140650307 0.017572329435901941 0.0068956848537919139 0.0032474207433056128 -0.024848378977642305
leaf_weight=224.10462266486138 385.38110074913129 354.22015585238114 359.83261578157544 22.910752207040787 230.64049417339265 36.177995255216956 5.3378685861825934 386.42065360210836 491.77945365011692 388.16908011212945 38.115790167823434 202.96840488910675 64.242120964452624 68.657837714999914
leaf_count=3320 5591 3842 2810 125 955 146 15 1704 2335 1771 204 974 351 335
internal_value=-0.000176248 0.000950479 0.00235675 0.00386952 0.00189738 0.0109309 -0.00726163 0.000293283 0.0106548 -0.00172387 -0.00441985 -0.00564825 -0.000334 -0.0113444
internal_weight=3258.96 3034.85 2649.47 2289.92 1775.22 266.818 359.558 1508.41 514.69 1121.99 733.817 695.701 335.868 132.9
internal_count=24478 21158 15567 11710 9250 1101 3857 8149 2460 6445 4674 4470 1660 686
is_linear=0
shrinkage=0.04


Tree=50
num_leaves=15
num_cat=0
split_feature=50 43 18 84 19 78 53 83 71 35 44 57 56 70
split_gain=33.5731 25.487 25.216 19.7493 13.7106 13.8047 13.1981 12.7185 11.6059 11.6468 9.90848 10.8322 9.83162 9.39065
threshold=0.46875000000000006 1.0000000180025095e-35 0.52500000000000013 0.15295000000000003 1.0000000180025095e-35 -0.11459999999999999 0.19550000000000003 -0.42344999999999994 0.60250000000000015 2.4141500000000007 0.15480000000000002 0.36050000000000004 0.85050000000000014 0.045500000000000006
decision_type=2 2 2 2 2 2 2 2 2 2 2 2 2 2
left_child=6 2 3 -2 5 13 -1 -6 9 12 11 -3 -7 -5
right_child=1 10 -4 4 7 8 -8 -9 -10 -11 -12 -13 -14 -15
leaf_value=-0.01407403809868818 -0.0074310140097021225 0.024005475708848829 -0.012523998891716022 0.01233360188368674 -0.0089188628928159996 0.0018798980676776129 0.0025786029081761048 0.012019601259262436 0.013704914537952553 -0.038971459032723942 0.027380899383149072 -0.0023888603385172772 0.028527534787399771 -0.009292144640765004
leaf_weight=329.26815364556387 313.11419849097729 40.466273531317711 208.71667203260586 36.126107731368393 51.89670779183507 1215.4145598784089 98.60603315429762 392.14175206236541 151.28723458014429 10.003936845809219 74.958731866907328 61.787849319167435 21.571851946413517 242.59067586064339
leaf_count=3948 4543 263 2222 347 393 6098 702 1809 695 63 454 440 135 2488
internal_value=0.000187799 0.00177291 0.000785316 0.0019312 0.00331613 0.00165872 -0.0102393 0.00955789 0.00327948 0.00200468 0.0164143 0.00818782 0.00236728 -0.00645503
internal_weight=3247.95 2820.08 2642.86 2434.15 2121.03 1676.99 427.874 444.038 1398.28 1246.99 177.213 102.254 1236.99 278.717
internal_count=24600 19950 18793 16571 12028 9826 4650 2202 6991 6296 1157 703 6233 2835
is_linear=0
shrinkage=0.04


Tree=51
num_leaves=15
num_cat=0
split_feature=82 54 18 3 71 78 59 80 1 83 54 8 55 35
split_gain=30.2129 20.7882 14.9111 14.6284 13.6671 12.6948 12.1503 10.3453 9.74627 9.54864 9.40738 10.8633 9.13278 8.78716
threshold=0.83645000000000014 0.34050000000000008 -0.92499999999999993 0.63000000000000012 -0.41449999999999992 0.071600000000000011 0.45000000000000007 0.74650000000000005 1.5085000000000002 0.10575000000000002 0.38050000000000006 1.0000000180025095e-35 0.46000000000000008 -0.63239999999999985
decision_type=2 2 2 2 2 2 2 2 2 2 2 2 2 2
left_child=1 -1 5 7 -4 -3 10 -2 -9 -8 11 -6 13 -12
right_child=3 2 4 -5 6 -7 9 8 -10 -11 12 -13 -14 -15
leaf_value=-0.011679396645881798 0.0021661473133893932 0.0075771964028237609 -0.0068874574689056708 0.021071827231132764 -0.006101469690272753 0.053698499263341255 -0.0018901305800761562 -0.00029114591502241833 0.020479878514959689 0.0073644358948444597 0.013680029486118732 0.027444094756533272 -0.022867360105570288 -0.012142196464051479
leaf_weight=371.17105831159279 1042.9744681026787 33.714642096310854 547.66808676021174 81.126102451235056 43.159572188742459 12.559968966990708 303.70206224592403 55.831283826380968 101.36121742613614 430.12823038548231 30.144513094332069 22.822926093824208 70.29854853451252 64.495767218060791
leaf_count=5235 4376 243 6615 570 480 44 2650 266 358 2096 204 115 572 621
internal_value=-2.45591e-05 -0.00318543 -0.00115657 0.00473507 -0.00184687 0.0209666 0.00101873 0.00361415 0.0131473 0.00353699 -0.00696466 0.00573822 -0.0120503 -0.00386035
internal_weight=3211.16 1929.87 1558.69 1281.29 1512.42 46.2746 964.752 1200.17 157.193 733.83 230.921 65.9825 164.939 94.6403
internal_count=24445 18875 13640 5570 13353 287 6738 5000 624 4746 1992 595 1397 825
is_linear=0
shrinkage=0.04


Tree=52
num_leaves=15
num_cat=0
split_feature=20 82 50 9 4 87 75 86 78 55 50 70 82 79
split_gain=29.4157 30.0565 18.1368 16.2586 15.9098 12.4808 10.6293 10.6099 10.5159 9.98582 8.9454 9.2703 10.6758 8.66611
threshold=1.0000000180025095e-35 0.14230000000000001 0.80210000000000015 1.0000000180025095e-35 0.077000000000000013 0.40490000000000009 0.43650000000000005 0.35100000000000003 0.27560000000000007 0.6715000000000001 0.46875000000000006 2.7645000000000004 0.62945000000000007 0.29165000000000002
decision_type=2 2 2 2 2 2 2 2 2 2 2 2 2 2
left_child=1 3 4 5 -3 6 7 -1 9 10 11 12 -6 -10
right_child=-2 2 -4 -5 8 -7 -8 -9 13 -11 -12 -13 -14 -15
leaf_value=-0.0041822033835009435 0.015854484231899536 -0.046163371623483586 0.0098081671166698192 -0.013890073513007311 -0.0059818065676229036 0.018479252253988186 -0.0085490200116007473 0.014830804150161175 -0.0018996799983564139 0.010641677553710024 -0.0019155887819072121 0.0098047200475769886 -0.032838014938880285 0.008251168154799586
leaf_weight=126.60179909272119 168.70494621433318 10.972050476819275 346.49324371665716 353.20584610896185 49.74771527480334 39.025997266173363 379.0687118996866 73.362258175387979 212.94112883508205 89.117549763992429 922.77240283973515 21.361992264166474 45.174498427659273 363.13723466638476
leaf_count=1416 974 97 1729 6623 373 205 4474 362 1049 394 4852 114 249 1624
internal_value=-0.000351937 -0.00125832 0.00147504 -0.00705602 -0.000213077 -0.00313439 -0.00462046 0.00283232 0.000109651 -0.00213533 -0.00324036 -0.0136471 -0.0189721 0.00450223
internal_weight=3201.69 3032.98 2061.72 971.265 1715.22 618.059 579.033 199.964 1704.25 1128.17 1039.06 116.284 94.9222 576.078
internal_count=24535 23561 10481 13080 8752 6457 6252 1778 8655 5982 5588 736 622 2673
is_linear=0
shrinkage=0.04


Tree=53
num_leaves=15
num_cat=0
split_feature=50 52 20 9 87 37 25 4 87 7 71 87 28 18
split_gain=30.0541 20.6241 19.8432 15.535 15.0602 14.8322 14.4746 12.6381 12.621 12.3295 11.463 11.2418 12.6325 11.4727
threshold=0.46875000000000006 0.41280000000000006 0.25000000000000006 1.0000000180025095e-35 0.25360000000000005 1.0000000180025095e-35 1.0000000180025095e-35 0.64100000000000013 0.39105000000000006 0.20835000000000001 -0.77449999999999986 0.19455000000000003 0.82500000000000007 -0.92499999999999993
decision_type=2 2 2 2 2 2 2 2 2 2 2 2 2 2
left_child=10 8 3 7 -5 6 -6 11 -2 -10 -1 13 -13 -3
right_child=1 2 -4 4 5 -7 -8 -9 9 -11 -12 12 -14 -15
leaf_value=-0.026076185397401967 -0.0073620346371470313 0.028257778356353982 0.027199769251951837 -0.0099913414524957361 -0.00048968972343054926 -0.016505913093687007 0.015913845481045578 0.011951308553222793 0.00094944006059142442 0.033264577840299674 -0.0073897294542942362 0.0038846941786179995 0.026609886967031544 0.00014074632839245418
leaf_weight=60.951631399802864 553.9771557864733 22.931835897266865 53.404475396499038 249.07826215773821 248.46705972217023 57.141058396548033 130.64100445061922 335.39455849677324 131.12455937825143 21.083302322775126 357.3526510708034 105.78441896103323 61.515732226893306 780.10248886374757
leaf_count=1245 5927 109 271 3336 1253 336 598 1861 661 78 3392 494 261 4661
internal_value=-0.000192479 0.00132773 0.00336314 0.00271045 -0.00216447 0.00231694 0.00518998 0.00526882 -0.00456136 0.00561352 -0.0101683 0.0029491 0.0123491 0.000977816
internal_weight=3168.95 2750.65 2044.46 1991.06 685.327 436.249 379.108 1305.73 706.185 152.208 418.304 970.334 167.3 803.034
internal_count=24483 19846 13180 12909 5523 2187 1851 7386 6666 739 4637 5525 755 4770
is_linear=0
shrinkage=0.04


Tree=54
num_leaves=15
num_cat=0
split_feature=84 4 53 24 87 84 28 55 11 3 22 83 78 50
split_gain=29.4106 26.4504 18.2918 24.155 19.1622 16.7025 15.0636 12.824 12.4527 10.8335 11.6565 10.9975 10.9047 10.5488
threshold=0.086750000000000008 0.77450000000000008 0.16350000000000003 1.0000000180025095e-35 0.32325000000000004 0.62125000000000008 0.84500000000000008 0.34900000000000003 0.62500000000000011 0.28950000000000004 0.37500000000000006 0.41375000000000006 0.57225000000000004 0.51040000000000008
decision_type=2 2 2 2 2 2 2 2 2 2 2 2 2 2
left_child=-1 2 3 7 13 9 8 -2 -6 10 11 -4 -11 -5
right_child=1 -3 5 4 6 -7 -8 -9 -10 12 -12 -13 -14 -15
leaf_value=-0.014102143751829442 -0.016747193980281978 0.016633606617722646 -0.0003154181962905186 -0.017678015122379424 -0.012676581431227142 0.011710053229843163 0.024060867704517607 0.010257577399328057 0.0024057727673608134 -0.0030567351887604757 0.035920148435890413 0.020207078056746316 0.018346966898960228 -0.0069132716011676499
leaf_weight=241.14646299602464 30.794177044183016 151.30458899959922 155.78201964590698 194.25423245690763 118.20628193765879 280.74170398898423 38.865427199751139 249.0547265233472 329.38601476792246 670.84427546407096 20.846614116802812 56.073843421414495 39.382278550416231 584.88407700462267
leaf_count=4601 200 911 1157 2626 718 1231 175 1360 1593 3655 131 291 152 5805
internal_value=-0.000706094 0.000404501 -0.000487943 -0.00337981 -0.00573125 0.00316414 0.000498304 0.00723696 -0.00159676 0.000610024 0.00808112 0.00518587 -0.00184577 -0.00961635
internal_weight=3161.57 2920.42 2769.12 1545.44 1265.6 1223.67 486.458 279.849 447.592 942.929 232.702 211.856 710.227 779.138
internal_count=24606 20005 19094 12477 10917 6617 2486 1560 2311 5386 1579 1448 3807 8431
is_linear=0
shrinkage=0.04


Tree=55
num_leaves=15
num_cat=0
split_feature=50 25 87 20 18 50 53 86 4 2 53 3 16 50
split_gain=29.6419 21.7179 27.6213 14.0881 12.9297 11.9142 11.793 12.6345 11.8341 11.9353 11.5017 16.5075 10.213 9.93064
threshold=0.78125000000000011 1.0000000180025095e-35 0.39895000000000008 0.18335000000000004 0.32500000000000001 0.46875000000000006 0.20100000000000004 0.52355000000000007 0.25950000000000006 0.17350000000000002 0.12350000000000001 0.37050000000000005 1.0000000180025095e-35 0.46875000000000006
decision_type=2 2 2 2 2 2 2 2 2 2 2 2 2 2
left_child=1 5 3 6 -4 -1 7 10 -9 -10 11 13 -7 -3
right_child=-2 2 4 -5 -6 12 -8 8 9 -11 -12 -13 -14 -15
leaf_value=-0.017518199660781462 0.0075740023105509546 -0.020318310603119675 0.015364292030638844 0.020482996172722791 -0.0063814871334074508 -0.0065877792432331248 0.0019929969474185437 0.027655434327088536 -0.0085521808931488009 0.012513684470799558 -0.014897552174615209 0.017721459533172109 0.012377012250267869 -0.0034359910573905413
leaf_weight=154.70548792090267 604.79244811367244 70.808331036008894 241.45027123764157 42.224706656299531 52.79218378290534 639.59123419737443 523.91541059920564 25.880558956414461 115.38352337479591 67.2806974388659 260.30198340537027 48.029292297549546 47.990560365840793 251.92566421255469
leaf_count=2315 3472 1020 1037 247 245 6351 3123 98 473 281 2215 393 408 2867
internal_value=-0.000377772 -0.00227168 0.000331494 -0.00200315 0.0114543 -0.00751985 -0.00271399 -0.00565002 0.0028753 -0.000767106 -0.00846742 -0.00392509 -0.00524806 -0.00719132
internal_weight=3147.07 2542.28 1699.99 1405.75 294.242 842.287 1363.53 839.61 208.545 182.664 631.065 370.763 687.582 322.734
internal_count=24545 21073 11999 10717 1282 9074 10470 7347 852 754 6495 4280 6759 3887
is_linear=0
shrinkage=0.04


Tree=56
num_leaves=15
num_cat=0
split_feature=84 14 20 78 83 1 1 82 35 53 73 55 2 22
split_gain=25.3131 19.4873 12.1902 13.4702 11.6866 10.6582 10.5491 10.4963 9.53924 9.02767 11.6378 11.3999 9.2024 9.81563
threshold=0.19775000000000001 1.0000000180025095e-35 0.15000000000000002 0.27560000000000007 2.0016500000000002 -0.065499999999999989 -0.018499999999999996 -0.98394999999999988 0.78455000000000008 0.27750000000000008 0.62500000000000011 0.47900000000000004 0.13050000000000003 0.44165000000000004
decision_type=2 2 2 2 2 2 2 2 2 2 2 2 2 2
left_child=4 2 3 5 7 8 -7 -1 -2 10 -5 -11 -12 -14
right_child=1 -3 -4 9 -6 6 -8 -9 -10 11 12 -13 13 -15
leaf_value=-0.020764070944666063 0.010146557485876766 -0.010671648216144677 0.015972095505164749 -0.0019382856954076233 0.017491638762379833 -0.036304836325628469 -0.00087184300755075274 -0.006161332635845891 -0.012876855382654364 0.027653921112744596 0.01764264691413605 0.0023588733082644782 -0.00020784275604715334 0.031179298454207138
leaf_weight=94.263383116573095 241.07341245375574 184.45099750068039 106.24812125787139 228.5887607363984 27.845967264845967 12.581454914063213 1336.6825374336913 465.45352810714394 31.814269566908479 67.504897031933069 136.40229458548129 49.168919993564487 138.39585685171187 17.015188705176115
leaf_count=2564 1413 3529 445 1077 188 73 7117 6145 220 334 556 248 572 66
internal_value=9.09413e-05 0.00181616 0.00279401 0.00216747 -0.00738658 0.000230629 -0.00122889 -0.00865326 0.00742519 0.00709105 0.00481751 0.0171047 0.0100981 0.00340595
internal_weight=3137.49 2549.93 2365.48 2259.23 587.563 1622.15 1349.26 559.717 272.888 637.076 520.402 116.674 291.813 155.411
internal_count=24547 15650 12121 11676 8897 8823 7190 8709 1633 2853 2271 582 1194 638
is_linear=0
shrinkage=0.04


Tree=57
num_leaves=15
num_cat=0
split_feature=3 20 84 79 23 87 22 80 22 11 18 4 46 70
split_gain=24.2935 18.4457 18.1372 12.167 14.3648 13.6051 15.064 12.8876 10.7769 10.2843 9.76482 8.90205 11.8865 8.36033
threshold=0.091500000000000012 1.0000000180025095e-35 0.34330000000000005 0.45835000000000009 1.0000000180025095e-35 0.35615000000000008 1.0000000180025095e-35 0.43450000000000005 0.20835000000000004 0.62500000000000011 -0.97499999999999987 0.72300000000000009 -0.76179999999999992 -0.15674999999999997
decision_type=2 2 2 2 2 2 2 2 2 2 2 2 2 2
left_child=-1 2 10 4 13 7 9 8 -5 -7 -2 12 -12 -4
right_child=1 -3 3 5 -6 6 -8 -9 -10 -11 11 -13 -14 -15
leaf_value=-0.012525872998658726 0.028144952009669537 0.014481730006386096 0.018293095125848226 -3.062977208740682e-05 -0.0069334365180145985 -0.0058805162696136263 0.028132059349862373 -0.0080269466463469795 0.013655650869923945 0.011855227426843749 -0.02203297588479643 0.0072626331131404164 -0.0042421532459570518 0.0018967742871151148
leaf_weight=222.61955907428637 14.087235651910303 156.22387169674039 55.455609741620719 212.75501445448026 337.33369138883427 66.549021746963263 72.952742159366608 147.68352428032085 161.25392052065581 234.87194360420108 63.760916961822659 95.722944592125714 850.35902748955414 422.23007876705378
leaf_count=3465 67 865 303 1490 2195 347 296 1022 780 1053 1076 555 8989 1935
internal_value=0.000176369 0.00115841 0.000392367 0.0029116 -0.000625347 0.00612574 0.0119335 0.00194313 0.00589089 0.00793296 -0.00381624 -0.0042895 -0.0055058 0.0038345
internal_weight=3113.86 2891.24 2735.02 1711.09 815.019 896.066 374.374 521.692 374.009 301.421 1023.93 1009.84 914.12 477.686
internal_count=24438 20973 20108 9421 4433 4988 1696 3292 2270 1400 10687 10620 10065 2238
is_linear=0
shrinkage=0.04


Tree=58
num_leaves=15
num_cat=0
split_feature=50 78 9 59 87 18 20 52 20 84 28 5 15 5
split_gain=24.0728 19.3296 14.5943 12.4306 11.3869 11.1339 10.6584 10.9288 9.66843 9.59953 9.54568 10.3979 9.64348 9.48443
threshold=0.78125000000000011 0.078600000000000017 1.0000000180025095e-35 0.55000000000000016 0.66995000000000016 1.0000000180025095e-35 0.31665000000000004 0.6120000000000001 -0.21664999999999998 0.11385000000000002 0.94500000000000006 0.20835000000000001 1.0000000180025095e-35 1.0000000180025095e-35
decision_type=2 2 2 2 2 2 2 2 2 2 2 2 2 2
left_child=1 2 6 8 -4 13 7 -1 -3 -5 12 -12 -11 -2
right_child=5 3 4 9 -6 -7 -8 -9 -10 10 11 -13 -14 -15
leaf_value=-0.0058536293815627726 0.020483301457891741 0.023278956785377537 -0.013026200978646475 -0.025971089704278385 0.0065381703361321658 -0.0048395021238571813 0.046918266296156863 0.0040339458883561306 -0.003918626982772482 0.0064916545622703556 0.023783616102858486 0.0043594130866857414 -0.006522861218484448 0.0065882783017106993
leaf_weight=539.58694489160553 97.89946866594255 20.783492235466838 436.20816891244613 14.371830490417777 52.804349524900317 106.3891482707113 6.0216362737119189 266.45015489775687 529.26047592563555 339.43346572387964 86.270566454157233 90.240012703463435 123.47719506733119 392.97567543992773
leaf_count=5287 554 108 7095 207 329 688 27 1765 3226 1676 346 393 582 2195
internal_value=-0.00035331 -0.00207433 -0.00545243 0.00157812 -0.0109046 0.006856 -0.00215984 -0.00258416 -0.00285058 0.0053027 0.00604507 0.0139336 0.00301357 0.00939549
internal_weight=3102.17 2504.91 1301.07 1203.84 489.013 597.264 812.059 806.037 550.044 653.793 639.421 176.511 462.911 490.875
internal_count=24478 21041 14503 6538 7424 3437 7079 7052 3334 3204 2997 739 2258 2749
is_linear=0
shrinkage=0.04


Tree=59
num_leaves=15
num_cat=0
split_feature=50 52 20 35 87 28 54 1 4 73 86 31 18 37
split_gain=26.5804 22.916 19.6934 11.2052 14.3612 12.396 11.0839 10.5804 10.0815 9.63026 9.39666 9.09591 10.4759 8.93632
threshold=0.46875000000000006 0.75220000000000009 0.28335000000000005 -0.35354999999999998 0.41455000000000003 0.89500000000000013 0.42350000000000004 0.53850000000000009 0.56100000000000017 0.20835000000000001 0.75575000000000014 1.0000000180025095e-35 0.47500000000000003 1.0000000180025095e-35
decision_type=2 2 2 2 2 2 2 2 2 2 2 2 2 2
left_child=9 2 3 4 7 6 -6 10 -8 -1 -2 12 -3 -5
right_child=1 11 -4 13 5 -7 8 -9 -10 -11 -12 -13 -14 -15
leaf_value=-0.019901256990584981 0.0046893548847688907 0.012469024220794787 0.025525592240739216 -0.0033881918961524704 -0.012063175621322465 0.032734288177199623 0.021147451936130098 -0.0029050126240072029 -0.0040771947923434852 -0.0059372850731259667 0.035815433166135814 -0.00063333656183751029 -0.0061307410866783645 -0.015772502535332793
leaf_weight=108.39222453674302 186.85638402402401 442.36129724886268 43.420487129129469 690.63472321792506 38.433585178107023 34.058482434600592 73.627082513645291 797.60613529616967 37.964040998369455 290.06177966948599 15.980822790414093 155.60989765264094 53.791656828485429 106.97252559475601
leaf_count=1650 1492 2552 247 6773 173 131 316 5377 173 2998 68 898 403 1205
internal_value=-0.000150852 0.00128477 -0.000815256 -0.00140486 0.00106313 0.0112989 0.00624808 -0.000829663 0.0126059 -0.00977624 0.00730534 0.0078025 0.0104442 -0.00506681
internal_weight=3075.77 2677.32 2025.55 1982.13 1184.53 184.083 150.025 1000.44 111.591 398.454 202.837 651.763 496.153 797.607
internal_count=24456 19808 15955 15708 7730 793 662 6937 489 4648 1560 3853 2955 7978
is_linear=0
shrinkage=0.04


Tree=60
num_leaves=15
num_cat=0
split_feature=2 43 84 1 19 3 46 57 23 54 2 52 79 85
split_gain=25.4922 17.3644 14.6883 10.7137 10.2077 10.0255 8.92333 8.56396 8.50167 8.40852 8.26331 7.97803 10.3205 11.5509
threshold=0.057500000000000009 1.0000000180025095e-35 0.58165000000000011 3.2825000000000002 0.083350000000000021 0.8600000000000001 1.6566000000000003 0.22750000000000004 0.12500000000000003 0.22050000000000003 0.71750000000000014 0.19200000000000003 0.45835000000000009 1.0000000180025095e-35
decision_type=2 2 2 2 2 2 2 2 2 2 2 2 2 2
left_child=3 2 5 6 -3 8 7 -1 10 -4 11 12 -2 -14
right_child=1 4 9 -5 -6 -7 -8 -9 -10 -11 -12 -13 13 -15
leaf_value=-0.018176883973280628 -0.020571440161864733 0.020608354705432822 -0.0228494693155375 0.028618137539486086 -0.0051060599252816087 0.030717282468897433 0.026367011138357793 -0.0060256532532818935 -0.0090407391925113323 0.0073207768597455397 -0.045311319512252438 0.0011145161406736455 0.021539581722749564 -0.010484392863312016
leaf_weight=112.19676095619798 64.134851479902864 117.01911505823955 14.217145933769642 12.414206547662614 30.798576509580016 15.034378804266451 11.239949472248552 528.3068112838082 188.48527813889086 577.97727821581066 5.4232507385313502 1331.5208785110153 27.227555834688246 48.850680125877261
leaf_count=1719 721 748 157 72 168 70 62 6199 1736 3162 27 9070 131 543
internal_value=0.000109942 0.00201497 0.00114774 -0.00682599 0.0152523 -0.000761767 -0.00754393 -0.0081792 -0.00106416 0.00655916 -4.09239e-05 0.000156548 -0.00888418 0.00110739
internal_weight=3084.85 2420.69 2272.87 664.158 147.818 1680.68 651.744 640.504 1665.64 592.194 1477.16 1471.73 140.213 76.0782
internal_count=24585 16533 15617 8052 916 12298 7980 7918 12228 3319 10492 10465 1395 674
is_linear=0
shrinkage=0.04


Tree=61
num_leaves=15
num_cat=0
split_feature=84 78 83 20 54 53 86 86 25 54 4 3 3 3
split_gain=23.6853 14.7946 13.7009 13.4056 11.9484 10.4887 9.97535 9.60255 10.7896 11.3401 10.4644 11.9331 10.3012 14.493
threshold=0.32055000000000006 -0.18584999999999999 2.1329500000000006 1.0000000180025095e-35 0.34550000000000003 0.16600000000000004 0.79130000000000011 0.39385000000000003 1.0000000180025095e-35 0.24250000000000002 0.38100000000000006 0.16850000000000004 0.21300000000000002 0.24250000000000002
decision_type=2 2 2 2 2 2 2 2 2 2 2 2 2 2
left_child=3 -2 6 4 5 -1 7 8 9 -3 11 -11 -12 -14
right_child=1 2 -4 -5 -6 -7 -8 -9 -10 10 12 -13 13 -15
leaf_value=-0.018180875494709824 -0.005824840371553822 -0.019982148858643394 0.020732517232984783 0.015304283898027982 -0.003890274147348279 0.016648612177084486 0.019882981919882123 -0.0014214803730662295 0.0088773935616196856 0.0010564185158832347 -0.021219942870419891 0.023665905943715509 0.026571588823021918 -0.0028895603013615835
leaf_weight=163.61345949675888 292.91157736163586 38.512657172046602 72.956326093524694 49.027215965557843 827.64620728325099 14.332203188911079 53.988337876275182 604.74557778611779 527.743442828767 86.634459364227951 38.24748626537621 64.787385808303952 29.664300570264459 206.56804682780057
leaf_count=2886 3402 335 495 446 9265 166 258 2556 2490 542 240 324 132 1020
internal_value=-6.70476e-05 0.00247284 0.00388532 -0.00492184 -0.00592218 -0.0152983 0.0031287 0.00255018 0.00497001 0.000520264 0.00241668 0.0108219 -0.00224267 0.000906364
internal_weight=3071.38 2016.76 1723.85 1054.62 1005.59 177.946 1650.89 1596.9 992.158 464.414 425.902 151.422 274.48 236.232
internal_count=24557 11794 8392 12763 12317 3052 7897 7639 5083 2593 2258 866 1392 1152
is_linear=0
shrinkage=0.04


Tree=62
num_leaves=15
num_cat=0
split_feature=82 54 43 83 54 84 18 52 18 78 54 18 84 86
split_gain=20.1147 16.9103 11.7691 11.1361 9.91739 9.64656 12.0166 10.7257 11.4243 9.70657 9.64002 10.591 10.1446 9.64747
threshold=0.9114000000000001 0.33500000000000008 1.0000000180025095e-35 -0.93744999999999989 0.81850000000000012 0.15295000000000003 -0.92499999999999993 0.70480000000000009 0.12500000000000003 -0.12114999999999999 0.35050000000000003 -0.52499999999999991 0.62125000000000008 0.58725000000000016
decision_type=2 2 2 2 2 2 2 2 2 2 2 2 2 2
left_child=1 -1 4 -3 -2 7 9 -5 -9 -7 11 -8 13 -12
right_child=2 3 -4 5 -6 6 10 8 -10 -11 12 -13 -14 -15
leaf_value=-0.010834392123076589 0.0024960263411545457 -0.011844999979134872 0.022254681489498399 -0.010698221939444788 0.031396692551606348 -0.0032832141765012529 0.023657584188671664 0.016331355947504858 -0.023839480010697293 0.039994334805304246 -0.0015106113888086448 -0.00030965830448297088 0.0085840568031460788 -0.030122903506648768
leaf_weight=343.46839328715578 1032.5385445263237 138.72709707915783 52.593193508684635 223.70338404551148 18.364868298172951 12.757028713822363 58.117841327562928 51.174954297021031 13.52758404240012 21.958428245037794 827.6694421460852 58.83122236141935 167.43717631231993 18.300052715465426
leaf_count=5242 4656 2047 266 3780 133 63 276 509 214 83 5607 489 1118 89
internal_value=-0.000341793 -0.00279838 0.003966 -0.00105915 0.00303044 -2.2254e-05 0.00160007 -0.00655885 0.00769769 0.0244443 0.000877497 0.0117005 -0.000381796 -0.00216439
internal_weight=3039.17 1935.67 1103.5 1592.2 1050.9 1453.48 1165.07 288.406 64.7025 34.7155 1130.36 116.949 1013.41 845.969
internal_count=24572 19517 5055 14275 4789 12228 7725 4503 723 146 7579 765 6814 5696
is_linear=0
shrinkage=0.04


Tree=63
num_leaves=15
num_cat=0
split_feature=18 82 52 19 2 84 4 86 82 56 2 13 28 11
split_gain=20.0728 15.5231 14.5949 18.8342 13.0194 12.6518 10.3417 9.80728 9.63184 9.1058 9.75549 9.02036 9.52512 8.70292
threshold=0.27500000000000008 1.9233500000000003 0.6321500000000001 -0.41664999999999996 0.06950000000000002 0.15295000000000003 0.87650000000000017 0.86615000000000009 1.1128000000000002 0.45650000000000007 0.12950000000000003 1.0000000180025095e-35 0.89500000000000013 0.62500000000000011
decision_type=2 2 2 2 2 2 2 2 2 2 2 2 2 2
left_child=1 2 3 -1 -2 -5 7 11 -6 -10 -11 -7 13 -13
right_child=4 -3 -4 5 8 6 -8 -9 9 10 -12 12 -14 -15
leaf_value=-0.021937313983078712 -0.013433243044760965 0.019402202528357847 0.0046204525010750605 -0.0093904147180144237 -0.0056309627800088325 -0.002361364364066477 0.032587754361954782 0.04214799468617892 0.019803700234989913 0.028464659425601627 -0.022095839256169057 -0.0060848973646084117 0.018632893201011535 0.0076697989352700639
leaf_weight=69.493654581718147 266.37177635729313 72.735232096165419 946.37324786372483 224.59749706252478 224.98224870674312 744.82798820035532 15.321243740618227 7.9816786758601657 53.899511666968465 7.5684711001813438 20.53853651881218 121.35629543755203 68.330328634940088 183.86900890991092
leaf_count=638 3721 408 5627 4102 2362 4947 77 31 211 32 79 892 338 1005
internal_value=-0.000248074 0.0013264 0.000766576 -0.0017751 -0.00697988 -0.000734292 0.000975305 0.000516776 -0.00135491 0.0103028 -0.00797105 0.000182275 0.00524677 0.00219898
internal_weight=3028.25 2454.89 2382.15 1435.78 573.361 1366.28 1141.69 1126.37 306.989 82.0065 28.107 1118.38 373.556 305.225
internal_count=24470 18065 17657 12030 6405 11392 7290 7213 2684 322 111 7182 2235 1897
is_linear=0
shrinkage=0.04


Tree=64
num_leaves=15
num_cat=0
split_feature=84 78 50 18 78 86 50 55 20 50 22 11 22 70
split_gain=18.61 17.6154 11.4075 11.9084 10.7003 9.42268 8.56507 8.41479 7.9076 8.08241 10.4732 7.86055 7.29089 9.66515
threshold=0.15295000000000003 -0.19324999999999998 0.98960000000000015 -0.97499999999999987 0.41485000000000005 0.028850000000000004 0.48960000000000009 0.44900000000000007 0.15000000000000002 0.30210000000000009 0.10835000000000002 0.62500000000000011 0.14165000000000003 1.0116000000000003
decision_type=2 2 2 2 2 2 2 2 2 2 2 2 2 2
left_child=5 6 3 -3 8 7 -2 -1 9 10 -5 -9 13 -6
right_child=1 2 -4 4 12 -7 -8 11 -10 -11 -12 -13 -14 -15
leaf_value=-0.021618538701412886 -0.018913985152575547 0.034173538336823898 0.028555516773969204 -0.0028864421794579432 -0.0045527470891114216 -0.0027575923411726553 -0.0036598858037031031 -0.013394330231693313 0.013082224386429848 0.00063328881945368251 -0.062150710887649493 0.017374144552712224 0.016758942531336581 0.011300876650101535
leaf_weight=108.13211619085632 73.706023106817156 17.702225401997566 25.977164992131293 13.320060320198538 106.65743000991642 243.62154936278239 281.84261907683685 36.37948427721858 80.502212934195995 1772.2104641334154 6.5254554431885472 19.625499761663377 113.44703802652657 143.03914669156075
leaf_count=2697 1203 74 189 121 526 3533 3290 712 380 10335 41 223 558 615
internal_value=0.000171149 0.00140257 0.00269483 0.00238418 0.00211731 -0.00777027 -0.00686627 -0.0151486 0.000896763 0.000342381 -0.0244199 -0.00249667 0.00839131 0.00453788
internal_weight=3042.69 2634.93 2279.38 2253.4 2235.7 407.759 355.549 164.137 1872.56 1792.06 19.8455 56.005 363.144 249.697
internal_count=24497 17332 12839 12650 12576 7165 4493 3632 10877 10497 162 935 1699 1141
is_linear=0
shrinkage=0.04


Tree=65
num_leaves=15
num_cat=0
split_feature=3 59 82 46 22 87 28 50 3 55 3 55 76 52
split_gain=17.5157 17.0945 14.8968 10.737 12.0346 9.38167 10.8879 9.97227 8.69958 8.11285 8.00414 9.11384 7.88371 7.71116
threshold=0.084000000000000019 0.70835000000000015 1.1289000000000002 -0.66979999999999984 0.30835000000000007 0.49175000000000008 0.57500000000000007 0.82290000000000008 0.85400000000000009 0.34700000000000003 0.11250000000000002 0.30900000000000005 0.50000000000000011 0.11435000000000002
decision_type=2 2 2 2 2 2 2 2 2 2 2 2 2 2
left_child=9 3 8 -2 5 7 -7 12 13 -1 -4 -12 -5 -3
right_child=1 2 10 4 -6 6 -8 -9 -10 -11 11 -13 -14 -15
leaf_value=-0.021311766092250176 -0.015131143561384263 -0.010991748026669548 0.044347179644576185 -0.024463857925300207 0.0072829963814326501 0.0018824712080965258 0.03041017559367875 0.0062768307166828179 0.035959680761871129 -0.0046657254595257932 -0.0089977903099999808 0.01278864586704 -0.0047866184486412286 0.00242168896602754
leaf_weight=78.945990633685142 91.090669458732009 73.827416051644832 10.681268624961374 32.880903572775424 232.5456721726805 163.90196635201573 23.649833429604769 130.21594220912084 10.744076140224932 114.96475902432576 33.720768660306931 284.11772442609072 902.26963507663459 820.9002297623083
leaf_count=1459 1301 742 33 327 1542 779 92 801 41 1798 145 1381 8345 5714
internal_value=7.8496e-05 0.000882349 0.00440659 -0.00187717 -0.00105479 -0.00260688 0.00562195 -0.00405943 0.00175429 -0.0115173 0.0116894 0.0104563 -0.00550388 0.00130386
internal_weight=3004.46 2810.55 1233.99 1576.55 1485.46 1252.92 187.552 1065.37 905.472 193.911 328.52 317.838 935.151 894.728
internal_count=24500 21243 8056 13187 11886 10344 871 9473 6497 3257 1559 1526 8672 6456
is_linear=0
shrinkage=0.04


Tree=66
num_leaves=15
num_cat=0
split_feature=84 14 3 20 19 60 53 78 84 24 28 6 56 4
split_gain=21.1045 13.8706 12.941 10.7224 10.093 9.30816 8.90576 11.0289 9.46318 11.7036 9.44419 9.3935 7.37357 8.82752
threshold=0.086750000000000008 1.0000000180025095e-35 0.8600000000000001 0.25000000000000006 -0.41664999999999996 1.0000000180025095e-35 0.30750000000000005 0.028250000000000001 0.34330000000000005 1.0000000180025095e-35 0.92500000000000016 0.12500000000000003 0.63250000000000017 0.45050000000000007
decision_type=2 2 2 2 2 2 2 2 2 2 2 2 2 2
left_child=-1 2 3 4 -2 -6 8 -8 9 11 -9 -7 13 -10
right_child=1 -3 -4 -5 5 6 7 10 12 -11 -12 -13 -14 -15
leaf_value=-0.011993155629415614 -0.0097323445981159114 -0.0097653229636444558 0.031445520092843987 0.017494602986489072 -0.023537021667415028 0.019266281849839795 -0.00059589840807689322 0.0074684607343321044 0.0054664527270611753 -0.0059886218483772872 0.026515253955667433 -0.00044424572065965035 0.014180156379313632 -0.0011964527662032349
leaf_weight=218.96857336605899 133.15495708631352 182.15883676917292 22.075893580913544 63.2338344771415 22.449693138711154 56.170762602239847 135.56130061112344 115.00247241277248 611.45501684211195 518.7443745189812 65.397424656897783 119.51334526808932 83.96390794403851 661.46689980197698
leaf_count=4554 872 3751 135 320 134 372 768 580 2965 5285 330 1003 458 2975
internal_value=-6.44013e-05 0.000875652 0.00162229 0.00135565 0.000944369 0.0015431 0.00179078 0.00803104 0.000826153 -0.00296885 0.0144813 0.0059311 0.00276912 0.00200589
internal_weight=3009.32 2790.35 2608.19 2586.11 2522.88 2389.73 2367.28 315.961 2051.31 694.428 180.4 175.684 1356.89 1272.92
internal_count=24502 19948 16197 16062 15742 14870 14736 1678 13058 6660 910 1375 6398 5940
is_linear=0
shrinkage=0.04


Tree=67
num_leaves=15
num_cat=0
split_feature=87 50 53 3 56 7 70 60 26 3 57 4 1 35
split_gain=17.405 17.8509 12.7577 10.6844 10.4337 10.3625 9.66938 8.69283 8.42412 8.36782 12.7176 9.82019 13.3958 8.96794
threshold=0.61575000000000013 0.78125000000000011 0.27850000000000008 0.88150000000000006 0.63550000000000006 0.12500000000000003 2.6215000000000006 0.37250000000000005 0.90500000000000014 0.36700000000000005 0.28700000000000003 0.52650000000000008 3.2185000000000001 -0.6268999999999999
decision_type=2 2 2 2 2 2 2 2 2 2 2 2 2 2
left_child=1 2 9 -3 7 -2 -6 -4 -8 11 -11 12 -1 -14
right_child=5 3 4 -5 6 -7 8 -9 -10 10 -12 -13 13 -15
leaf_value=-0.0053674344003236674 0.0066077688443059871 0.0043824293567906779 -0.00017756034221527763 0.036038586854458043 0.0012742176666604185 0.031676258795355745 -0.042731141159624099 0.016917426362541836 0.010126559609575033 0.028342919825298084 -0.00084531452633725883 -0.016383375897581928 0.038719399680451051 0.0043670160331788672
leaf_weight=1225.8450974721927 264.53835036046803 516.00528599601239 78.309329432900995 16.672560770064592 74.78157320804894 28.457197528332472 16.145759770646695 120.25431588757783 6.2525526918470851 24.312361841090024 422.51442132843658 119.93142844876274 15.717516385018824 45.74863859731704
leaf_count=13709 1322 3194 480 107 425 129 76 727 32 140 2832 927 73 305
internal_value=-9.75944e-05 -0.00110982 -0.00273424 0.00543892 0.0049692 0.00914201 -0.00573083 0.0102084 -0.0281736 -0.00396503 0.000802595 -0.00547834 -0.00445045 0.0136305
internal_weight=2975.49 2682.49 2149.81 532.678 295.744 292.996 97.1799 198.564 22.3983 1854.07 446.827 1407.24 1287.31 61.4662
internal_count=24478 23027 19726 3301 1740 1451 533 1207 108 17986 2972 15014 14087 378
is_linear=0
shrinkage=0.04


Tree=68
num_leaves=15
num_cat=0
split_feature=43 82 4 54 44 35 25 82 3 57 50 5 60 35
split_gain=17.4279 20.1029 19.1613 16.0262 10.9519 10.4889 10.2678 11.555 11.1386 8.84393 8.49602 8.34024 10.7636 9.51948
threshold=1.0000000180025095e-35 -0.80914999999999992 0.63000000000000012 0.67850000000000021 0.21110000000000004 -0.6470999999999999 1.0000000180025095e-35 1.9233500000000003 0.5395000000000002 0.55650000000000011 0.46875000000000006 0.20835000000000001 0.74975000000000014 -0.47324999999999995
decision_type=2 2 2 2 2 2 2 2 2 2 2 2 2 2
left_child=1 5 3 4 6 -1 10 8 -8 11 -3 12 -4 -13
right_child=-2 2 9 -5 -6 -7 7 -9 -10 -11 -12 13 -14 -15
leaf_value=-0.0018034333122872428 0.011274336884566177 -0.016268995722481621 0.028614811673152662 0.017482063594669875 -0.016404233499543473 -0.018655655350244996 0.00026796378819971721 0.021468642614044669 -0.029194423981648471 0.0034208931332238204 -0.0037099269639335871 0.014750766563017211 -0.020969343177082624 -0.018329576852645399
leaf_weight=98.029058780055493 193.2671901579015 100.96218849578872 74.925511909648776 67.481241699308157 82.216016435995698 148.67442807229236 1259.4865760980174 39.57872942276299 19.871273567900062 251.49097933620214 564.39874863112345 45.418181366287172 7.0026642456650725 18.923305008560419
leaf_count=1392 1421 1168 407 318 770 3937 8022 192 110 1505 4855 254 57 123
internal_value=-0.000308568 -0.00111803 -5.39553e-05 -0.00155724 -0.00218712 -0.0119936 -0.00159009 0.000454272 -0.000212097 0.00799489 -0.0056372 0.0157826 0.0241749 0.00488997
internal_weight=2971.73 2778.46 2531.76 2133.99 2066.51 246.703 1984.3 1318.94 1279.36 397.761 665.361 146.27 81.9282 64.3415
internal_count=24531 23110 17781 15435 15117 5329 14347 8324 8132 2346 6023 841 464 377
is_linear=0
shrinkage=0.04


Tree=69
num_leaves=15
num_cat=0
split_feature=82 87 50 28 28 15 19 52 4 43 3 37 78 22
split_gain=17.5608 12.0961 13.07 10.7648 11.4639 12.8291 10.6888 10.0382 10.8693 9.76619 9.03478 10.0448 8.21875 10.7901
threshold=-0.61374999999999991 0.51340000000000008 0.78125000000000011 0.91500000000000015 0.77500000000000013 1.0000000180025095e-35 0.28335000000000005 0.69785000000000008 0.9085000000000002 1.0000000180025095e-35 0.20250000000000004 1.0000000180025095e-35 -0.44459999999999994 0.40835000000000005
decision_type=2 2 2 2 2 2 2 2 2 2 2 2 2 2
left_child=9 2 3 4 5 -2 -6 8 -4 12 -3 -12 -1 -14
right_child=1 10 7 -5 6 -7 -8 -9 -10 -11 11 -13 13 -15
leaf_value=-0.023230388400492682 -0.0050023022896510108 -0.0016025482633130889 -0.00069806513724354172 0.0031725992026160692 -0.015719234142188905 0.0049615001687156081 0.025087670324582839 0.012790078830771224 0.0463884620618236 0.010341681954990438 0.01368729909098659 -0.006647115305659688 -0.010467126570155345 0.012627373832314878
leaf_weight=63.788171729072928 737.22521625971422 134.93403318338096 254.69608104415238 493.80088239582255 165.5545071195811 286.29058469925076 10.064337223768232 191.22168417740613 7.0923701412975779 39.89981321268715 268.10219958610833 44.812552010640502 234.96246200264432 36.649541120510548
leaf_count=1287 7047 679 1534 2833 915 1622 43 1119 49 524 1193 242 5076 444
internal_value=-0.000100443 0.00107068 -0.000178267 -0.00179355 -0.00383954 -0.00221318 -0.0132519 0.00584884 0.000749272 -0.0081757 0.00704228 0.0107633 -0.0104028 -0.00731602
internal_weight=2969.09 2593.79 2145.95 1692.94 1199.13 1023.52 175.619 453.01 261.788 375.3 447.849 312.915 335.4 271.612
internal_count=24607 17276 15162 12460 9627 8669 958 2702 1583 7331 2114 1435 6807 5520
is_linear=0
shrinkage=0.04


Tree=70
num_leaves=15
num_cat=0
split_feature=52 59 80 78 2 82 86 7 60 78 50 3 80 8
split_gain=15.0629 14.4463 15.1875 11.356 10.1035 9.56181 9.44431 8.94346 8.88935 7.81986 7.52679 7.08953 7.12542 6.74369
threshold=0.69785000000000008 0.70835000000000015 0.75550000000000017 0.075150000000000008 0.18800000000000003 1.1289000000000002 0.76465000000000016 1.0000000180025095e-35 0.60965000000000014 -0.46784999999999993 0.94790000000000008 0.086500000000000007 -0.36449999999999994 1.0000000180025095e-35
decision_type=2 2 2 2 2 2 2 2 2 2 2 2 2 2
left_child=1 2 7 6 5 -2 -3 -1 13 -9 -11 -5 -13 -7
right_child=4 3 -4 11 -6 8 -8 9 -10 10 -12 12 -14 -15
leaf_value=-0.0101317374105966 -0.0034554345890647656 -0.0033975707148466362 0.01168493518909177 -0.015064074574733185 0.0091473796969115256 0.020881379088497517 0.034345378768637629 -0.0350170039904176 -0.0028193588280238341 -0.0029240130429097045 0.024870114746520608 -0.01585930504120675 0.0089387566899990344 -0.0038420558228902868
leaf_weight=480.32822522078641 327.09365564351901 437.5473964959383 82.167994231451303 22.034233295358717 390.463578495197 80.754187103360891 9.8751296773552877 10.843936520162968 70.17479851283133 581.998160706833 15.024004150182007 18.564585643820465 392.36487069074064 22.156418908387423
leaf_count=6249 2800 4388 514 177 2212 335 41 201 314 5023 90 144 1955 114
internal_value=-6.35242e-06 -0.00189271 -0.00480278 0.00197693 0.00433432 0.000566262 -0.00248981 -0.00605733 0.00814258 -0.00282643 -0.00218416 0.00658793 0.00778267 0.0155727
internal_weight=2941.39 2050.75 1170.36 880.386 890.643 500.179 447.423 1088.19 173.085 607.866 597.022 432.964 410.929 102.911
internal_count=24557 18782 12077 6705 5775 3563 4429 11563 763 5314 5113 2276 2099 449
is_linear=0
shrinkage=0.04


Tree=71
num_leaves=15
num_cat=0
split_feature=2 20 82 18 75 79 3 46 78 80 9 71 54 54
split_gain=14.865 10.6214 9.89611 8.62431 8.83809 9.28057 8.48991 8.48588 7.65756 11.9302 11.2576 8.54689 8.38703 12.0998
threshold=0.046000000000000006 0.15000000000000002 -1.4047499999999997 -0.67499999999999993 0.43650000000000005 0.29165000000000002 0.72450000000000003 0.42770000000000002 0.078600000000000017 -0.080499999999999988 1.0000000180025095e-35 0.58950000000000002 0.38950000000000007 0.29350000000000004
decision_type=2 2 2 2 2 2 2 2 2 2 2 2 2 2
left_child=3 2 -2 4 -1 -6 8 -5 10 11 12 -10 13 -4
right_child=1 -3 6 7 5 -7 -8 -9 9 -11 -12 -13 -14 -15
leaf_value=0.031815558911443317 -0.01533285135537087 0.013531672628918287 -0.011468966568921905 -0.010127670424166407 -0.016953684434739383 0.025363920188519053 0.015406610497146866 0.0050523162963278714 -0.0077302180724556782 0.004735630936792589 -0.0087024240474267416 0.024892517090452176 -0.0027380420456167686 0.0098240181782625977
leaf_weight=17.008818269707263 60.558131154626608 103.45327862445265 51.276931339409202 414.57451661722735 23.360451138112694 11.579258991405366 61.945851844735444 68.030678242910653 202.80144978873432 925.58464264776558 287.26682861754671 12.748753033578394 459.7318414254114 234.43380232853815
leaf_count=111 1128 590 556 5977 344 112 434 541 1413 4656 3556 61 3132 1966
internal_value=-0.000287418 0.00105687 0.000489223 -0.00631312 0.00904691 -0.00261382 0.000924439 -0.00798179 0.000504861 0.00276217 -0.00198971 -0.0056947 0.000605325 0.00597586
internal_weight=2934.36 2399.8 2296.35 534.554 51.9485 34.9397 2235.79 482.605 2173.84 1141.13 1032.71 215.55 745.443 285.711
internal_count=24577 17492 16902 7085 567 456 15774 6518 15340 6130 9210 1474 5654 2522
is_linear=0
shrinkage=0.04


Tree=72
num_leaves=15
num_cat=0
split_feature=84 22 68 52 53 78 54 53 55 7 19 52 59 20
split_gain=15.0157 13.5896 11.6288 9.95441 9.64205 9.41047 8.88249 9.03407 9.15368 8.8432 8.81074 8.49469 8.14684 9.3785
threshold=0.52795000000000014 0.4250000000000001 0.83335000000000015 0.70135000000000003 0.056500000000000009 0.24540000000000003 0.37850000000000006 0.10750000000000001 0.27450000000000008 0.12500000000000003 -0.41664999999999996 0.74240000000000006 0.22500000000000003 0.28335000000000005
decision_type=2 2 2 2 2 2 2 2 2 2 2 2 2 2
left_child=1 3 4 10 -2 -6 7 11 -9 -3 -1 -5 -12 -14
right_child=2 9 -4 6 5 -7 -8 8 -10 -11 12 -13 13 -15
leaf_value=-0.01935190846914988 -0.010210894759352874 -0.0061046094394659727 -0.032841046392304542 0.038602403325892314 0.0025205986984967832 0.011104426831435503 -0.0025220895202973485 -0.019365298846303676 0.016492137071936825 0.014271899361946264 -0.01023143162665895 -0.014336123941260834 -0.0030906341376870233 0.023324033718220939
leaf_weight=64.386735636275262 66.18114470038563 46.453653431963176 12.598802024964241 4.5919425934553137 588.78961291629821 312.64859912358224 302.34031356312335 11.646502701565622 129.59519291948527 122.18533325940371 281.02912552282214 36.744027954526246 919.03124157851562 21.030106807127595
leaf_count=723 652 495 317 27 3839 1555 1969 124 917 731 3974 358 8733 122
internal_value=-0.000122125 -0.00216159 0.00391038 -0.00319633 0.00442231 0.00550676 0.00168464 0.00862659 0.01342 0.00865604 -0.00503745 -0.00768237 -0.00426745 -0.00247555
internal_weight=2919.25 1939.03 980.218 1770.4 967.619 901.438 484.918 182.578 141.242 168.639 1285.48 41.336 1221.09 940.061
internal_count=24536 18173 6363 16947 6046 5394 3395 1426 1041 1226 13552 385 12829 8855
is_linear=0
shrinkage=0.04


Tree=73
num_leaves=15
num_cat=0
split_feature=87 7 9 46 11 71 53 53 75 50 71 69 82 78
split_gain=19.5883 15.9395 15.2403 15.3682 11.2338 9.08944 7.97511 9.00914 7.89438 8.62942 7.76897 7.69842 7.50242 8.36804
threshold=0.26875000000000004 0.12500000000000003 1.0000000180025095e-35 1.1897000000000002 0.62500000000000011 0.74150000000000016 0.23150000000000004 0.22250000000000003 0.18335000000000004 0.80210000000000015 0.42950000000000005 0.90000000000000013 -0.011749999999999998 0.32960000000000006
decision_type=2 2 2 2 2 2 2 2 2 2 2 2 2 2
left_child=2 4 5 -4 6 8 7 -2 -1 -10 -8 -6 -11 -14
right_child=1 -3 3 -5 11 -7 10 -9 9 12 -12 -13 13 -15
leaf_value=0.027496298982060845 -0.0059978766628780988 0.019760449906170909 -0.010862019731082169 0.020939581785802144 -0.01536918305112561 0.012028988924938283 0.016610050217070859 -0.055433035335449639 -0.0028783934190337269 -0.0072239442740626228 -0.026669926904609235 0.0073312196627990031 0.011641973788230526 -0.0078268271727419125
leaf_weight=14.297864180058239 194.94429170526564 102.17639694735408 394.39539840398356 24.995539008639753 24.151190971955657 88.352028014138341 42.935583242215216 5.1059653209522358 1216.3302288232371 65.022771979682148 6.8926151040941468 513.80156986601651 190.10452021565288 42.590453311800957
leaf_count=59 1268 461 7600 183 166 480 192 34 9666 499 42 2596 1060 261
internal_value=2.72243e-05 0.00497407 -0.0021365 -0.00892136 0.00303376 -0.000372005 -0.00396385 -0.00752907 -0.00109629 -0.00138427 0.0102163 0.00628547 0.00470917 0.00806033
internal_weight=2926.1 890.008 2036.09 419.391 787.831 1616.7 249.878 200.05 1528.35 1514.05 49.8282 537.953 297.718 232.695
internal_count=24567 4759 19808 7783 4298 12025 1536 1302 11545 11486 234 2762 1820 1321
is_linear=0
shrinkage=0.04


Tree=74
num_leaves=15
num_cat=0
split_feature=3 86 43 20 82 56 4 55 71 53 78 46 55 83
split_gain=14.3045 11.4086 12.6443 10.2682 10.15 7.91041 7.80427 9.86614 13.906 15.0063 12.3297 11.975 9.41389 9.38992
threshold=0.091500000000000012 0.77200000000000013 1.0000000180025095e-35 1.0000000180025095e-35 -0.61374999999999991 0.14400000000000002 0.64100000000000013 0.56100000000000017 -0.11849999999999998 0.19050000000000003 0.14160000000000003 1.0000000180025095e-35 0.5465000000000001 0.16310000000000005
decision_type=2 2 2 2 2 2 2 2 2 2 2 2 2 2
left_child=-1 2 3 4 -2 -6 7 12 -9 10 -10 -12 -7 -14
right_child=1 -3 -4 -5 5 6 -8 8 9 -11 11 -13 13 -15
leaf_value=-0.010318552961815637 -0.0086214283852262489 0.015720720114320012 0.011418739335795732 0.010532922263491545 0.02572875208566652 -0.0022523722332001318 0.0054524431798273886 0.013864977658078245 -0.029441614373736311 0.0096741778497271263 -0.017399050428716957 0.019697727955180398 -0.0016411282696405804 -0.037208440944221106
leaf_weight=201.3756257740315 251.62233047909103 77.640507202595472 151.81128749530762 128.21260190661997 17.760407313704491 1360.542733035516 311.77632213849574 148.02324285358191 41.752435634844005 83.636795241385698 29.913474176079035 24.332374140620232 22.759150477126241 24.058608336374164
leaf_count=3488 4723 445 1117 786 118 9697 1846 1049 289 366 122 81 182 128
internal_value=-6.48744e-05 0.000710932 0.000256178 -0.00044147 -0.00105324 -0.000127127 -0.000363938 -0.00141166 0.00483 -0.00265056 -0.0133773 -0.000703671 -0.00286722 -0.0203143
internal_weight=2875.22 2673.84 2596.2 2444.39 2316.18 2064.56 2046.8 1735.02 327.658 179.635 95.9983 54.2458 1407.36 46.8178
internal_count=24437 20949 20504 19387 18601 13878 13760 11914 1907 858 492 203 10007 310
is_linear=0
shrinkage=0.04


Tree=75
num_leaves=15
num_cat=0
split_feature=22 87 25 83 83 56 82 43 5 46 82 53 5 69
split_gain=12.0605 13.5545 9.32965 12.3345 14.5416 9.92997 8.76238 8.91705 8.87388 10.1281 8.57691 7.2599 7.1244 12.1622
threshold=0.32500000000000001 0.42340000000000005 1.0000000180025095e-35 0.57475000000000009 0.23235000000000003 0.56950000000000001 1.6002500000000002 1.0000000180025095e-35 0.54165000000000008 0.78655000000000008 -0.96999999999999986 0.65350000000000008 0.37500000000000006 0.90000000000000013
decision_type=2 2 2 2 2 2 2 2 2 2 2 2 2 2
left_child=1 6 3 4 5 12 7 10 9 -8 -1 -2 13 -3
right_child=11 2 -4 -5 -6 -7 8 -9 -10 -11 -12 -13 -14 -15
leaf_value=-0.014060510634690881 0.0048363587442982808 -0.021034962282912854 0.010347092054066736 -0.018287639625903174 0.026745008233399346 0.027976638785692638 0.0046164790930236206 0.0080189043328303816 -0.01410440066849044 0.032136923513796448 -0.0033980033813746742 0.029122031613347147 -0.018902123130187166 0.0054069332450213782
leaf_weight=130.50260986690409 436.01875853445381 33.227187926881015 236.1686344910413 49.440221093595028 35.488028908148408 17.205996509641409 82.156593800522387 99.521914032753557 25.075506998226047 28.143684284761548 1493.3931702373084 19.689813932403922 35.484063424170017 147.9727389710024
leaf_count=3675 2899 228 1136 223 133 78 525 908 136 115 13345 129 193 798
internal_value=-1.37198e-05 -0.00114109 0.00433946 -0.000129216 0.0032588 -0.000403447 -0.0027789 -0.00354953 0.00698584 0.0118641 -0.00426301 0.00594714 -0.00277516 0.000469364
internal_weight=2869.49 2413.78 554.987 318.818 269.378 233.89 1858.79 1723.42 135.376 110.3 1623.9 455.709 216.684 181.2
internal_count=24521 21493 2789 1653 1430 1297 18704 17928 776 640 17020 3028 1219 1026
is_linear=0
shrinkage=0.04


Tree=76
num_leaves=15
num_cat=0
split_feature=56 18 20 87 11 7 23 3 78 50 1 49 60 2
split_gain=12.5278 12.004 10.0834 10.4979 18.191 11.2829 10.1225 10.1019 8.56637 7.80618 7.73662 9.64751 8.09711 7.4832
threshold=0.74150000000000016 -0.97499999999999987 1.0000000180025095e-35 0.35305000000000003 0.62500000000000011 0.12500000000000003 1.0000000180025095e-35 0.39350000000000007 -0.54249999999999987 0.98960000000000015 0.10550000000000001 0.75000000000000011 0.43725000000000008 0.27600000000000008
decision_type=2 2 2 2 2 2 2 2 2 2 2 2 2 2
left_child=1 -1 3 6 13 -6 9 -8 -2 -3 -9 -12 -13 -5
right_child=8 2 -4 4 5 -7 7 10 -10 -11 11 12 -14 -15
leaf_value=0.029683148320132836 -0.032344392436930998 -0.0010438524059548917 0.009780236777083012 -0.0053113393739701292 0.004672684436535045 0.023163175633860781 -0.0090543413284076071 -0.019051069401430563 0.013096135518386834 0.029235236398456734 0.017991742403226384 -0.044580716920508065 0.007376521317207352 -0.034446896950202907
leaf_weight=19.992892139591277 6.0077410619705907 1229.9377791592851 138.80734868906438 170.3711802829057 448.79329147003591 59.000401241704822 536.15364446421154 16.542120956815779 150.43382297456264 12.776017717085777 60.147195825353265 7.2620453033596304 10.889612184837459 14.453468710184096
leaf_count=121 44 9974 911 1021 2234 265 8154 172 1002 83 470 50 87 72
internal_value=0.000185809 -0.000447862 -0.000681438 -0.00125088 0.00295408 0.00686239 -0.00280599 -0.00692767 0.0111568 -0.000709305 0.00506385 0.0103346 -0.0146527 -0.00776288
internal_weight=2881.57 2725.13 2705.13 2566.33 692.618 507.794 1873.71 630.995 156.442 1242.71 94.841 78.2989 18.1517 184.825
internal_count=24660 23614 23493 22582 3592 2499 18990 8933 1046 10057 779 607 137 1093
is_linear=0
shrinkage=0.04


Tree=77
num_leaves=15
num_cat=0
split_feature=3 35 59 9 1 52 4 78 56 87 56 11 86 20
split_gain=11.7073 12.4118 9.95477 13.1069 9.3628 11.2215 8.71383 7.9885 9.38388 10.0306 7.69952 7.87466 11.9818 11.3216
threshold=0.084000000000000019 -0.70834999999999992 0.70835000000000015 1.0000000180025095e-35 0.55550000000000022 0.45050000000000007 0.86750000000000005 0.29060000000000002 0.29450000000000004 0.15985000000000002 0.14400000000000002 0.62500000000000011 0.063050000000000009 -0.31664999999999993
decision_type=2 2 2 2 2 2 2 2 2 2 2 2 2 2
left_child=1 -1 3 4 5 -2 -4 -5 -9 -10 -6 -12 -13 -14
right_child=2 -3 6 7 10 -7 -8 8 9 -11 11 12 13 -15
leaf_value=0.010885764486324161 -0.0070280349481672763 -0.015366202591959461 0.0025510180634347097 -0.0097152350928887393 0.047258362352527464 0.012701524575322047 0.02398846286503745 0.024323262696484011 -0.028923484788930583 0.0025824675066738758 0.0021029307357005446 0.0060879917748010992 0.046941180226116402 -0.011858878212507997
leaf_weight=35.206175345461816 61.002637037541717 143.83138384856284 1149.6721304925159 394.31911668553948 4.194140186533331 181.46990871056914 30.181554639711976 23.059638159349561 18.929025358520448 84.999056292697787 413.64483059057966 93.46597193647176 4.3872136138379565 245.38016772828996
leaf_count=449 864 2783 7919 5056 22 1364 207 118 196 427 3081 634 16 1470
internal_value=-0.000295419 -0.0101722 0.000361891 -0.00177226 0.000901426 0.00772937 0.00311925 -0.00691114 0.00180394 -0.00337686 -0.0012812 -0.00161218 -0.00608251 -0.010643
internal_weight=2883.74 179.038 2704.71 1524.85 1003.54 242.473 1179.85 521.307 126.988 103.928 761.072 756.878 343.233 249.767
internal_count=24606 3232 21374 13248 7451 2228 8126 5797 741 623 5223 5201 2120 1486
is_linear=0
shrinkage=0.04


Tree=78
num_leaves=15
num_cat=0
split_feature=20 3 71 78 35 71 57 87 25 46 18 56 2 2
split_gain=11.9803 10.6633 11.0213 8.84364 9.1226 8.79668 8.30173 9.14069 10.0586 11.2747 7.96461 7.82664 6.68098 7.16795
threshold=0.25000000000000006 0.8600000000000001 -0.5914999999999998 -0.18909999999999996 0.8993000000000001 0.78450000000000009 0.23150000000000004 0.14125000000000001 1.0000000180025095e-35 1.31945 -0.97499999999999987 0.76650000000000007 0.30150000000000005 0.34900000000000003
decision_type=2 2 2 2 2 2 2 2 2 2 2 2 2 2
left_child=1 2 6 4 -4 10 -1 -8 -9 -10 -5 -12 -13 -14
right_child=-2 -3 3 5 -6 -7 7 8 9 -11 11 12 13 -15
leaf_value=-0.023770283107475181 0.016129220656519082 0.027030205647366135 -0.0027566287597584056 0.027512123217570898 -0.021329457561007962 0.012536990219075242 -0.0084528989314576492 -0.0074268529404434023 0.020202563827178024 -0.038736163190341448 -6.1100771304544588e-05 0.030270211105651024 -0.030824969169545705 0.01068958556007729
leaf_weight=39.039630523882806 70.190745276398957 21.351522114127874 218.93278364092112 16.573317149654031 51.573635274078697 105.077766565606 298.945343273459 58.766631465405226 59.44180952757597 4.7607569582760325 1841.1312660407275 23.434706963598728 6.7898170389235011 45.282353616319597
leaf_count=968 451 138 2868 90 1005 607 4950 519 396 23 11987 133 40 322
internal_value=-7.45033e-05 -0.000487626 -0.000709435 0.000418843 -0.00636317 0.00132158 -0.00634935 -0.004685 0.00446927 0.0153051 0.00070581 0.000459788 0.0129957 0.00479759
internal_weight=2861.29 2791.1 2769.75 2308.8 270.506 2038.29 460.954 421.915 122.969 64.2026 1933.21 1916.64 75.5069 52.0722
internal_count=24497 24046 23908 17052 3873 13179 6856 5888 938 419 12572 12482 495 362
is_linear=0
shrinkage=0.04


Tree=79
num_leaves=15
num_cat=0
split_feature=50 43 44 4 55 59 57 55 57 3 71 19 44 82
split_gain=17.6743 13.5953 9.49376 9.97771 9.04169 7.89346 6.97133 6.63539 6.51428 7.33506 6.37097 6.50653 6.13101 7.35771
threshold=0.46875000000000006 1.0000000180025095e-35 0.18335000000000004 0.64100000000000013 0.34900000000000003 0.91665000000000008 0.32750000000000007 0.89450000000000018 0.53150000000000019 0.88150000000000006 0.48250000000000004 -0.24999999999999997 1.0000000180025095e-35 1.6002500000000002
decision_type=2 2 2 2 2 2 2 2 2 2 2 2 2 2
left_child=4 2 3 7 -1 6 -6 -2 -5 10 11 -10 13 -7
right_child=1 -3 -4 8 5 12 -8 -9 9 -11 -12 -13 -14 -15
leaf_value=-0.018488548790693685 -0.00054354568798279225 0.012242562708594334 -0.011484260248055708 0.014998758528206219 -0.02403613438911464 -0.0067641902137871067 -0.0050837586056326559 0.03425138745392612 -0.017907353772015716 0.034023423160203001 0.0198193862013815 0.0022682682407941359 0.017169210152828716 0.034481313973710979
leaf_weight=100.57636621687561 1854.1426055845805 161.03294511325657 104.16431250236928 108.52445903047919 41.632023714017123 69.549318369477987 117.31185523606837 7.810858358629047 28.416889885440469 10.917512448504565 27.163739638403058 194.84292511921376 35.432042702101171 6.678048249334096
leaf_count=1646 15353 1158 1018 708 756 610 1317 54 179 51 202 1244 308 29
internal_value=-0.000173531 0.00103812 0.000260821 0.00081389 -0.00830547 -0.00446655 -0.0101672 -0.000379274 0.00680527 0.00335864 0.00189176 -0.000368119 0.00366636 -0.00275109
internal_weight=2868.2 2497.02 2335.98 2231.82 371.18 270.603 158.944 1861.95 369.866 261.341 250.424 223.26 111.659 76.2274
internal_count=24633 19967 18809 17791 4666 3020 2073 15407 2384 1676 1625 1423 947 639
is_linear=0
shrinkage=0.04


Tree=80
num_leaves=15
num_cat=0
split_feature=84 78 15 73 71 78 55 81 4 19 55 82 82 83
split_gain=12.7086 9.12103 12.4691 8.10194 8.73462 10.8028 8.27423 9.39445 14.227 8.23302 8.45054 9.59123 12.5739 12.2794
threshold=0.086750000000000008 -0.19324999999999998 0.15000000000000002 0.54165000000000008 0.72050000000000003 1.0000000180025095e-35 0.48550000000000004 1.0000000180025095e-35 0.28700000000000003 -0.51664999999999994 0.48350000000000004 1.2968500000000003 0.79055000000000009 1.1759500000000001
decision_type=2 2 2 2 2 2 2 2 2 2 2 2 2 2
left_child=-1 -2 3 4 6 -6 -3 -8 -9 -5 11 12 13 -11
right_child=1 2 -4 9 5 -7 7 8 -10 10 -12 -13 -14 -15
leaf_value=-0.0096776485841876397 -0.0052818776880727463 0.00019457035523105136 0.032774550520379711 -0.021826909389576394 0.04169469032078512 0.0034465507157802593 -0.00079380730095096705 0.018267640458275711 -0.019856073261544312 -0.001052212451304709 0.0079221082243989323 0.0097086994252116275 -0.0092380721177284571 0.0151642785039916
leaf_weight=201.77372217155062 351.29193080216646 647.57340914243832 19.38715136423707 19.3045185348019 14.791763104498385 47.764953780919313 146.29556518094614 17.078002735041082 125.63751370972022 299.32937599020079 495.8597569623962 165.71597933210433 202.00387785211205 98.510459337383509
leaf_count=4553 4964 4731 99 144 64 241 975 159 813 2746 2833 825 986 464
internal_value=-2.60217e-05 0.000712085 0.00162977 0.00135068 -0.00134832 0.0130042 -0.0023198 -0.00793489 -0.0151986 0.00345567 0.00385957 0.00122133 -0.00113569 0.00299116
internal_weight=2852.32 2650.54 2299.25 2279.87 999.141 62.5567 936.584 289.011 142.716 1280.72 1261.42 765.56 599.844 397.84
internal_count=24597 20044 15080 14981 6983 305 6678 1947 972 7998 7854 5021 4196 3210
is_linear=0
shrinkage=0.04


Tree=81
num_leaves=15
num_cat=0
split_feature=25 87 16 3 56 11 80 52 70 53 52 19 73 4
split_gain=10.9052 16.8382 11.7831 9.82677 9.49601 14.2194 11.2045 8.85445 8.55761 8.43755 8.17905 8.48763 7.76644 7.7542
threshold=1.0000000180025095e-35 0.19455000000000003 1.0000000180025095e-35 0.8600000000000001 0.38750000000000007 0.62500000000000011 0.87800000000000011 0.90550000000000008 -1.8319999999999999 0.083500000000000019 0.8198000000000002 0.11665000000000002 1.0000000180025095e-35 0.46500000000000008
decision_type=2 2 2 2 2 2 2 2 2 2 2 2 2 2
left_child=2 3 -1 7 5 -3 -7 10 -4 -6 -2 -12 -9 -11
right_child=1 4 8 -5 9 6 -8 12 -10 13 11 -13 -14 -15
leaf_value=-0.005450955528998192 -0.0017029194627013564 -0.015668087788218273 0.00086776521115393326 0.030961629139819022 -0.018549243791241239 0.0049884383017937692 0.051844732732276522 -0.017389020628815685 0.025871395099007068 0.022059732664845452 -0.030903021538595123 0.0090287712757709734 0.0079721375303591167 0.0085368232702093677
leaf_weight=790.01670416025445 1186.8773980662227 56.813374469988048 65.729769971687347 14.64207033626735 12.727486979216335 107.01565850805491 7.8724283277988425 20.125139228533953 31.899921008385718 110.04491977207363 29.154577361419797 11.338991580530999 232.66712145879865 180.33642581757158
leaf_count=9256 9911 412 652 83 94 583 29 164 250 609 194 61 1475 910
internal_value=-0.000150526 0.0015084 -0.00382911 -0.000577305 0.00806207 0.000538462 0.00861882 -0.000909988 0.00921703 0.0123082 -0.00231471 -0.0197732 0.00589254 0.0137197
internal_weight=2857.26 1969.62 887.646 1494.81 474.81 171.701 114.888 1480.16 97.6297 303.109 1227.37 40.4936 252.792 290.381
internal_count=24683 14525 10158 11888 2637 1024 612 11805 902 1613 10166 255 1639 1519
is_linear=0
shrinkage=0.04


Tree=82
num_leaves=15
num_cat=0
split_feature=82 86 20 4 84 50 52 83 87 52 70 78 49 78
split_gain=10.268 10.0526 8.99526 8.25395 7.78124 7.39306 7.08289 7.07635 6.61801 9.79323 9.58968 8.10402 7.83323 7.73605
threshold=0.26060000000000005 0.65950000000000009 0.31665000000000004 0.077000000000000013 0.029550000000000003 0.98960000000000015 0.74240000000000006 -1.0177499999999997 0.50975000000000015 0.53900000000000003 2.7215000000000003 -0.18584999999999999 1.0000000180025095e-35 0.62250000000000016
decision_type=2 2 2 2 2 2 2 2 2 2 2 2 2 2
left_child=1 2 4 -2 -1 8 -3 -6 12 11 -11 -10 -5 -13
right_child=3 6 -4 5 7 -7 -8 -9 9 10 -12 13 -14 -15
leaf_value=-0.019110687724783994 -0.036926993185441785 0.033665934740811893 0.035652457219501492 -0.012502699278395021 -0.013681280849776186 0.025279038934636528 -0.014012584861305605 -0.0022385891410551125 -0.028864442011739072 -0.0040583437649481186 0.017670592189755887 0.017444789659955159 0.001081230926165726 -0.017415665124294665
leaf_weight=52.469386764802039 7.7931007556617251 18.218880459666256 8.1270733382552844 70.569221484474838 95.424428538884968 20.436635763384402 6.0972964540123931 845.15332328737713 6.065378598868846 158.52266551740468 39.811630956828594 153.0589645197615 1332.1114959837869 10.122983064502476
leaf_count=1825 87 77 58 537 2113 180 28 10474 42 721 171 701 7470 44
internal_value=-8.31276e-05 -0.00327549 -0.00390135 0.00173795 -0.0042606 0.00192674 0.0216293 -0.00341278 0.00164303 0.0064128 0.000370071 0.0134503 0.0003894 0.0151893
internal_weight=2823.98 1025.49 1001.17 1798.49 993.047 1790.7 24.3162 940.578 1770.26 367.582 198.334 169.247 1402.68 163.182
internal_count=24528 14575 14470 9953 14412 9866 105 12587 9686 1679 892 787 8007 745
is_linear=0
shrinkage=0.04


Tree=83
num_leaves=15
num_cat=0
split_feature=71 25 16 87 18 87 83 83 60 1 46 35 5 19
split_gain=13.4264 8.9601 13.6198 10.8996 9.19049 8.66473 7.63984 9.49105 7.28681 7.10695 16.8847 8.16988 13.0159 8.63691
threshold=-0.98549999999999993 1.0000000180025095e-35 1.0000000180025095e-35 0.52755000000000007 -0.97499999999999987 0.29705000000000004 0.57475000000000009 0.42955000000000004 1.0000000180025095e-35 1.4690000000000001 1.4976500000000001 -1.0838499999999998 0.12500000000000003 -0.28334999999999994
decision_type=2 2 2 2 2 2 2 2 2 2 2 2 2 2
left_child=-1 2 5 4 -3 -2 7 -7 -6 -10 11 12 -11 -13
right_child=1 3 -4 -5 8 6 -8 -9 9 10 -12 13 -14 -15
leaf_value=-0.011720159430944175 -0.0098102815218561162 0.0280965968822245 0.010972771525546585 0.010946520045981708 -0.02461526591737883 -0.00028600873789733295 -0.013541555615627532 0.028825788885605681 -0.0019084528349507907 0.015555796658680987 0.034649206554046165 -0.0098427002287977492 -0.030729175829775503 0.0047110215709288382
leaf_weight=154.30263099679723 322.98043275089003 18.622983688488603 96.862740829121321 191.72002153843641 17.195764748379588 330.22221513558179 65.064596468582749 17.945247570052743 773.59499550098553 14.15140767674893 25.821053745225072 71.178195845801383 26.913988751359284 683.65784547198564
leaf_count=2639 5955 95 857 942 116 2005 290 73 6293 77 103 494 151 4414
internal_value=-0.000288445 0.000379869 -0.00305458 0.00195028 0.000886828 -0.00491253 -0.00107002 0.00129273 0.000555362 0.000841924 0.00343039 0.00237536 -0.0147884 0.00332745
internal_weight=2810.23 2655.93 833.075 1822.86 1631.14 736.212 413.232 348.167 1612.51 1595.32 821.722 795.901 41.0654 754.836
internal_count=24504 21865 9180 12685 11743 8323 2368 2078 11648 11532 5239 5136 228 4908
is_linear=0
shrinkage=0.04


Tree=84
num_leaves=15
num_cat=0
split_feature=20 73 82 53 52 3 82 32 86 82 23 53 4 82
split_gain=11.6157 11.1466 14.525 13.3285 11.6392 9.36348 9.35675 9.59948 8.09388 10.0199 7.83577 7.77843 7.94564 10.3769
threshold=0.15000000000000002 0.70835000000000015 1.1128000000000002 0.40100000000000008 0.64855000000000007 0.56100000000000017 1.0964500000000001 0.29000000000000009 0.75575000000000014 0.8811500000000001 0.025000000000000005 0.065500000000000017 0.46700000000000008 0.75205000000000011
decision_type=2 2 2 2 2 2 2 2 2 2 2 2 2 2
left_child=1 3 6 4 5 8 7 -3 -1 -10 11 -6 13 -13
right_child=-2 2 -4 -5 10 -7 -8 -9 9 -11 -12 12 -14 -15
leaf_value=-0.0074615330890883801 0.01249601155210266 -0.00066155457417394034 0.0097277330349354058 0.018454393962529899 -0.023482411958983481 0.016176268524001943 -0.038420234188836298 0.022218044793404969 0.047189639445202401 -0.0074217483194704403 -0.0040975090702224772 0.0038765357585597983 0.00091732263478127185 0.02638603774813162
leaf_weight=875.41678162454627 113.66008165758103 805.4429912478663 317.81262499745935 45.103497981093824 13.377785960212348 28.179172817617655 9.1747271381318551 29.448589522857219 8.8431319259107131 11.336002588272093 255.15709457593039 73.684716520830989 169.74026088602841 58.610291792079806
leaf_count=10162 738 6855 1566 284 104 205 44 309 32 68 2214 662 1069 235
internal_value=2.64004e-05 -0.000502696 0.00245375 -0.00273418 -0.00338562 -0.00615767 -0.000293366 0.000171077 -0.00687765 0.0176088 0.00110536 0.00531393 0.00666266 0.013972
internal_weight=2814.99 2701.33 1161.88 1539.45 1494.35 923.775 844.066 834.892 895.596 20.1791 570.57 315.413 302.035 132.295
internal_count=24547 23809 8774 15035 14751 10467 7208 7164 10262 100 4284 2070 1966 897
is_linear=0
shrinkage=0.04


Tree=85
num_leaves=15
num_cat=0
split_feature=86 50 82 56 60 46 68 18 35 46 50 74 19 78
split_gain=10.8495 11.6689 6.95485 7.76242 6.91262 5.98154 5.72476 5.22633 4.98853 4.90978 6.29383 11.106 7.39497 10.3995
threshold=0.79130000000000011 0.31875000000000003 -0.86289999999999989 0.7945000000000001 0.43505000000000005 0.93300000000000016 0.83335000000000015 -0.97499999999999987 -1.0178499999999999 1.0773500000000003 0.51040000000000008 1.0000000180025095e-35 -0.14999999999999997 0.10715000000000001
decision_type=2 2 2 2 2 2 2 2 2 2 2 2 2 2
left_child=1 -1 4 6 8 -2 7 -4 -3 -9 11 -11 13 -12
right_child=5 2 3 -5 -6 -7 -8 9 -10 10 12 -13 -14 -15
leaf_value=-0.018377503890950397 0.023748142890709555 0.024134470578864184 0.024085799240586212 0.013648715089706383 -0.012867867970269188 -0.0088364200081176968 -0.030355474757588409 0.00015616891570869511 -0.0019934871755597351 0.01935312657744219 -0.012257650044922182 -0.020881298712663261 0.0054563894684434037 0.038158355207006736
leaf_weight=51.489003262016922 46.905173666775227 12.440312062390147 14.562620460987089 77.388821890577674 115.01105615636334 10.547299239784477 8.3656062195077521 2109.7447402467951 89.044125910382718 15.571583024226127 8.2286309450864774 31.817696284502745 210.8159599667415 24.794210543856025
leaf_count=829 296 119 85 515 3070 56 179 16233 1680 92 64 196 1117 100
internal_value=0.000663244 0.000303165 0.000663704 0.00125981 -0.00619756 0.0177173 0.000858799 0.000979419 0.00141361 0.000829303 0.00568847 -0.00753399 0.00827848 0.0256047
internal_weight=2826.73 2769.27 2717.79 2501.29 216.495 57.4525 2423.9 2415.54 101.484 2400.97 291.228 47.3893 243.839 33.0228
internal_count=24631 24279 23450 18581 4869 352 18066 17887 1799 17802 1569 288 1281 164
is_linear=0
shrinkage=0.04


Tree=86
num_leaves=15
num_cat=0
split_feature=43 3 25 87 7 16 80 4 84 55 86 79 35 3
split_gain=9.60786 10.4661 9.39977 10.5328 9.93287 8.58746 8.76112 8.54672 8.2307 7.92514 8.10123 10.5026 7.20536 8.69163
threshold=1.0000000180025095e-35 0.74050000000000005 1.0000000180025095e-35 0.14465000000000003 0.54165000000000008 1.0000000180025095e-35 0.55550000000000022 0.21750000000000003 0.8438500000000001 0.30150000000000005 0.079650000000000012 0.79165000000000008 -0.40964999999999996 0.5465000000000001
decision_type=2 2 2 2 2 2 2 2 2 2 2 2 2 2
left_child=1 2 5 8 7 6 -1 -5 9 10 -4 -12 -11 -14
right_child=-2 -3 3 4 -6 -7 -8 -9 -10 12 11 -13 13 -15
leaf_value=-0.0083940021658592146 0.0087975468620108913 0.015982524874594808 -0.011344016690120718 -0.021286097512470029 0.02880582457475506 0.0083180402340302991 0.0026841870908373552 0.0054183871140473386 0.019228745323249915 -0.0012333381583286747 0.019435608737622147 -0.017160173495144856 -0.0067791818066638837 -0.036245668146397549
leaf_weight=579.99744008562993 172.63975641457364 56.349901732988656 26.119003867963329 19.186950925737619 26.909072775393724 70.586973868310452 141.65726045938209 391.48884841334075 29.132613020017743 925.428941935068 76.601704470813274 14.162396607920526 246.67610731790774 16.22366888821125
leaf_count=7688 1411 418 623 165 147 684 1002 2356 204 6427 487 93 2777 116
internal_value=-0.00031477 -0.000918215 -0.00129571 0.000324206 0.0057022 -0.00491466 -0.0062187 0.00412207 -0.0014424 -0.00191815 0.00797747 0.0136006 -0.00289737 -0.00872803
internal_weight=2793.16 2620.52 2564.17 1771.93 437.585 792.242 721.655 410.676 1334.34 1305.21 116.883 90.7641 1188.33 262.9
internal_count=24598 23187 22769 13395 2668 9374 8690 2521 10727 10523 1203 580 9320 2893
is_linear=0
shrinkage=0.04


Tree=87
num_leaves=15
num_cat=0
split_feature=84 53 55 3 87 34 3 55 83 78 60 56 82 55
split_gain=9.68218 9.06453 9.45933 7.91346 9.16818 8.62075 7.8258 6.99677 5.6299 5.46816 5.42818 5.41172 5.29191 5.25588
threshold=0.086750000000000008 0.067500000000000018 0.56600000000000006 0.084000000000000019 0.50600000000000012 0.83335000000000015 0.88150000000000006 0.34550000000000003 -0.75354999999999983 0.23315000000000005 0.91225000000000012 0.32850000000000007 -1.4269999999999998 0.36750000000000005
decision_type=2 2 2 2 2 2 2 2 2 2 2 2 2 2
left_child=12 2 -2 7 6 10 13 -3 -9 11 -6 -4 -1 -5
right_child=1 3 9 4 5 -7 -8 8 -10 -11 -12 -13 -14 -15
leaf_value=-0.027198466657716205 -0.0098674803726558798 -0.022322754741187074 -0.029019707982115346 0.0032397103600910245 0.0054767676328318039 0.036691451559973921 0.02840864153958397 -0.010865326812778568 0.013963698493294395 0.036869552323604775 0.031457019565239663 0.018195681373578288 -0.0060105799390173607 -0.0010617704945156371
leaf_weight=20.235250130295753 195.66311285854317 39.447040122002363 5.3956962041556862 758.86968990880996 342.87234778702259 14.844361001625655 15.41237987950444 34.522531515918672 23.823881938587874 10.272354671731589 12.434291098266838 8.8909778906963748 180.61428548570257 1130.0813668835908
leaf_count=830 2395 646 56 5752 1710 71 116 591 235 37 47 90 3752 8213
internal_value=0.000169033 0.000825715 -0.0069188 0.00154725 0.00202782 0.00777922 0.000906421 -0.00953727 -0.000662731 0.0160405 0.00647171 -0.000368174 -0.00826939 0.000667112
internal_weight=2793.38 2592.53 220.222 2372.31 2274.51 370.151 1904.36 97.7935 58.3464 24.559 355.307 14.2867 200.85 1888.95
internal_count=24541 19959 2578 17381 15909 1828 14081 1472 826 183 1757 146 4582 13965
is_linear=0
shrinkage=0.04


Tree=88
num_leaves=15
num_cat=0
split_feature=43 3 84 22 38 19 71 46 53 56 60 56 50 1
split_gain=11.8527 11.2627 10.1235 8.82065 8.57881 7.66641 7.148 6.80282 6.74987 6.93623 8.95038 6.6238 6.61576 6.58713
threshold=1.0000000180025095e-35 0.091500000000000012 0.52795000000000014 0.29165000000000002 1.0000000180025095e-35 0.25000000000000006 -0.25249999999999995 0.93300000000000016 0.056500000000000009 0.30850000000000005 0.50420000000000009 0.26150000000000007 0.78125000000000011 0.80550000000000022
decision_type=2 2 2 2 2 2 2 2 2 2 2 2 2 2
left_child=1 7 3 -3 -5 -2 -7 -1 9 13 -11 -10 -6 -4
right_child=5 2 8 4 12 6 -8 -9 11 10 -12 -13 -14 -15
leaf_value=-0.012566517426001643 0.011946936134287808 -0.0031650160300595699 -0.0043925275807843254 0.00037475558581807244 0.0082272521951109265 0.019454399234764743 -0.043933820897859292 0.023252298067787992 0.02039837045366847 -0.027927384209353593 0.015847946031499232 0.0037932951535689374 0.033911394368865429 -0.04977588578602956
leaf_weight=157.11315598757938 172.53723142575473 1320.7761576094199 10.136565104126932 229.2106750686653 58.315968855284154 3.7405630424618721 6.8463072478771192 8.0636252323165518 39.698966259835288 10.107974977232518 21.849411562085152 717.18756765825674 21.680166063830256 9.79074245598167
leaf_count=3131 1375 12422 122 1635 508 25 44 79 294 102 247 4343 112 79
internal_value=8.06547e-05 -0.000612636 7.39036e-05 -0.00174131 0.00433065 0.00988868 -0.0217913 -0.0106885 0.00372988 -0.0101 0.00157475 0.00469 0.0155208 -0.0280034
internal_weight=2787.06 2603.93 2438.75 1629.98 309.207 183.124 10.5869 165.177 808.771 51.8847 31.9574 756.887 79.9961 19.9273
internal_count=24518 23074 19864 14677 2255 1444 69 3210 5187 550 349 4637 620 201
is_linear=0
shrinkage=0.04


Tree=89
num_leaves=15
num_cat=0
split_feature=52 26 87 11 50 86 55 50 52 60 60 31 45 5
split_gain=10.2786 8.28863 8.32974 17.3284 7.48246 7.2588 7.28857 9.11807 7.86028 6.79815 11.1187 9.98349 7.44446 10.7212
threshold=0.77095000000000014 0.62500000000000011 0.33445000000000008 0.62500000000000011 0.46875000000000006 0.62820000000000009 0.58950000000000002 0.48960000000000009 0.70135000000000003 0.2737500000000001 0.44990000000000002 1.0000000180025095e-35 1.0000000180025095e-35 0.29165000000000002
decision_type=2 2 2 2 2 2 2 2 2 2 2 2 2 2
left_child=1 2 5 4 -4 6 8 -8 -1 -2 11 -11 13 -12
right_child=9 -3 3 -5 -6 -7 7 -9 -10 10 12 -13 -14 -15
leaf_value=-0.0090528225611561514 -0.0044352147820158807 0.0022293091295592575 -0.035391498050923245 0.0057178533899809722 -0.0072402390629628744 0.0070426409156013597 -0.022323382608880414 0.0072313676267981644 0.0056893951283235288 0.018999505271678194 0.027745373026358964 -0.00020421828521850896 -0.0011572303844187275 -0.0097088934400760014
leaf_weight=674.98178072902374 111.81206814944744 715.22361491620541 16.32984010130167 364.04421635880135 126.06419696286321 69.936878103762865 18.801771722733974 106.01796678686514 62.618766732048243 149.86362828314304 35.071670942008495 60.729090551845729 261.97636182978749 17.869962804019451
leaf_count=10426 804 4928 128 1885 756 357 255 901 601 932 152 360 2022 100
internal_value=3.26459e-05 -0.00128793 -0.00303668 0.00109169 -0.0106929 -0.0052779 -0.00628402 0.00263745 -0.00779527 0.00449095 0.00639497 0.0134869 0.00162476 0.0151574
internal_weight=2791.34 2154.02 1438.8 506.438 142.394 932.357 862.42 124.82 737.601 637.323 525.511 210.593 314.918 52.9416
internal_count=24607 20237 15309 2769 884 12540 12183 1156 11027 4370 3566 1292 2274 252
is_linear=0
shrinkage=0.04


Tree=90
num_leaves=15
num_cat=0
split_feature=78 83 2 87 9 59 6 37 55 54 78 87 53 28
split_gain=10.727 10.1677 8.6716 7.62586 9.94099 8.86302 7.83671 7.42614 9.62958 7.27007 7.05024 7.79213 7.01249 6.9796
threshold=0.23315000000000005 2.2363500000000003 0.37700000000000006 0.66625000000000012 1.0000000180025095e-35 0.70835000000000015 0.95835000000000015 1.0000000180025095e-35 0.34450000000000003 0.36750000000000005 0.075150000000000008 0.61915000000000009 0.20100000000000004 0.77500000000000013
decision_type=2 2 2 2 2 2 2 2 2 2 2 2 2 2
left_child=1 3 -3 4 6 -6 -1 -2 -9 -8 -7 -12 -5 -11
right_child=7 2 -4 12 5 10 9 8 -10 13 11 -13 -14 -15
leaf_value=0.0012635412281143091 0.0025717046813258267 -0.0087312732637118487 0.026525608022585679 0.013446984557210346 -0.010316734398024042 -0.0055092069577358516 0.0094050012691396599 -0.01009786976396612 0.016834792012751371 0.005952602915008297 0.013547165407283974 -0.027153104823565432 -0.00986052477338277 -0.014977056616788045
leaf_weight=1034.2232685745694 644.96325745619833 15.255363452248274 36.828722283244133 91.94486684538424 360.8424293246353 138.96268349071033 33.119008809328079 24.78012378513813 126.74346171412617 31.029438132420182 71.247418052516878 7.4671362712979308 25.763226540759206 130.74368473421782
leaf_count=8750 3699 104 239 577 5930 2391 292 173 699 175 484 26 141 874
internal_value=0.000536972 -0.00104193 0.016229 -0.00151732 -0.0021612 -0.00647998 -0.000124816 0.00445329 0.0123929 -0.00746117 -0.000101724 0.009394 0.00830549 -0.0109507
internal_weight=2773.91 1977.43 52.0841 1925.34 1807.64 578.52 1229.12 796.487 151.524 194.892 217.677 78.7146 117.708 161.773
internal_count=24554 19983 343 19640 18922 8831 10091 4571 872 1341 2901 510 718 1049
is_linear=0
shrinkage=0.04


Tree=91
num_leaves=15
num_cat=0
split_feature=43 44 78 23 35 50 50 55 56 78 56 84 68 2
split_gain=9.90733 9.89338 8.49277 7.72783 7.71946 8.29134 8.02937 7.25777 7.21244 7.15007 6.97855 6.59337 6.43512 6.42455
threshold=1.0000000180025095e-35 0.21110000000000004 -0.32214999999999994 0.24500000000000002 -1.0178499999999999 0.90625000000000011 0.57290000000000008 0.53700000000000014 0.40650000000000003 0.097100000000000006 0.51550000000000018 0.27175000000000005 0.83335000000000015 0.18800000000000003
decision_type=2 2 2 2 2 2 2 2 2 2 2 2 2 2
left_child=1 2 4 12 6 -6 -1 9 13 11 -11 -5 -4 -2
right_child=8 -3 3 7 5 -7 -8 -9 -10 10 -12 -13 -14 -15
leaf_value=-0.014600692957279001 0.012111203927707733 -0.012832302016267403 0.0010042944408712765 -0.0065224284985227338 -0.014848323944986537 0.027395150997726363 0.040521158172988077 0.011734446377182963 0.0017213198836746376 -0.0092557330765397992 0.034731134697135756 -0.037279715167594839 -0.035142678222469123 0.041054823580837153
leaf_weight=6.8507019355893126 62.772837481927127 103.10825464036316 2204.3452192910481 18.898697334807366 128.3517447928898 6.9849924482405177 8.5768111702054721 19.753617065958679 96.05462484061718 39.776153889484704 5.7287572864443055 28.079187445808202 6.908963414374738 14.789113722741602
leaf_count=79 613 1172 18025 413 2466 37 48 156 716 296 31 259 148 84
internal_value=-0.00012861 -0.000753028 -0.000244674 0.000353987 -0.00941242 -0.0124831 0.0166451 -0.00983814 0.00909219 -0.0145221 -0.00309034 -0.0253002 0.00087552 0.0180824
internal_weight=2750.98 2577.36 2474.25 2323.49 150.764 135.337 15.4275 112.236 173.617 92.4828 45.5049 46.9779 2211.25 77.562
internal_count=24543 23130 21958 19328 2630 2503 127 1155 1413 999 327 672 18173 697
is_linear=0
shrinkage=0.04


Tree=92
num_leaves=15
num_cat=0
split_feature=20 86 50 1 3 59 71 7 30 82 80 55 4 4
split_gain=8.48119 8.14085 7.60109 10.6004 7.63051 7.90766 7.15249 7.72557 7.00278 6.29848 6.70674 7.91009 13.3582 17.9178
threshold=0.25000000000000006 0.7037000000000001 0.46875000000000006 3.2825000000000002 0.43000000000000005 0.55000000000000016 0.13050000000000003 0.70835000000000015 0.45000000000000007 0.26060000000000005 0.56250000000000011 0.44050000000000006 0.38550000000000006 0.44250000000000006
decision_type=2 2 2 2 2 2 2 2 2 2 2 2 2 2
left_child=1 2 3 4 5 6 -1 -8 -3 -4 -11 -12 -13 -14
right_child=-2 8 9 -5 -6 -7 7 -9 -10 10 11 12 13 -15
leaf_value=-0.0105874305647194 0.013915963896290413 0.014190518546438475 -0.0026316117670520788 0.018957354649444761 0.016056916076149827 -0.0030927749713585886 -0.035187033060471509 0.023041537136691815 -0.0075632475786123537 0.00065625328987707707 0.014379842056844099 0.02889812555109306 -0.053835308672477766 3.1475862865514343e-05
leaf_weight=102.79325814265758 70.005768036469817 106.1394768031314 787.87917139031924 23.680589726194739 18.363360802643001 138.45790546154603 38.942152148578316 3.3319510072469702 29.700374133884907 1210.9201291520149 131.89908887352794 17.610365312546492 10.946447189897297 57.115643022581935
leaf_count=2163 471 667 10826 142 139 1594 388 13 184 6805 669 88 58 286
internal_value=0.000271427 -9.03464e-05 -0.00060174 -0.00629898 -0.00833617 -0.00996694 -0.0164618 -0.0301712 0.00941371 0.000237608 0.00182085 0.00826988 -0.00119423 -0.00928601
internal_weight=2747.79 2677.78 2541.94 325.569 301.889 283.525 145.067 42.2741 135.84 2216.37 1428.49 217.572 85.6725 68.0621
internal_count=24493 24022 23171 4439 4297 4158 2564 401 851 18732 7906 1101 432 344
is_linear=0
shrinkage=0.04


Tree=93
num_leaves=15
num_cat=0
split_feature=19 78 1 2 1 87 53 82 3 74 60 18 73 80
split_gain=7.93725 8.81141 9.07704 11.1248 11.0975 10.2576 9.30768 7.87033 7.86974 9.19069 7.12435 7.01848 8.4841 6.99167
threshold=-0.41664999999999996 -0.11459999999999999 1.5085000000000002 0.044000000000000004 1.2670000000000001 0.58025000000000015 0.65350000000000008 1.3960000000000001 0.29450000000000004 1.0000000180025095e-35 0.20600000000000004 -0.52499999999999991 0.54165000000000008 -0.21449999999999997
decision_type=2 2 2 2 2 2 2 2 2 2 2 2 2 2
left_child=-1 -2 3 7 5 6 10 -3 9 -6 11 12 -5 -4
right_child=1 2 13 4 8 -7 -8 -9 -10 -11 -12 -13 -14 -15
leaf_value=-0.0093489696379308023 -0.0045317734913426343 -0.0057984406369212113 -0.0067788885167603119 0.033605870490924158 -0.026646035238946045 0.019005706542997644 0.039222584841567473 -0.027059477546638039 -0.011258008480982075 0.019608244464560953 0.0024231799625083375 -0.026413846360488793 -0.019756278749514068 0.0052620760509123456
leaf_weight=141.53669228544459 481.72555950423703 199.07258489914238 83.455678016878664 8.0638992036692816 8.0021796394139511 60.291536554694176 9.5002248268574458 31.595115758478642 158.26482265722007 28.750244843773544 585.53058075346053 27.031521665398031 9.1057662051171047 908.79426242224872
leaf_count=1351 6513 3082 727 57 58 302 70 200 907 170 5046 229 64 5707
internal_value=-0.000158439 0.000345428 0.00145662 -0.00100258 0.0010195 0.00337252 0.00187064 -0.00881485 -0.0073949 0.00909816 0.00124585 -0.0140588 0.00577599 0.00424354
internal_weight=2740.72 2599.18 2117.46 1125.21 894.541 699.524 639.232 230.668 195.017 36.7524 629.732 44.2012 17.1697 992.25
internal_count=24483 23132 16619 10185 6903 5768 5466 3282 1135 228 5396 350 121 6434
is_linear=0
shrinkage=0.04


Tree=94
num_leaves=15
num_cat=0
split_feature=49 22 80 54 1 73 83 78 80 22 46 22 78 83
split_gain=8.45405 8.13689 9.06502 8.50149 8.15291 7.11484 8.79572 7.02709 7.26396 7.87634 6.63354 9.69796 6.55379 6.51931
threshold=1.0000000180025095e-35 0.20835000000000004 0.73750000000000016 0.38950000000000007 2.2125000000000008 0.70835000000000015 -0.76154999999999984 0.28060000000000007 0.5375000000000002 0.40835000000000005 -0.84124999999999994 0.12500000000000003 0.21715000000000004 2.2363500000000003
decision_type=2 2 2 2 2 2 2 2 2 2 2 2 2 2
left_child=5 2 10 -3 -4 -1 -7 8 13 -10 11 -2 -8 -5
right_child=1 3 4 7 -6 6 12 -9 9 -11 -12 -13 -14 -15
leaf_value=-0.011859024509513254 -0.019467681495843298 0.012646990195276273 0.0017052629365157674 9.3766645349008455e-05 0.021450532575251528 -0.0175251397068505 0.0022739047792005936 0.0099848834103842005 -0.024954375448257578 0.0051009714696355415 -0.0010311682552615327 0.01044829131887947 0.031632277290538517 0.021081974340943718
leaf_weight=165.26722253160551 68.681504325475544 151.04236310673878 94.266095167025924 342.74280950240791 51.034416567534208 23.78549616644159 41.94128217920661 132.26414534868672 35.729903939180076 22.023201054893434 1549.5466695113573 22.367550562135875 16.238816162571311 24.437509208917618
leaf_count=2821 1189 1220 658 2329 268 404 504 797 236 140 13616 191 86 124
internal_value=-6.30665e-05 0.000637335 -0.000801748 0.00426214 0.00873968 -0.00710296 0.00251403 0.00197063 -0.000541462 -0.0136015 -0.0016516 -0.0120847 0.0108643 0.00154409
internal_weight=2741.37 2494.14 1785.9 708.24 145.301 247.233 81.9656 557.198 424.933 57.7531 1640.6 91.0491 58.1801 367.18
internal_count=24583 20768 15922 4846 926 3815 994 3626 2829 376 14996 1380 590 2453
is_linear=0
shrinkage=0.04


Tree=95
num_leaves=15
num_cat=0
split_feature=50 53 69 71 71 22 84 22 3 82 56 3 83 21
split_gain=8.19445 7.49638 7.20613 8.35351 6.58652 6.30228 7.03956 6.24103 7.09643 6.97632 5.67 5.65549 5.65058 5.49937
threshold=0.46875000000000006 0.19650000000000004 0.90000000000000013 -0.29149999999999993 -1.1934999999999998 0.17500000000000002 0.14395000000000002 0.29165000000000002 0.23400000000000001 1.2261000000000002 0.48150000000000004 0.12300000000000001 -0.29004999999999997 0.90500000000000014
decision_type=2 2 2 2 2 2 2 2 2 2 2 2 2 2
left_child=1 2 3 -1 -3 6 -4 -2 9 12 -8 -7 -9 -10
right_child=7 4 5 -5 -6 11 10 8 13 -11 -12 -13 -14 -15
leaf_value=-0.0063327965727827439 4.111917100117652e-05 -0.038721044764598513 -0.021130746969008941 -0.032421004604735772 0.0078122260216742512 0.011799110108486615 0.0059311047248100492 -0.0028019293228684111 0.010341819321209002 0.049642307667541297 -0.019921902523377489 -0.029475090906876129 0.025922621682566406 0.00026548413863898291
leaf_weight=41.429074572632089 1939.7812885497697 4.2053941544145337 22.364686641609296 37.410559632349759 76.561597891151905 6.1694163428619531 109.86165618570521 21.339386940468103 125.47405471187085 8.8471138738095743 14.481752839870749 23.749528013169765 21.146587658673525 275.47811299655586
leaf_count=1086 16891 83 657 440 587 70 1363 298 835 29 144 203 159 1766
internal_value=0.00020605 -0.00563153 -0.00898172 -0.0189631 0.0049454 -0.00444476 -0.000979006 0.0010286 0.00525433 0.0191148 0.0027852 -0.0208578 0.0117625 0.00343666
internal_weight=2728.3 336.234 255.467 78.8396 80.767 176.627 146.708 2392.07 452.285 51.3331 124.343 29.9189 42.486 400.952
internal_count=24611 4633 3963 1526 670 2437 2164 19978 3087 486 1507 273 457 2601
is_linear=0
shrinkage=0.04


Tree=96
num_leaves=15
num_cat=0
split_feature=20 78 35 78 52 57 53 53 20 1 84 59 53 54
split_gain=11.9302 6.7596 8.68747 8.04527 8.49038 7.99706 7.33112 7.24265 6.30579 6.47226 7.7142 5.82769 8.36226 9.87801
threshold=0.25000000000000006 0.078600000000000017 1.6753000000000002 0.037150000000000009 0.44590000000000007 0.69300000000000006 0.65350000000000008 0.085500000000000007 -0.21664999999999998 0.86150000000000004 0.68995000000000006 0.55000000000000016 0.27850000000000008 0.55850000000000011
decision_type=2 2 2 2 2 2 2 2 2 2 2 2 2 2
left_child=1 2 3 4 -1 -4 8 -6 9 -3 -11 12 13 -10
right_child=-2 6 5 -5 7 -7 -8 -9 11 10 -12 -13 -14 -15
leaf_value=-0.0052730300198771006 0.016611322358027401 -0.016954218642500882 -0.016577635180917011 -0.011190529207564881 -0.010098483699770575 0.042979551637522435 0.03190003553931104 0.0031639852537924673 -0.0019999362205544995 0.030350291411230721 -0.016145491868750163 0.0032089390126200899 0.0088679606490597081 -0.018019543370087182
leaf_weight=410.55030296021141 64.810548156499863 7.3330026594921938 89.904860604088753 127.9345738212578 71.998924925457686 2.8184935990720978 11.542081758379934 676.89848417323083 411.47617302043363 31.297147261910141 6.2711187638342372 649.09219288965687 89.144577938131988 71.500112190842628
leaf_count=6296 444 56 1535 981 1139 20 104 6283 2910 160 36 3687 483 457
internal_value=-0.000212642 -0.000628994 -0.00256907 -0.00171167 -0.000657018 -0.014328 0.00146701 0.00187717 0.00116462 0.0157197 0.0223716 0.000617044 -0.00232402 -0.00440382
internal_weight=2722.57 2657.76 1380.11 1287.38 1159.45 92.7234 1277.66 748.897 1266.11 44.9013 37.5683 1221.21 572.121 482.976
internal_count=24591 24147 16254 14699 13718 1555 7893 7422 7789 252 196 7537 3850 3367
is_linear=0
shrinkage=0.04


Tree=97
num_leaves=15
num_cat=0
split_feature=84 71 53 19 87 7 9 75 60 55 71 67 28 76
split_gain=8.01529 7.56166 6.57497 6.14212 7.87458 10.9758 8.82421 10.121 7.73944 9.81118 7.32298 8.17561 8.17016 6.94772
threshold=0.086750000000000008 -1.2364999999999997 0.70350000000000013 -0.41664999999999996 0.26075000000000004 0.20835000000000001 1.0000000180025095e-35 0.18335000000000004 0.23200000000000004 0.44050000000000006 0.81050000000000011 1.0000000180025095e-35 0.82500000000000007 0.90000000000000013
decision_type=2 2 2 2 2 2 2 2 2 2 2 2 2 2
left_child=1 -1 3 8 6 -6 7 -5 9 -2 11 -9 -13 -10
right_child=2 -3 -4 4 5 -7 -8 10 13 -11 -12 12 -14 -15
leaf_value=-0.028107406798150325 -0.012693821659196261 -0.0045146632279304075 0.026741346294971633 0.035048505680452556 0.0030900633478411024 0.020755234216840349 -0.0068164085938056682 -0.0012082084621171927 -0.013828987221238471 0.046728882216355377 0.015436356943727159 0.0044441739045115022 0.029280677721314773 0.019646547925698442
leaf_weight=24.156635512597859 8.1147534269839543 164.71503320895135 14.607928475365041 12.790264043956993 708.26338969543576 60.201745795086026 283.35707786702551 1090.3962082504295 111.81112073827535 8.008659231476484 50.093818740919232 120.80426654033363 24.84063264913857 10.003822972998021
leaf_count=759 75 3781 112 55 4146 303 5328 7462 983 28 323 920 140 64
internal_value=0.000259363 -0.00766431 0.00086002 0.000697424 0.00117996 0.00449913 -0.000433875 0.00096263 -0.00747535 0.0178273 0.000596689 -1.67202e-05 0.00885098 -0.0109423
internal_weight=2692.17 188.872 2503.29 2488.69 2350.75 768.465 1582.28 1298.93 137.938 16.1234 1286.13 1236.04 145.645 121.815
internal_count=24479 4540 19939 19827 18677 4449 14228 8900 1150 103 8845 8522 1060 1047
is_linear=0
shrinkage=0.04


Tree=98
num_leaves=15
num_cat=0
split_feature=84 1 35 4 18 18 70 71 60 58 23 3 1 50
split_gain=7.07288 8.69992 11.0277 6.24708 7.08558 6.48596 6.98836 9.21512 6.53624 5.87153 8.0891 15.0688 11.6918 9.25948
threshold=0.31735000000000008 1.9295000000000002 -1.0426499999999999 0.68250000000000022 -0.62499999999999989 -0.62499999999999989 0.68540000000000012 -0.20749999999999996 0.18275000000000005 0.55000000000000016 0.065000000000000016 0.38550000000000006 0.68350000000000011 0.69790000000000008
decision_type=2 2 2 2 2 2 2 2 2 2 2 2 2 2
left_child=1 3 -3 5 -5 6 8 -8 -1 10 11 13 -12 -2
right_child=9 2 -4 4 -6 -7 7 -9 -10 -11 12 -13 -14 -15
leaf_value=0.040555865512892968 0.008622562975344493 -0.036179127736856075 0.0041946635255077566 -0.0055747588827940609 0.018339709135186111 -0.0093666244833472828 -0.02127918348968369 0.027719080359048562 0.003997669097734754 -5.3098999558928537e-06 -0.018382351400139753 -0.0031808495132553032 0.0045230606896985185 0.025076515581315312
leaf_weight=7.8503446727991095 189.66140705114231 10.237703539431093 296.76587377057876 44.299357675947249 34.383182744961232 418.92616326618008 32.156811479479074 6.6319183129817239 70.356863836757839 1216.3989079382736 50.214777707587928 128.70858064107597 116.48334532044828 77.067705422872677
leaf_count=64 1222 96 3300 288 274 7127 400 39 1052 8113 572 706 823 396
internal_value=8.4516e-05 -0.00275768 0.00273522 -0.00550144 0.00497454 -0.00704589 0.00127288 -0.0124156 0.00813303 0.00155802 0.00493488 0.00804432 -0.00244525 0.0134526
internal_weight=2700.14 921.608 307.004 614.605 78.6825 535.922 116.996 38.7887 78.2072 1778.53 562.136 395.438 166.698 266.729
internal_count=24472 12640 3396 9244 562 8682 1555 439 1116 11832 3719 2324 1395 1618
is_linear=0
shrinkage=0.04


Tree=99
num_leaves=15
num_cat=0
split_feature=83 55 71 22 2 19 86 56 86 84 53 55 3 26
split_gain=8.00763 7.82148 8.51921 7.83399 8.21461 10.0029 8.57553 7.74462 7.51303 8.73212 7.3666 7.25683 6.69802 6.65934
threshold=-0.66124999999999989 0.35150000000000003 -1.0964999999999998 0.29165000000000002 0.25300000000000006 -0.28334999999999994 0.14825000000000002 0.80150000000000021 0.42895000000000005 0.54965000000000008 0.095500000000000015 0.55100000000000016 0.20250000000000004 0.87500000000000011
decision_type=2 2 2 2 2 2 2 2 2 2 2 2 2 2
left_child=11 2 -2 8 6 -6 -5 -3 12 -10 -8 -1 -4 -7
right_child=1 7 3 4 5 13 10 -9 9 -11 -12 -13 -14 -15
leaf_value=-0.0067333524544625038 -0.01550006300799402 -0.0015248260976813777 -0.0029851662383864807 -0.0001065242506986992 -0.035986630793979027 -0.0039052570803772262 -0.0090898628803811783 0.017853883751119216 -0.018054692019646865 0.0022205940430913107 0.032653522783169596 0.0065109179176290393 0.00783872992626777 0.018494123170244507
leaf_weight=434.40933533105999 33.800306244753301 1322.5555400839075 123.37704267539084 23.551675416063517 8.2459045955911261 40.012956010177732 7.2065621279180041 32.843389964662492 53.529201624915004 89.717794622294605 58.161552750505507 77.236516768112779 347.85464870277792 43.565440721809864
leaf_count=6623 588 9833 1620 264 47 260 42 266 275 524 274 916 2805 294
internal_value=-0.000226016 0.000829493 0.00388754 0.00473003 0.0120275 0.00356915 0.0206253 -0.00104243 0.00256748 -0.00542861 0.0279839 -0.00472524 0.00500452 0.00785109
internal_weight=2696.07 2184.42 829.023 795.223 180.744 91.8243 88.9198 1355.4 614.479 143.247 65.3681 511.646 471.232 83.5784
internal_count=24631 17092 6993 6405 1181 601 580 10099 5224 799 316 7539 4425 554
is_linear=0
shrinkage=0.04


Tree=100
num_leaves=15
num_cat=0
split_feature=54 46 25 83 49 54 35 58 19 57 49 78 53 4
split_gain=7.74157 9.6305 7.13044 8.10499 7.46688 7.12076 11.6667 9.87544 8.14482 8.25258 8.00581 7.61158 7.86609 9.08785
threshold=0.34550000000000003 1.0000000180025095e-35 1.0000000180025095e-35 1.2012000000000003 1.0000000180025095e-35 0.35350000000000004 -0.55024999999999991 0.70835000000000015 -0.28334999999999994 0.6160000000000001 0.75000000000000011 -0.43589999999999995 0.41450000000000004 0.52150000000000019
decision_type=2 2 2 2 2 2 2 2 2 2 2 2 2 2
left_child=1 -1 -3 4 -4 6 7 -2 9 -7 -8 -10 -13 -14
right_child=5 2 3 -5 -6 8 10 -9 11 -11 -12 12 13 -15
leaf_value=-0.0072991236276465704 0.027071263543672494 -0.009687418961837899 -0.020406465288171857 -0.023032732926509935 0.023638957987500472 -0.0041056237645387137 -0.0031409619468885167 0.0019095481247698573 -0.013860760626787743 -0.027639161149878268 0.013341053869830415 0.00078990635311971646 0.03584697962913503 0.0063975575789096137
leaf_weight=377.41894939495251 64.896170632448047 28.541197936050594 6.1691213613376013 7.5605782456696025 53.688205332262442 147.91053506825119 166.55592554504983 40.431011669337749 51.82897925330326 27.546911579556763 64.634395051281899 1543.493201331934 19.262440305203199 101.33160539530218
leaf_count=5588 548 250 70 51 353 1173 2541 246 785 185 582 11358 115 643
internal_value=0.000215279 -0.00442475 0.00683922 0.0138751 0.0188387 0.00120273 0.00655478 0.0175215 0.000247515 -0.0079361 0.00150456 0.00108845 0.0015621 0.0113576
internal_weight=2701.27 473.378 95.9591 67.4179 59.8573 2227.89 336.518 105.327 1891.37 175.457 231.19 1715.92 1664.09 120.594
internal_count=24488 6312 724 474 423 18176 3917 794 14259 1358 3123 12901 12116 758
is_linear=0
shrinkage=0.04


Tree=101
num_leaves=15
num_cat=0
split_feature=20 2 84 52 21 73 26 52 78 54 4 70 87 60
split_gain=8.12849 7.17778 6.3426 7.58093 8.08916 7.44954 7.03343 7.71074 6.30945 6.05694 8.98466 6.19357 5.95975 6.30286
threshold=1.0000000180025095e-35 0.091500000000000012 0.096150000000000013 0.44280000000000003 0.79000000000000015 1.0000000180025095e-35 0.115 0.6120000000000001 -0.11459999999999999 0.52450000000000008 0.27350000000000008 0.91025000000000011 0.68955000000000011 0.72100000000000009
decision_type=2 2 2 2 2 2 2 2 2 2 2 2 2 2
left_child=1 2 -1 5 -5 -4 -6 -8 -3 10 11 -9 -10 -14
right_child=-2 8 3 4 6 -7 7 9 12 -11 -12 -13 13 -15
leaf_value=-0.012815897521130078 0.009389943802242463 -0.004423002342531325 -0.033576267476476983 -0.002931416136607749 0.017647470877415351 -0.006170998742032874 0.012163585944943803 -0.024395449950883854 0.0014355153236675787 0.019718331905644326 -0.033071854031863246 0.02829877894179143 0.019721603006024244 -0.0099726864448605596
leaf_weight=103.63828589394689 137.88588443677872 292.68644805857912 16.233688382431865 337.76935126585886 67.727671231608838 214.94531844975427 43.837573450058699 4.9576915930956593 1368.7212794423103 7.3675512298941603 22.46988466847688 8.0319181960076076 53.347263274714351 13.816393323242663
leaf_count=2999 950 3082 241 3317 547 2974 336 41 9297 36 187 53 276 76
internal_value=-3.43573e-05 -0.000546324 -0.00360884 -0.0022738 0.000535797 -0.00823176 0.00809119 0.00050692 0.000920075 -0.0114301 -0.0182652 0.00788097 0.00201151 0.0135564
internal_weight=2693.44 2555.55 826.979 723.341 492.162 231.179 154.392 86.6646 1728.57 42.827 35.4595 12.9896 1435.88 67.1637
internal_count=24412 23462 10731 7732 4517 3215 1200 653 12731 317 281 94 9649 352
is_linear=0
shrinkage=0.04


Tree=102
num_leaves=15
num_cat=0
split_feature=80 56 25 87 54 56 53 18 31 8 3 4 3 54
split_gain=7.06016 8.16544 7.38728 11.0525 7.85115 7.70702 7.15399 7.07356 7.51115 9.05235 8.34102 9.09371 6.80564 6.62723
threshold=-0.05849999999999999 0.6925 1.0000000180025095e-35 0.12230000000000001 0.65750000000000008 0.59150000000000003 0.70350000000000013 0.47500000000000003 1.0000000180025095e-35 1.0000000180025095e-35 0.16150000000000003 0.50600000000000012 0.34450000000000003 0.38950000000000007
decision_type=2 2 2 2 2 2 2 2 2 2 2 2 2 2
left_child=1 -1 4 6 5 -2 13 8 10 -10 -5 -12 -13 -4
right_child=2 -3 3 7 -6 -7 -8 -9 9 -11 11 12 -14 -15
leaf_value=-0.0058737831642174335 -0.00315297712450808 0.015705870847390543 0.0047987790601922995 -0.005811723908214406 -0.036022368398149214 0.0089044467121126136 0.029430049184361914 -0.0094966776457149071 -0.0011478264109121173 0.028539421542219813 0.023595247959398994 -0.0093610067847959555 0.014396938955532363 -0.001918672487974537
leaf_weight=405.37019402068108 644.68354419828393 29.18320409534499 347.99868338997476 29.132463202811778 9.7404467957094294 96.669685021042824 12.639625074341891 32.275910981930792 129.20793023146689 17.817830879241228 127.0455485638231 27.858875013887882 57.905532272532582 718.32362392637879
leaf_count=4931 7501 208 3510 213 86 802 101 233 743 85 671 142 299 4937
internal_value=0.000270119 -0.00439183 0.00117154 0.00279221 -0.00206494 -0.00157086 0.0006445 0.00827872 0.00977426 0.00261842 0.0140941 0.0168335 0.00666069 0.000276038
internal_weight=2685.85 434.553 2251.3 1500.21 751.094 741.353 1078.96 421.244 388.968 147.026 241.942 212.81 85.7644 1066.32
internal_count=24462 5139 19323 10934 8389 8303 8548 2386 2153 828 1325 1112 441 8447
is_linear=0
shrinkage=0.04


Tree=103
num_leaves=15
num_cat=0
split_feature=43 78 19 59 19 56 35 4 83 71 19 86 58 82
split_gain=7.95993 9.30684 10.3506 8.86083 7.16734 6.91679 6.6659 10.5335 9.22447 7.04578 7.00646 8.35632 6.26967 8.26885
threshold=1.0000000180025095e-35 -0.19324999999999998 -0.41664999999999996 0.91665000000000008 0.28335000000000005 0.30050000000000004 -1.0068999999999997 0.45850000000000007 1.1015500000000003 0.16250000000000003 0.05000000000000001 0.76465000000000016 0.70835000000000015 0.03815000000000001
decision_type=2 2 2 2 2 2 2 2 2 2 2 2 2 2
left_child=1 -1 5 -4 -2 -3 7 8 -5 12 11 -9 -8 -14
right_child=4 2 3 6 -6 -7 9 10 -10 -11 -12 -13 13 -15
leaf_value=-0.0069735851184299568 0.010324339712814504 -0.035838538462819688 -0.00096704862458981203 -0.0032446573039079519 -0.026252660445378717 -0.0071169925514996228 0.0053182908921295229 -0.031022289351884946 0.038122191867907274 0.011515116370486338 0.0049397142278153651 0.01986552321630965 0.021946765998681613 -0.0096300691071386762
leaf_weight=298.18848496722057 165.5517780133523 14.600732010323553 1232.8003855131101 24.250442157499492 8.096064802259205 102.66844996530563 416.11407622741535 37.079133665189147 12.267704794183372 225.52323902398348 18.241005000658333 5.2750486694276324 14.403761895373462 96.234912591986358
leaf_count=4818 1373 177 11583 161 46 857 3067 196 52 1387 103 37 101 524
internal_value=0.000222651 -0.000354493 0.000545643 0.00119892 0.00847844 -0.0109658 0.00434004 -0.00548075 0.0112976 0.00561343 -0.0156116 -0.0243724 0.00306965 -0.0053594
internal_weight=2671.3 2497.65 2199.46 2082.19 173.648 117.269 849.389 97.1133 36.5181 752.276 60.5952 42.3542 526.753 110.639
internal_count=24482 23063 18245 17211 1419 1034 5628 549 213 5079 336 233 3692 625
is_linear=0
shrinkage=0.04


Tree=104
num_leaves=15
num_cat=0
split_feature=78 71 54 56 34 79 54 53 54 57 4 78 73 83
split_gain=6.07322 8.23623 8.05321 8.52688 7.71437 7.34854 6.77062 8.59771 10.5614 10.6112 8.12445 7.5045 7.25203 6.7427
threshold=0.54525000000000012 -0.96949999999999992 0.72350000000000014 0.71750000000000014 0.83335000000000015 0.29165000000000002 0.63650000000000018 0.28850000000000003 0.41750000000000004 0.63250000000000017 0.68050000000000022 0.19060000000000002 0.79165000000000008 1.04905
decision_type=2 2 2 2 2 2 2 2 2 2 2 2 2 2
left_child=1 -1 6 4 -4 -5 7 10 -9 11 -3 -10 13 -8
right_child=-2 2 3 5 -6 -7 12 8 9 -11 -12 -13 -14 -15
leaf_value=-0.010601157039456377 0.0070964074509914489 -0.0015458849733117135 0.029013333212927647 -0.02613242773669916 -0.0073246463337651099 0.0065026711291254922 0.0090342126487139903 -0.0502570397442983 0.0078921724608778214 -0.011794740769312591 0.0088893922333383498 0.028643679360209492 -0.018470706147606406 -0.016019096373783875
leaf_weight=127.23495374782942 168.52536124177277 1859.8152690816205 42.989762933924794 12.559438208583741 11.424095489084719 58.408584689721465 45.133671076502651 3.6815192494541398 73.000454974360764 26.147353740874678 126.56385064404458 45.281342284753919 68.210899222642183 26.39447084441781
leaf_count=2558 949 17618 232 82 75 359 306 30 498 143 934 198 428 147
internal_value=-0.000232909 -0.000724344 -0.000196446 0.00963161 0.0213897 0.000444273 -0.000742278 -0.00018189 0.00908196 0.0109297 -0.000876854 0.0160099 -0.00923999 -0.000304065
internal_weight=2695.37 2526.85 2399.61 125.382 54.4139 70.968 2274.23 2134.49 148.111 144.429 1986.38 118.282 139.739 71.5281
internal_count=24557 23608 21050 748 307 441 20302 19421 869 839 18552 696 881 453
is_linear=0
shrinkage=0.04


Tree=105
num_leaves=15
num_cat=0
split_feature=87 28 9 84 75 73 57 52 23 84 2 36 20 54
split_gain=8.60479 15.1766 9.09809 6.63449 6.96107 6.1004 8.57525 10.5032 7.14496 6.84017 6.41359 9.52207 8.28251 8.27897
threshold=0.26075000000000004 0.55500000000000016 1.0000000180025095e-35 0.016250000000000004 0.18335000000000004 0.37500000000000006 0.35650000000000004 0.49640000000000006 0.085000000000000006 0.38270000000000004 0.17150000000000001 1.0000000180025095e-35 -0.11664999999999999 0.37550000000000006
decision_type=2 2 2 2 2 2 2 2 2 2 2 2 2 2
left_child=2 -2 3 -1 -5 6 7 -6 9 -9 12 -12 -7 -14
right_child=1 -3 -4 4 5 10 -8 8 -10 -11 11 -13 13 -15
leaf_value=-0.021767071769922836 0.0010844480165606931 0.017006145639560447 -0.0072746537351651213 0.029596963262208124 -0.0040510978456050504 0.022665732308945134 -0.00097510065868257518 0.028300189943231122 -0.0050480388618969084 0.0080313916859839282 0.0021332113489481342 -0.01378062674742 0.00055505211079310039 -0.01243631017937624
leaf_weight=21.641988866962492 715.51093387138098 109.62583271041512 371.94389847153798 11.649563785642384 58.565694780554622 14.139076957013456 275.72870648559183 66.390124180819839 20.95235787704587 45.805661074817181 558.15363553911448 66.412810699082911 124.54447219707072 210.84358188975602
leaf_count=567 4247 571 7765 56 857 112 2292 545 207 239 3549 466 1297 1716
internal_value=-0.000175832 0.00321779 -0.00169302 -0.00028139 5.33405e-05 -0.000205764 0.00354602 0.0100198 0.0161929 0.0201692 -0.00200794 0.000421701 -0.00633826 -0.00762473
internal_weight=2671.91 825.137 1846.77 1474.83 1453.19 1441.54 467.443 191.714 133.148 112.196 974.094 624.566 349.527 335.388
internal_count=24486 4818 19668 11903 11336 11280 4140 1848 991 784 7140 4015 3125 3013
is_linear=0
shrinkage=0.04


Tree=106
num_leaves=15
num_cat=0
split_feature=57 35 57 50 19 73 53 82 81 1 28 45 52 54
split_gain=8.15518 6.22369 5.2507 5.19036 5.18995 4.86447 6.57753 6.2173 5.40168 17.1475 12.3106 10.2595 8.84108 7.44598
threshold=0.23150000000000004 1.9893000000000003 0.23850000000000002 0.98960000000000015 0.18335000000000004 0.70835000000000015 0.40750000000000003 1.8391000000000004 1.0000000180025095e-35 2.7255000000000007 0.29000000000000009 0.55000000000000016 0.65430000000000021 0.34050000000000008
decision_type=2 2 2 2 2 2 2 2 2 2 2 2 2 2
left_child=1 -1 -2 5 -5 6 8 -7 10 -10 12 13 -4 -12
right_child=2 -3 3 4 -6 7 -8 -9 9 -11 11 -13 -14 -15
leaf_value=-0.0066927422978313314 0.022996922786890157 -0.038836000533697505 -0.0085848349613826744 0.027514146671806721 -0.017109713411238913 0.0014778046512300945 0.014056867958911904 0.018846953143940665 -0.0030354391101244222 -0.034041564644474581 -0.021741766721222557 0.022605454698617827 0.0038279025343891135 0.0062062400895271574
leaf_weight=161.08921978017315 15.272315757349132 9.3291258076205832 219.94875147868879 18.928205866366628 4.5415167133323839 1053.2178106429055 40.919758414849639 33.05254424829036 735.48606139514595 28.708809291012585 16.274130404461175 59.284116511233151 156.30496684578247 130.15091886697337
leaf_count=2333 180 201 3115 178 33 8064 269 222 6870 173 218 489 1308 880
internal_value=-0.000227203 -0.00866864 0.000348679 0.000200995 0.0185329 1.96236e-05 -0.00154974 0.00202315 -0.00203422 -0.00424322 0.000868792 0.00871337 -0.0034318 0.00297361
internal_weight=2682.51 170.418 2512.09 2496.82 23.4697 2473.35 1387.08 1086.27 1346.16 764.195 581.963 205.709 376.254 146.425
internal_count=24533 2534 21999 21819 211 21608 13322 8286 13053 7043 6010 1587 4423 1098
is_linear=0
shrinkage=0.04


Tree=107
num_leaves=15
num_cat=0
split_feature=54 46 60 21 52 87 60 20 78 45 4 55 58 1
split_gain=7.60998 8.71696 8.68107 9.62234 10.8053 8.07294 7.03249 6.92987 6.60297 5.91386 6.81514 6.47526 5.80504 5.6662
threshold=0.33500000000000008 1.0000000180025095e-35 0.26625000000000004 0.87500000000000011 0.39650000000000002 0.35045000000000004 0.79400000000000015 0.38335000000000008 0.22115000000000004 0.70000000000000007 0.18600000000000003 0.44600000000000006 0.45000000000000007 3.6145000000000005
decision_type=2 2 2 2 2 2 2 2 2 2 2 2 2 2
left_child=1 5 -3 8 -5 13 9 -2 12 10 11 -7 -4 -1
right_child=7 2 3 4 -6 6 -8 -9 -10 -11 -12 -13 -14 -15
leaf_value=-0.012244951755467309 0.00038223537576745098 -0.023198382009033174 0.015989119921505469 -0.00560065767180717 0.037698506953198332 -0.032022035784449655 -0.034460611549565472 0.032291663884356087 0.0097572583133233252 -0.028053813392596636 0.015950903738062287 0.022798010335947982 -0.035649153823829605 0.031212197607101519
leaf_weight=262.41248507401906 2232.1086242292076 13.410209703259168 4.0842549265362331 13.236764381639658 27.727388883475214 9.5224387887865287 6.4164647841826072 9.943122757598756 24.15929077193141 6.3188617993146172 56.109233540482819 4.2764828987419596 12.085646910592914 3.9618461783975354
leaf_count=4770 18511 98 67 101 149 91 53 61 127 54 340 28 144 16
internal_value=-0.000409797 -0.00518971 0.00552996 0.0104933 0.0239072 -0.00810591 0.00279029 0.000538082 -0.00338051 0.00633153 0.00979136 -0.01464 -0.0224346 -0.0114843
internal_weight=2685.77 443.721 94.7036 81.2933 40.9642 349.018 82.6435 2242.05 40.3292 76.227 69.9082 13.7989 16.1699 266.374
internal_count=24610 6038 686 588 250 5352 566 18572 338 513 459 119 211 4786
is_linear=0
shrinkage=0.04


Tree=108
num_leaves=15
num_cat=0
split_feature=87 28 3 11 9 60 4 50 60 5 53 52 79 49
split_gain=7.69005 12.4896 9.77353 9.59001 9.18375 6.81698 6.80662 7.43292 6.88839 6.73794 6.55552 8.52317 6.76918 7.319
threshold=0.19455000000000003 0.89500000000000013 0.10350000000000001 0.62500000000000011 1.0000000180025095e-35 0.16500000000000004 0.13400000000000004 0.63540000000000008 0.8460000000000002 0.54165000000000008 0.14050000000000004 0.85450000000000015 0.54165000000000008 0.58335000000000015
decision_type=2 2 2 2 2 2 2 2 2 2 2 2 2 2
left_child=4 3 -3 9 -1 -5 -7 8 -8 -2 12 -12 -9 -14
right_child=1 2 -4 5 -6 6 7 10 -10 -11 11 -13 13 -15
leaf_value=-6.0612578230005532e-05 -0.0070845658190502323 -0.029350452737294638 0.018692963891055413 -0.017534981553249809 -0.0076036831780739965 -0.022089589556867951 0.0093161066789850429 -0.0038146123259653083 0.03850684244870077 0.012109016726562007 0.00032940882218093255 -0.024795893118992027 0.034709973267302137 0.0055634180151994837
leaf_weight=1448.9283073360566 237.51637520734221 6.3634115885943165 103.91544126160443 20.543981578201056 313.2699946439825 12.996013996191321 243.98931015376002 38.572338107042015 12.810740783810614 32.435729755088687 111.43237779289484 25.789540892466903 22.896153612993658 33.690328434109688
leaf_count=11758 1846 50 517 126 7054 116 1447 267 64 233 588 137 125 205
internal_value=0.000132819 0.00313248 0.0156819 0.00136901 -0.00140511 0.0045281 0.00546375 0.00623933 0.010916 -0.00474221 0.00104655 -0.00453788 0.00906291 0.0177547
internal_weight=2665.15 902.952 110.279 792.673 1762.2 522.721 502.177 489.181 256.8 269.952 232.381 137.222 95.1588 56.5865
internal_count=24533 5721 567 5154 18812 3075 2949 2833 1511 2079 1322 725 597 330
is_linear=0
shrinkage=0.04


Tree=109
num_leaves=15
num_cat=0
split_feature=20 50 56 76 70 86 43 19 44 44 53 6 55 55
split_gain=7.4561 7.90701 8.12743 7.30203 5.4337 5.31198 5.52109 9.39323 7.0428 6.46528 6.1921 6.14116 5.91515 5.69875
threshold=1.0000000180025095e-35 0.46875000000000006 0.34550000000000003 0.50000000000000011 2.7645000000000004 0.77985000000000015 1.0000000180025095e-35 0.18335000000000004 0.23610000000000003 0.15480000000000002 0.074500000000000011 0.45835000000000009 0.91300000000000014 0.34900000000000003
decision_type=2 2 2 2 2 2 2 2 2 2 2 2 2 2
left_child=1 2 -1 -4 -2 6 9 8 11 12 -10 -8 -3 -11
right_child=4 5 3 -5 -6 -7 7 -9 10 13 -12 -13 -14 -15
leaf_value=-0.014970901429943548 0.0049951637309238522 -0.0001647476635844226 -0.03186927297285793 0.00041814115313643655 0.024878276699906693 0.013140207191552655 0.010040174008910387 -0.02766782647504272 -0.023778539833529053 0.0059417210720850433 0.026119909691827731 -0.014886725434804156 0.022156165664591412 -0.015308935945260924
leaf_weight=112.85202739597298 105.25376325286925 1897.4126078411937 10.926185724325476 185.51424617599696 27.070505631156266 49.778935286216438 54.939236932899803 10.073257111012934 3.5699668982997528 26.304488321766257 47.10562026547268 21.074260782450438 18.187997061759233 79.859945030184463
leaf_count=2166 810 16356 125 2185 147 348 507 59 48 339 303 147 129 769
internal_value=3.84517e-07 -0.000487605 -0.00646666 -0.00153003 0.00921888 0.000352362 5.15066e-05 0.00779967 0.0108143 -0.000476215 0.0222126 0.00302578 5.86316e-05 -0.0100373
internal_weight=2649.92 2517.6 309.292 196.44 132.324 2208.31 2158.53 136.762 126.689 2021.77 50.6756 76.0135 1915.6 106.164
internal_count=24438 23481 4476 2310 957 19005 18657 1064 1005 17593 351 654 16485 1108
is_linear=0
shrinkage=0.04


Tree=110
num_leaves=15
num_cat=0
split_feature=19 22 55 11 22 10 60 55 70 54 86 18 57 5
split_gain=6.51654 6.33709 9.38019 9.05663 9.97068 7.67291 7.49907 7.02073 9.33671 7.83233 7.73419 6.98999 6.7407 6.79712
threshold=-0.41664999999999996 0.10835000000000002 0.63800000000000012 0.62500000000000011 0.058350000000000006 1.0000000180025095e-35 0.25650000000000006 0.34900000000000003 2.7645000000000004 0.38550000000000006 0.35875000000000007 0.075000000000000025 0.72800000000000009 0.70835000000000015
decision_type=2 2 2 2 2 2 2 2 2 2 2 2 2 2
left_child=-1 2 3 5 -5 -2 7 8 -3 10 -9 -6 -11 -14
right_child=1 6 -4 4 11 -7 -8 9 -10 12 -12 -13 13 -15
leaf_value=-0.0086400870847572614 -0.0094596151892479708 -0.036592217704202366 0.0081453981371274325 0.0019018243860057522 -0.020960996600249467 1.9706445755569308e-05 0.0042867895952300077 -0.0074517879197311511 0.031961915759097452 -0.0095665741075645263 0.028671142686120522 0.011626133094401197 0.02722946149163703 -0.019238456321491956
leaf_weight=139.24926752666943 390.76764761051163 17.850836610421542 145.63279678113759 672.9234310365282 51.423332913778722 209.77586483000778 836.72380205057561 15.277587572578339 3.0190044660121194 123.50225448701531 22.616986095905304 12.486965477466581 16.087870620191101 6.3145631682127705
leaf_count=1352 4950 164 1175 6863 346 2366 5997 170 11 840 95 76 105 43
internal_value=-0.000247842 0.000218323 -0.00146077 -0.00251213 0.00046032 -0.00615386 0.00260856 -0.00423981 -0.0256673 -0.00168106 0.0142907 -0.014513 -0.0058983 0.0138692
internal_weight=2663.65 2524.4 1483.01 1337.38 736.834 600.544 1041.39 204.669 20.8698 183.799 37.8946 63.9103 145.905 22.4024
internal_count=24553 23201 15776 14601 7285 7316 7425 1428 175 1253 265 422 988 148
is_linear=0
shrinkage=0.04


Tree=111
num_leaves=15
num_cat=0
split_feature=3 4 43 60 80 82 2 52 11 52 80 22 2 78
split_gain=7.92059 6.62997 6.19097 5.86922 5.17225 4.96663 6.10355 5.31615 4.84258 5.7569 4.48565 7.8078 7.16559 6.68439
threshold=0.8600000000000001 0.13400000000000004 1.0000000180025095e-35 0.43370000000000003 -1.0139999999999998 0.86550000000000005 0.25950000000000006 0.66470000000000007 0.87500000000000011 0.77600000000000013 0.020500000000000004 0.20835000000000004 0.082000000000000017 0.078600000000000017
decision_type=2 2 2 2 2 2 2 2 2 2 2 2 2 2
left_child=1 3 4 -1 -3 6 8 -8 9 -4 11 -6 -13 -12
right_child=-2 2 5 -5 10 -7 7 -9 -10 -11 13 12 -14 -15
leaf_value=0.0045654318842232875 0.025729623208428282 -0.032792176352816477 0.0079912048854313567 -0.02201578045761627 -0.004398319520342581 0.018508617565690996 -0.035118481393879769 0.0059052162670406904 0.027399056305031332 -0.019237166807328981 -0.0020064116617149836 -0.014184224920888649 0.0053933200985536748 0.0036614805274611502
leaf_weight=19.334635514533147 17.999152941629291 6.8605903261341146 70.863535661716014 39.512548498809338 759.37425991962664 46.56068897806108 10.334643065929415 8.6711252573877555 14.942388811148701 14.042458335869012 582.31282307999209 32.704618482384831 267.02089671697468 774.81839863676578
leaf_count=379 147 109 680 1047 9464 263 73 46 119 111 5389 404 2098 4243
internal_value=-5.10069e-06 -0.000189718 0.000114554 -0.013352 -0.000397843 0.00757772 0.00317689 -0.0170424 0.00715637 0.00331644 -0.000292335 -0.00224217 0.00321705 0.00122984
internal_weight=2665.35 2647.35 2588.51 58.8472 2423.09 165.415 118.854 19.0058 99.8484 84.906 2416.23 1059.1 299.726 1357.13
internal_count=24572 24425 22999 1426 21707 1292 1029 119 910 791 21598 11966 2502 9632
is_linear=0
shrinkage=0.04


Tree=112
num_leaves=15
num_cat=0
split_feature=20 9 11 46 55 54 59 53 4 57 4 75 87 36
split_gain=6.89396 5.59591 12.0399 8.80142 9.49039 9.01728 8.64351 9.53561 6.99297 7.12555 7.44084 6.05788 6.13373 10.1034
threshold=1.0000000180025095e-35 1.0000000180025095e-35 0.62500000000000011 1.8660500000000002 0.59700000000000009 0.52650000000000008 0.63335000000000008 0.12050000000000001 0.59250000000000014 0.52250000000000008 0.42650000000000005 0.18335000000000004 0.26575000000000004 1.0000000180025095e-35
decision_type=2 2 2 2 2 2 2 2 2 2 2 2 2 2
left_child=1 3 -3 11 5 -5 -4 -8 9 -9 -11 -1 -13 -14
right_child=-2 2 6 4 -6 -7 7 8 -10 10 -12 12 13 -15
leaf_value=0.028654418687643183 0.0085311905396187864 -0.0090369948465177131 -0.0052358547685148627 -0.054298771602372842 0.02110753008014073 0.0086264201881584082 -0.0011313751543111676 0.021742951045165534 -0.013356786850663193 -0.031398507239840452 0.01118132298518628 -0.00012165970037972268 0.0037561689659827307 0.029219298786304266
leaf_weight=11.676265642046927 137.21469171531498 344.36532101081684 240.20672062644735 12.398710206151014 5.1118536703288546 4.6648954860866061 182.63101316080429 88.494482073001564 13.773953245952724 8.0399366691708583 23.000965595245361 1365.6706789568998 198.77546875551343 27.585413267835975
leaf_count=57 968 4695 2980 64 16 30 2525 502 105 51 122 11305 1035 126
internal_value=-0.000167606 -0.000643248 -0.00317098 0.000757853 -0.0237173 -0.0375709 0.000470943 0.0048126 0.0129035 0.0160152 -0.000483069 0.00111086 0.000890985 0.00697409
internal_weight=2663.61 2526.4 900.512 1625.88 22.1755 17.0636 556.147 315.94 133.309 119.535 31.0409 1603.71 1592.03 226.361
internal_count=24581 23613 10980 12633 110 94 6285 3305 780 675 173 12523 12466 1161
is_linear=0
shrinkage=0.04


Tree=113
num_leaves=15
num_cat=0
split_feature=43 71 46 60 4 4 53 71 71 80 2 60 35 71
split_gain=7.73087 6.65795 5.86289 5.77946 5.03322 8.37873 9.1982 13.1715 11.5044 21.6758 10.2965 9.67532 8.15932 7.97924
threshold=1.0000000180025095e-35 -1.2364999999999997 0.66980000000000006 0.72625000000000017 0.62050000000000016 0.59250000000000014 0.19900000000000004 0.023500000000000004 0.22150000000000003 0.37050000000000005 0.29600000000000004 0.4008500000000001 -0.99029999999999985 -0.012499999999999999
decision_type=2 2 2 2 2 2 2 2 2 2 2 2 2 2
left_child=1 3 -2 -1 5 6 -3 -8 9 10 -9 -10 -7 -14
right_child=2 4 -4 -5 -6 12 7 8 11 -11 -12 -13 13 -15
leaf_value=-0.021831268552537961 0.004268343952376805 -0.0027837034187228617 0.02393826893835738 0.0072604776211053889 0.0031832150064781688 -0.051357268640287924 0.0086910984069822669 -0.040349195340302207 0.015400205891476844 0.015725769572482819 0.00060417743073812812 -0.005717623177691992 0.0033838262868963981 -0.021417605105912351
leaf_weight=42.346460036933422 144.90317526855506 1386.161289883079 28.290821570903063 14.053296316880731 419.18958227243274 7.3479262441396704 310.81687330920249 39.840957407839596 55.980150003917515 22.502568498253822 12.894739028066395 87.920107681304216 39.356523316819221 42.361565594561398
leaf_count=890 1269 15036 158 246 2910 44 2355 219 271 100 60 473 330 242
internal_value=-0.000545627 -0.00111717 0.00760036 -0.0145822 -0.00079804 -0.00163151 -0.00107048 0.00340747 -0.00409203 -0.0166571 -0.0305105 0.00254723 -0.0135553 -0.0095764
internal_weight=2653.97 2480.77 173.194 56.3998 2424.37 2005.18 1916.12 529.955 219.139 75.2383 52.7357 143.9 89.066 81.7181
internal_count=24603 23176 1427 1136 22040 19130 18514 3478 1123 379 279 744 616 572
is_linear=0
shrinkage=0.04


Tree=114
num_leaves=15
num_cat=0
split_feature=49 35 54 84 52 82 71 71 60 3 20 60 53 83
split_gain=6.10353 6.07979 5.22696 5.3985 5.36841 5.92473 5.70282 4.54771 10.0363 5.1435 4.73849 4.75048 5.85398 7.87912
threshold=1.0000000180025095e-35 -1.1101999999999999 0.40850000000000003 0.55405000000000015 0.69010000000000005 -1.0234999999999999 0.52950000000000019 0.81050000000000011 0.44010000000000005 0.56300000000000006 0.38335000000000008 0.16500000000000004 0.50250000000000006 0.86610000000000009
decision_type=2 2 2 2 2 2 2 2 2 2 2 2 2 2
left_child=1 -1 3 -3 5 -4 -7 10 9 -9 11 12 13 -2
right_child=7 2 4 -5 -6 6 -8 8 -10 -11 -12 -13 -14 -15
leaf_value=-0.032246140137648892 -0.013421277064739136 -0.013840986536410509 -0.017630844256368735 0.0040678786659480923 -0.012916388067783257 0.0207391342191015 -0.019333134394168894 0.026684049675471128 -0.0034453018623805511 -0.0092471648871988391 0.026880884167146585 0.00059554696551633428 -0.050098524986682644 0.009259891506618911
leaf_weight=12.46449141949415 71.593354534357786 102.02217254578136 9.4705120378639531 35.943042795639485 21.72110955324024 42.480517237912863 5.735761620104312 42.724844625219703 51.482352239079773 6.9512806199491015 9.6868700776249153 2191.841708871536 4.0253314618021241 36.141577621921897
leaf_count=132 714 2339 238 496 178 386 48 262 479 78 62 18894 24 216
internal_value=7.82955e-05 -0.00613583 -0.00449782 -0.00917963 0.00364947 0.0100009 0.0156762 0.00067213 0.00893133 0.0215729 0.000307257 0.000183897 -0.00782306 -0.0057973
internal_weight=2644.28 229.838 217.373 137.965 79.4079 57.6868 48.2163 2414.45 101.158 49.6761 2313.29 2303.6 111.76 107.735
internal_count=24546 3817 3685 2835 850 672 434 20729 819 340 19910 19848 954 930
is_linear=0
shrinkage=0.04


Tree=115
num_leaves=15
num_cat=0
split_feature=20 35 50 1 83 55 53 87 57 35 3 1 87 80
split_gain=5.71716 5.73134 5.4678 6.79471 5.21274 5.00991 6.31012 5.09797 6.11539 10.8601 8.11629 11.2145 7.39708 7.32751
threshold=1.0000000180025095e-35 -0.79789999999999994 0.46875000000000006 3.2825000000000002 -1.1537499999999998 0.91300000000000014 0.39750000000000008 0.26575000000000004 0.36750000000000005 -0.37834999999999991 0.29200000000000004 3.0665000000000004 0.33690000000000003 0.74650000000000005
decision_type=2 2 2 2 2 2 2 2 2 2 2 2 2 2
left_child=2 -2 3 -1 -3 7 -7 -4 -9 12 11 -11 -10 -12
right_child=1 4 5 -5 -6 6 -8 8 9 10 13 -13 -14 -15
leaf_value=-0.0072446264885205015 -0.0058821993397989575 -0.024113739717704152 -0.0013236938543234422 0.014992509552676104 0.015060943723983962 0.02887500879578267 -0.022651327402922132 0.0079054987547097222 0.026291800821289468 -0.0026850156018024302 -0.01537932512216522 0.033452287866315329 0.0039178785846685892 0.016832886180333649
leaf_weight=282.02028315188363 34.671314189210534 4.8885603556409469 1498.9872480807826 22.909533105790615 93.09727670904249 17.743184325285259 3.9744628993794313 244.03175094164908 26.727365681901574 104.04060850199312 117.89035201165825 14.812128230929373 164.31455083191395 11.664467008784412
leaf_count=4318 221 50 15011 146 679 133 22 1485 166 665 673 62 843 50
internal_value=-9.00973e-05 0.00797094 -0.000519291 -0.00553039 0.0128826 0.000176145 0.0188634 -1.83647e-05 0.00284219 1.89058e-05 -0.00548643 0.00206016 0.00716867 -0.0123724
internal_weight=2641.77 132.657 2509.12 304.93 97.9858 2204.19 21.7176 2182.47 683.481 439.449 248.408 118.853 191.042 129.555
internal_count=24524 950 23574 4464 729 19110 155 18955 3944 2459 1450 727 1009 723
is_linear=0
shrinkage=0.04


Tree=116
num_leaves=15
num_cat=0
split_feature=49 23 20 22 59 2 82 22 1 55 53 19 87 5
split_gain=7.18055 6.82093 7.13774 6.71362 9.19493 6.51638 6.11301 5.98753 7.06881 5.90701 7.02864 9.67228 7.99244 9.89176
threshold=0.58335000000000015 0.15500000000000003 0.15000000000000002 0.44165000000000004 0.63335000000000008 0.057500000000000009 -1.0382999999999998 0.12500000000000003 1.8535000000000001 0.26500000000000007 0.14200000000000002 -0.41664999999999996 0.65270000000000017 0.20835000000000001
decision_type=2 2 2 2 2 2 2 2 2 2 2 2 2 2
left_child=3 2 9 6 -5 -6 -1 -3 -9 -2 12 -12 13 -11
right_child=1 7 -4 4 5 -7 -8 8 -10 10 11 -13 -14 -15
leaf_value=-0.01131315837963792 -0.011751049728816385 -0.016273664506042423 0.021124749693667129 -0.0057148844434020876 -0.016950126768789237 0.024289226993776301 -0.0013176184447147503 -0.0076544972198629799 0.030619306825875731 0.012937681689290898 -0.0260885008321954 0.0021049948949384716 0.032025987511874035 -0.0015372527114077342
leaf_weight=104.1588646795135 39.361967865377665 51.527866516262293 36.129324703477323 39.540051899384707 6.2760507995262733 48.721106134355068 1424.7852460844442 21.94607553910464 10.680252922931684 177.24940426694229 19.263154444750398 496.79866297636181 20.636623691767454 130.7543135038577
leaf_count=3244 405 510 244 429 77 307 12851 190 52 1633 133 3161 110 1213
internal_value=0.000280484 0.00293728 0.00393599 -0.00136391 0.00892506 0.0193645 -0.00200551 -0.0079012 0.00541244 0.00321046 0.00392071 0.00100419 0.00848358 0.00680767
internal_weight=2627.83 1004.35 920.193 1623.48 94.5372 54.9972 1528.94 84.1542 32.6263 884.064 844.702 516.062 328.64 308.004
internal_count=24559 7651 6899 16908 813 384 16095 752 242 6655 6250 3294 2956 2846
is_linear=0
shrinkage=0.04


Tree=117
num_leaves=15
num_cat=0
split_feature=22 18 1 87 28 86 46 80 67 73 4 56 71 55
split_gain=6.72074 7.75628 6.79359 7.36153 7.30938 10.0372 8.4302 8.40271 8.15152 11.4442 12.0835 10.3199 7.21745 7.09702
threshold=0.44165000000000004 0.4250000000000001 1.5955000000000001 0.73825000000000007 0.36500000000000005 0.37785000000000007 1.1897000000000002 0.032500000000000008 1.0000000180025095e-35 0.79165000000000008 0.53200000000000014 0.63650000000000018 0.28950000000000004 0.84800000000000009
decision_type=2 2 2 2 2 2 2 2 2 2 2 2 2 2
left_child=2 -2 3 13 5 6 -4 8 9 10 -6 -11 -5 -1
right_child=1 -3 4 12 7 -7 -8 -9 -10 11 -12 -13 -14 -15
leaf_value=-0.0033122649214530875 0.0087670743908779564 -0.024611315523818865 -0.00054157044662216775 -0.01424113053679499 -0.020595614564549735 -0.019406111161558676 0.030376884468021829 0.0098943454758320531 0.018486436981607509 0.014839981047022468 0.0055112623138264191 -0.018381724947793325 0.018854990542573995 0.019795872429920616
leaf_weight=1260.2416761217173 204.02984751807526 10.827506881672887 488.30445903073996 12.821158139035104 76.420164421666414 43.814746847376227 13.528941346332429 289.75371755566448 31.280808657407761 69.462277828715742 44.214762271381915 18.082463681697845 45.624907597899437 20.646273409947753
leaf_count=13952 1515 124 4496 77 693 206 80 1695 266 437 284 143 316 195
internal_value=0.000216519 0.00697878 -0.000387946 -0.00228807 0.00197963 -0.00126833 0.000350715 0.00532453 -0.00022323 -0.00310946 -0.0110604 0.0078479 0.0114773 -0.00292464
internal_weight=2629.05 214.857 2414.2 1339.33 1074.86 545.648 501.833 529.214 239.46 208.18 120.635 87.5447 58.4461 1280.89
internal_count=24479 1639 22840 14540 8300 4782 4576 3518 1823 1557 977 580 393 14147
is_linear=0
shrinkage=0.04


Tree=118
num_leaves=15
num_cat=0
split_feature=78 80 30 53 18 59 18 86 55 56 18 7 78 46
split_gain=6.3034 5.63046 5.63813 5.21645 7.38678 7.45642 8.61774 8.50576 7.96695 6.57761 6.76192 11.3646 7.43917 6.62176
threshold=-0.43589999999999995 0.45450000000000007 0.85000000000000009 0.27150000000000007 -0.57499999999999984 0.70835000000000015 -0.3249999999999999 0.77200000000000013 0.62000000000000011 0.59900000000000009 -0.52499999999999991 0.54165000000000008 -0.29284999999999994 0.53985000000000005
decision_type=2 2 2 2 2 2 2 2 2 2 2 2 2 2
left_child=1 -1 -3 4 -2 -6 8 -8 -7 10 12 -12 -5 -11
right_child=3 2 -4 9 5 6 7 -9 -10 13 11 -13 -14 -15
leaf_value=-0.019179894517691282 0.0046977957554629598 -0.0061568876289966427 0.033197740136449244 0.030630099397310869 -0.0037031943722658106 -0.014945372151914304 0.0026577514781785695 0.032663617859336615 0.0099116063522215452 -0.0037358526362606709 0.0064406155886602146 0.028813863435794888 -0.010073280785908254 0.017434108680822111
leaf_weight=49.0929619835224 380.64426892017946 27.928588011302054 6.2962118927389374 7.5449891202151766 996.40389311569743 81.494405725039542 613.32482092548162 14.510235687717794 26.730732400901616 173.55761644849554 134.13696530787274 49.270063484087586 44.437444910407066 26.345711514353752
leaf_count=1089 3215 591 81 46 10982 559 5115 76 201 1140 835 265 326 132
internal_value=0.000125886 -0.0106344 0.00181996 0.000481718 -0.000340287 -0.00144929 0.0016027 0.00340207 -0.00877136 0.00446374 0.00898039 0.0125746 -0.00369878 -0.000872924
internal_weight=2631.72 83.3178 34.2248 2548.4 2113.11 1732.46 736.06 627.835 108.225 435.293 235.389 183.407 51.9824 199.903
internal_count=24653 1761 672 22892 20148 16933 5951 5191 760 2744 1472 1100 372 1272
is_linear=0
shrinkage=0.04


Tree=119
num_leaves=15
num_cat=0
split_feature=43 19 71 82 54 71 1 80 44 50 83 46 87 87
split_gain=5.77383 8.67363 7.02876 6.52074 5.86556 7.888 6.72618 6.18154 5.94801 5.59681 5.44794 7.09885 9.50938 7.07628
threshold=1.0000000180025095e-35 0.25000000000000006 -0.21249999999999997 -1.7406999999999997 0.38750000000000007 -0.90349999999999986 2.2125000000000008 -0.24949999999999997 0.26785000000000009 0.51040000000000008 -0.77519999999999989 1.0000000180025095e-35 0.65270000000000017 0.58025000000000015
decision_type=2 2 2 2 2 2 2 2 2 2 2 2 2 2
left_child=3 4 -3 -1 5 -2 7 -6 9 -9 11 -5 13 -13
right_child=1 2 -4 10 6 -7 -8 8 -10 -11 -12 12 -14 -15
leaf_value=-0.020525017425867653 -0.034494355378435149 0.012732897917706536 -0.052109561608952054 -0.0082742998948125319 -0.028942519755636636 0.021255613268082198 0.029567788980363351 0.020977311059726528 0.015362601127557045 -0.014909014906342387 0.00030392504639340293 0.0031035302187715909 0.035580576260952561 -0.042293136150675273
leaf_weight=25.206884628161788 3.4446265380829564 3.8122053220868111 5.960194952785967 263.5915819206275 10.405377722345291 64.756718022748828 11.811146751046179 7.8749279202893367 31.898689959198236 32.045259160920978 2085.2541328212246 60.804613684536889 12.780977993272243 5.030370580032467
leaf_count=810 75 30 34 4614 102 616 63 60 204 232 16962 629 60 25
internal_value=-0.000181083 0.00688155 -0.0279807 -0.000678999 0.00914004 0.0179821 0.00260541 -0.00157636 0.00273156 -0.00749019 -0.00046455 -0.00513452 0.00536456 -0.000946073
internal_weight=2624.68 172.009 9.7724 2452.67 162.237 68.2013 94.0354 82.2243 71.8189 39.9202 2427.46 342.208 78.616 65.835
internal_count=24516 1416 64 23100 1352 691 661 598 496 292 22290 5328 714 654
is_linear=0
shrinkage=0.04


Tree=120
num_leaves=15
num_cat=0
split_feature=2 20 85 67 53 70 52 84 40 53 26 18 54 18
split_gain=4.90828 4.58873 4.35894 4.7369 6.49531 8.8811 6.73798 5.16012 6.85419 8.83354 7.28613 5.81672 7.13011 5.65539
threshold=0.75500000000000012 -0.51664999999999994 0.87500000000000011 1.0000000180025095e-35 0.31150000000000005 1.0918500000000002 0.68235000000000012 0.35075000000000006 1.0000000180025095e-35 0.20550000000000002 0.115 -0.57499999999999984 0.45950000000000008 -0.72499999999999987
decision_type=2 2 2 2 2 2 2 2 2 2 2 2 2 2
left_child=1 -1 3 7 5 6 -5 8 13 10 -10 12 -12 -3
right_child=-2 2 -4 4 -6 -7 -8 -9 9 -11 11 -13 -14 -15
leaf_value=0.031238044996604507 0.024067982087351274 0.0051276631118529871 -0.014947744476732583 -0.0056510039367269329 -0.03257473059398619 0.017389899503876087 0.0098902018631633025 0.0010355828633085685 0.0036477419339596487 0.015246244120557037 0.016889218316754048 -0.020828569273553092 -0.042185226069614848 -0.0070918107541801476
leaf_weight=6.5833460520952931 12.821378381922839 68.903661078773439 29.531549063976854 98.085460068192333 6.0695888116024426 79.261183071183041 80.25066778017208 1519.6818423971999 126.02684998791665 63.595519283320755 15.613024962600322 43.609879108611494 3.0826564822345963 466.08407269406598
leaf_count=40 110 584 1074 1713 57 805 749 10472 1598 499 136 461 31 6239
internal_value=0.00029403 0.000167894 7.72361e-05 0.000255615 0.00532404 0.00633954 0.00135864 -0.000325812 -0.0029529 0.00248052 -0.00188793 -0.0129658 0.00550137 -0.00551138
internal_weight=2619.2 2606.38 2599.8 2570.26 263.667 257.597 178.336 2306.6 786.916 251.928 188.332 62.3056 18.6957 534.988
internal_count=24568 24458 24418 23344 3324 3267 2462 20020 9548 2725 2226 628 167 6823
is_linear=0
shrinkage=0.04


Tree=121
num_leaves=15
num_cat=0
split_feature=3 46 21 35 82 58 56 57 70 4 56 60 84 20
split_gain=5.0055 5.23217 5.64697 4.76875 5.10762 6.66185 4.669 4.49653 4.45152 3.81848 5.9092 4.86295 3.98359 7.54149
threshold=0.8600000000000001 -0.84124999999999994 0.89000000000000012 -0.55024999999999991 0.85025000000000006 0.63335000000000008 0.63550000000000006 0.32750000000000007 1.3802500000000002 0.13400000000000004 0.12600000000000003 0.43370000000000003 0.68995000000000006 -0.21664999999999998
decision_type=2 2 2 2 2 2 2 2 2 2 2 2 2 2
left_child=1 2 -1 4 5 -4 -6 -5 -9 11 -11 -3 13 -12
right_child=-2 9 3 7 6 -7 -8 8 -10 10 12 -13 -14 -15
leaf_value=-0.016578565641248443 0.020693350865815804 0.0056461886285863313 -0.010272915433318361 -0.026552835288062859 -0.055600510408024231 0.022529262987930405 -0.0032767500302260922 0.028119921624729469 -0.0059108822960644986 0.02230505379311918 0.012757462162578503 -0.018850171041642206 0.0040234937951907791 -0.0013168905532141464
leaf_weight=66.586060471599922 16.482630088925362 19.118023297283798 39.398687651380897 3.4363296232186284 5.1412970442324859 12.132803033106027 5.1498807240277529 17.927488007117066 8.6632672194391471 17.727788782212883 61.843657399062067 36.953696002718061 302.57486113999039 1987.4682681290433
leaf_count=1345 140 358 444 109 33 73 38 218 79 204 540 962 2467 17510
internal_value=-0.000638717 -0.000782734 -0.00780193 -0.00132932 -0.00765251 -0.00226797 -0.032026 0.0115165 0.0172203 -0.000321243 -7.49652e-05 -0.0105454 -0.000253067 -0.000886143
internal_weight=2600.6 2584.12 158.436 91.8498 61.8227 51.5315 10.2912 30.0271 26.5908 2425.69 2369.61 56.0717 2351.89 2049.31
internal_count=24520 24380 2339 994 588 517 71 406 297 22041 20721 1320 20517 18050
is_linear=0
shrinkage=0.04


Tree=122
num_leaves=15
num_cat=0
split_feature=20 87 52 81 71 62 70 29 46 83 5 4 57 4
split_gain=6.95605 5.6585 6.21963 8.73005 9.87263 12.7049 6.59051 6.85563 5.94796 5.8832 6.33607 9.4274 11.2784 8.0483
threshold=0.38335000000000008 0.50600000000000012 0.54265000000000019 1.0000000180025095e-35 0.049500000000000009 1.0000000180025095e-35 2.2928500000000005 1.0000000180025095e-35 2.3428000000000004 -1.1254499999999996 0.37500000000000006 0.48150000000000004 0.36050000000000004 0.38750000000000007
decision_type=2 2 2 2 2 2 2 2 2 2 2 2 2 2
left_child=1 2 9 8 6 -6 -5 -8 -4 -1 11 -11 -13 -12
right_child=-2 -3 3 4 5 -7 7 -9 -10 10 13 12 -14 -15
leaf_value=-0.015137748962830115 0.030767683014425815 0.0040004082764784248 0.004784051752369527 0.00047276664728407173 -0.0047845113822206561 -0.031989919289082527 -0.0094999795288739797 0.033635250781258723 0.047220751593888423 -0.0041364876705188083 0.0042341415513010537 0.019925956008310312 0.00092235252535235654 -0.011144260097975625
leaf_weight=61.77107434743084 10.525104166939853 399.01643707789481 438.89348889654502 361.45223086560145 206.50536330183968 30.782092751935124 7.9225985808298018 18.484334005042911 4.3647531187161794 474.26204489450902 70.944646536372602 62.207036193460226 239.08854557387531 226.97020489862189
leaf_count=1451 68 2258 3501 3144 1523 194 90 110 20 6952 1038 477 1925 1955
internal_value=-0.000239498 -0.000376659 -0.00117067 0.00101948 -0.00202439 -0.00843317 0.00190802 0.0208194 0.00530728 -0.00323096 -0.00253235 -0.000624562 0.00489887 -0.00748018
internal_weight=2613.19 2602.66 2203.65 1068.4 625.147 237.287 387.859 26.4069 443.258 1135.24 1073.47 775.558 301.296 297.915
internal_count=24706 24638 22380 8582 5061 1717 3344 200 3521 13798 12347 9354 2402 2993
is_linear=0
shrinkage=0.04


Tree=123
num_leaves=15
num_cat=0
split_feature=25 16 86 86 83 71 60 38 19 87 11 53 34 3
split_gain=6.58644 5.57115 11.4541 9.73129 6.27814 5.60463 8.76958 6.03442 5.46291 5.41432 7.37596 8.22058 8.67902 7.65156
threshold=1.0000000180025095e-35 1.0000000180025095e-35 0.36195000000000005 0.28175000000000006 1.6669000000000003 0.36050000000000004 0.67500000000000016 1.0000000180025095e-35 -0.68334999999999979 0.14465000000000003 0.62500000000000011 0.23750000000000002 1.0000000180025095e-35 0.48500000000000004
decision_type=2 2 2 2 2 2 2 2 2 2 2 2 2 2
left_child=1 2 3 4 5 7 -7 -1 -2 -10 11 -11 -13 -14
right_child=8 -3 -4 -5 -6 6 -8 -9 9 10 -12 12 13 -15
leaf_value=-0.0025935554154127762 -0.020944091077809413 0.0061803439209708955 -0.0349559942211684 0.032297205155673955 -0.025749192696006468 -0.0059213029218342711 0.014906373638072684 -0.012150859883589295 0.00019782821572568798 -0.0077211507482262036 0.0091372421693877923 0.03723054370115049 0.0098378536688384557 -0.034119145183922811
leaf_weight=395.837189914193 16.550907195080072 91.171872059348971 17.962856815662235 10.998818859457968 19.718376606702805 66.268007600912824 61.450493797194213 143.61982446862385 1324.8045589404646 109.91618280578405 285.73820134345442 13.96638374449685 31.384262618608773 6.8784027285873881
leaf_count=4919 149 923 116 58 151 698 628 2671 11278 905 1642 88 177 38
internal_value=-8.76921e-05 -0.00308534 -0.0042724 -0.00343376 -0.00405202 -0.00337318 0.00413768 -0.00515577 0.00126535 0.0014844 0.00528108 -0.00152874 0.0114034 0.00126806
internal_weight=2596.27 807.027 715.856 697.893 686.894 667.176 127.719 539.457 1789.24 1772.69 447.883 162.145 52.229 38.2627
internal_count=24441 10164 9241 9125 9067 8916 1326 7590 14277 14128 2850 1208 303 215
is_linear=0
shrinkage=0.04


Tree=124
num_leaves=15
num_cat=0
split_feature=59 18 11 60 57 19 81 35 70 7 55 56 86 69
split_gain=5.7205 7.11492 5.79671 10.3609 9.23462 8.3443 7.52663 6.21231 5.44443 9.67443 8.08383 7.72496 6.38972 5.31716
threshold=0.55000000000000016 0.22500000000000003 0.62500000000000011 0.18275000000000005 0.64350000000000007 -0.38334999999999997 1.0000000180025095e-35 0.036950000000000004 1.8231500000000003 0.62500000000000011 0.5675 0.41550000000000004 0.64610000000000012 0.90000000000000013
decision_type=2 2 2 2 2 2 2 2 2 2 2 2 2 2
left_child=1 -1 4 -4 6 -5 7 -2 12 -10 -11 -12 -8 -3
right_child=2 13 3 5 -6 -7 8 -9 9 10 11 -13 -14 -15
leaf_value=-0.00031261427916044965 0.0054450740013422573 -0.014468499720696398 -0.011740104329151518 -0.01275683464582123 0.0099104433635264569 0.0063084306927194255 -0.0031288617537101344 -0.013841287504737482 -0.02892471701644413 0.016134574208981792 0.014940779407412601 -0.056602208871860078 -0.043410639597985717 -0.0027081095978182456
leaf_weight=984.38793371873908 164.36019787169062 108.68231696565636 60.540950969792902 37.800234411843121 97.038675514049828 716.06827581394464 188.26832099864259 30.893670242279768 43.427148783579469 18.438971967436377 3.460812943056224 5.0220562964677811 5.5308688236400476 141.38431282667443
leaf_count=9428 1390 2120 457 346 743 5618 1615 286 405 127 27 40 32 1874
internal_value=0.000128446 -0.00184594 0.00190644 0.00405454 -0.00123917 0.00533683 -0.0036107 0.00233855 -0.00800051 -0.0174581 0.00141201 -0.0289167 -0.00449542 -0.0078566
internal_weight=2605.3 1234.45 1370.85 814.409 556.441 753.869 459.402 195.254 264.148 70.349 26.9218 8.48287 193.799 250.067
internal_count=24508 13422 11086 6421 4665 5964 3922 1676 2246 599 194 67 1647 3994
is_linear=0
shrinkage=0.04


Tree=125
num_leaves=15
num_cat=0
split_feature=49 56 54 52 56 79 1 82 80 26 80 80 71 71
split_gain=5.85337 7.31611 5.27723 5.17446 6.74742 5.06409 5.54529 5.14031 4.92506 4.90209 4.72775 4.62913 5.03727 7.71032
threshold=1.0000000180025095e-35 0.14400000000000002 0.74150000000000016 0.11435000000000002 0.72250000000000003 0.70835000000000015 3.2825000000000002 -1.2321999999999997 1.018 0.76000000000000012 -0.020499999999999997 0.27050000000000007 0.23750000000000002 0.37950000000000006
decision_type=2 2 2 2 2 2 2 2 2 2 2 2 2 2
left_child=5 -2 -3 -4 -5 6 8 -7 11 10 -6 12 -1 -14
right_child=1 2 3 4 9 7 -8 -9 -10 -11 -12 -13 13 -15
leaf_value=-0.013056969900396398 0.021036735195647954 -0.0006743408884681885 -0.019889632423930076 0.021372337094489619 0.020234824923471176 -0.028655283061433164 0.025626725104549757 0.0058602517173389091 0.033656868744834527 0.010499951507394401 -0.019551603839835372 -0.026086289790908847 0.036202566841546269 -0.012086538665504526
leaf_weight=95.154755824478343 25.182748962426558 2223.549624088686 9.0718475040048343 48.080939639359713 5.2064413148909834 6.7342278263531616 5.5630649980157605 63.637064155656844 2.7431231900118282 40.313392888754606 21.325596276670694 33.785954420920461 8.2319462494924682 11.565584051655604
leaf_count=2143 310 19609 82 294 34 225 33 749 25 298 132 423 73 155
internal_value=-0.000579371 9.35974e-06 -0.000225068 0.00777229 0.0101086 -0.00669501 -0.0106705 0.00220205 -0.0121628 0.00181108 -0.0112928 -0.013227 -0.00925505 0.00876766
internal_weight=2600.15 2372.73 2347.55 123.998 114.926 227.416 157.044 70.3713 151.481 66.8454 26.532 148.738 114.952 19.7975
internal_count=24585 20759 20449 840 758 3826 2852 974 2819 464 166 2794 2371 228
is_linear=0
shrinkage=0.04


Tree=126
num_leaves=15
num_cat=0
split_feature=71 9 78 56 1 31 34 86 83 4 82 52 60 84
split_gain=6.46374 5.07908 6.85193 6.22942 6.83289 5.81748 6.04391 10.7637 5.83899 5.72218 8.63159 5.69524 8.9772 6.17144
threshold=-0.98549999999999993 1.0000000180025095e-35 0.30775000000000002 0.52450000000000008 0.50150000000000017 1.0000000180025095e-35 0.50000000000000011 0.12055 -0.49324999999999997 0.25300000000000006 0.97685000000000011 0.69010000000000005 0.2737500000000001 0.057750000000000003
decision_type=2 2 2 2 2 2 2 2 2 2 2 2 2 2
left_child=-1 5 -3 4 -4 11 -7 -8 9 10 -9 13 -13 -2
right_child=1 2 3 -5 -6 6 7 8 -10 -11 -12 12 -14 -15
leaf_value=-0.0089376791802814205 -0.01452517092256282 -0.0042992561242167701 -0.0155738231822872 -0.013395882457736291 0.010179007916363645 -0.015197038013743747 0.010604365096214208 -0.024826044436229312 -0.0022239915859790706 -0.02893588137353011 0.037724353514650227 -0.0077597251370499758 0.0099656044323383694 0.0019023790660643262
leaf_weight=133.57885189610533 37.592985960654914 670.66998018301092 17.70331016369164 26.287402948364615 143.80086939968169 50.290526451077312 102.54309133579955 6.8087960090488178 300.60115358512849 26.002532050013542 5.4526527617126703 53.280372906476259 295.5848466088064 705.48250908544287
leaf_count=2583 980 9049 146 151 768 355 914 65 1801 225 18 346 1928 5085
internal_value=-0.000403433 6.68438e-05 -0.00240915 0.0043281 0.00727764 0.00140971 -0.00220012 -0.000688349 -0.00412675 -0.0186375 0.0037372 0.00303573 0.00724407 0.00105289
internal_weight=2575.68 2442.1 858.462 187.792 161.504 1583.64 491.699 441.408 338.865 38.264 12.2614 1091.94 348.865 743.075
internal_count=24414 21831 10114 1065 914 11717 3378 3023 2109 308 83 8339 2274 6065
is_linear=0
shrinkage=0.04


Tree=127
num_leaves=15
num_cat=0
split_feature=71 3 83 20 75 60 60 78 3 53 46 60 77 7
split_gain=5.76494 4.74688 4.87539 4.43793 8.83195 4.21976 4.20918 5.66975 3.79636 6.66562 3.75348 5.52645 8.49956 9.58745
threshold=-0.96949999999999992 0.8600000000000001 2.0663000000000005 0.31665000000000004 0.56350000000000011 0.41015000000000007 0.2737500000000001 0.74340000000000017 0.40950000000000003 0.18750000000000003 1.31945 0.72625000000000017 1.0000000180025095e-35 0.79165000000000008
decision_type=2 2 2 2 2 2 2 2 2 2 2 2 2 2
left_child=6 3 -3 10 -5 -6 -1 8 -8 -10 -2 12 13 -12
right_child=1 2 -4 4 5 -7 7 -9 9 -11 11 -13 -14 -15
leaf_value=-0.021869381625666321 8.047107010365435e-05 -0.00407491768990423 0.042700489517845337 0.042423814322724199 0.016556037703624703 -0.037413247448546343 -0.011205724876589693 0.027853758303573065 0.034948768266619273 -0.0062727310761604566 0.014850880507986377 0.021809863569573738 -0.018562990969262418 -0.017100585844928077
leaf_weight=25.76306730741635 2274.4836249982473 5.7975074835121614 7.637962818145752 10.309130959212782 3.6271259468048802 3.8361505912616849 76.996430165367201 7.2465381529182187 7.787229920737448 21.186695660464466 70.934579549357295 29.698013867251575 22.989388489164412 18.098481031134725
leaf_count=510 20755 46 81 55 25 30 1811 44 99 218 409 171 126 97
internal_value=0.000310713 0.000761965 0.0236325 0.000626067 0.02 -0.0123273 -0.00758444 -0.00417082 -0.00660066 0.00560259 0.000475348 0.00676778 0.00262233 0.00823805
internal_weight=2586.39 2447.41 13.4355 2433.98 17.7724 7.46328 138.98 113.217 105.97 28.9739 2416.2 141.72 112.022 89.0331
internal_count=24477 21795 127 21668 110 55 2682 2172 2128 317 21558 803 632 506
is_linear=0
shrinkage=0.04


Tree=128
num_leaves=15
num_cat=0
split_feature=18 82 56 80 4 7 28 2 4 35 53 84 19 56
split_gain=6.05311 7.75006 4.12917 6.16897 5.58483 5.39618 5.41854 7.82897 7.76857 6.51414 5.91477 4.98269 4.89017 4.70218
threshold=-0.92499999999999993 -0.86289999999999989 0.27650000000000008 0.95250000000000001 0.28350000000000003 0.95835000000000015 0.8650000000000001 0.030500000000000003 0.20250000000000004 -1.0263499999999997 0.056500000000000009 0.66190000000000015 0.51665000000000016 0.27350000000000008
decision_type=2 2 2 2 2 2 2 2 2 2 2 2 2 2
left_child=1 -1 3 5 -5 6 7 -2 10 -9 -8 12 -4 -11
right_child=2 -3 11 4 -6 -7 8 9 -10 13 -12 -13 -14 -15
leaf_value=-0.021967156027728533 -0.015298377026777455 0.021874312233071378 -0.0005643492837023508 0.044496872357057987 -0.0096023761456827273 0.032828609505156682 0.038527648484964865 0.032686492401307068 -0.030615340356655928 0.00071875127137144518 -0.0151213250673039 0.0043371202376877071 -0.030059057450945437 -0.038043007365859485
leaf_weight=6.953940055333077 68.250134000554681 36.380495072342455 1921.7480000641663 6.3536950079724175 4.7093832455575466 4.4060324914753428 4.5168014839291555 8.9333456228487176 31.00032389909029 101.96345358574763 7.2334862779825926 373.80394857237116 8.0368948671966773 4.2643878730013958
leaf_count=103 1607 267 17536 37 32 31 35 56 302 1386 126 2924 54 46
internal_value=-0.000150995 0.0145022 -0.000406075 -0.0053694 0.0225807 -0.00680222 -0.00771542 -0.00466889 -0.0203803 0.00170813 0.00690558 0.000116649 -0.000702689 -0.00117757
internal_weight=2588.55 43.3344 2545.22 241.631 11.0631 230.568 226.162 183.411 42.7506 115.161 11.7503 2303.59 1929.78 106.228
internal_count=24542 370 24172 3658 69 3589 3558 3095 463 1488 161 20514 17590 1432
is_linear=0
shrinkage=0.04


Tree=129
num_leaves=15
num_cat=0
split_feature=20 80 35 22 78 57 55 80 78 35 75 75 60 23
split_gain=5.34955 5.33422 5.34611 8.47406 4.88281 5.97663 7.18665 6.26262 6.64178 6.3125 6.24947 5.94008 7.25774 6.0121
threshold=0.21665000000000004 0.46350000000000008 0.49805000000000005 0.10835000000000002 0.13415000000000002 0.17950000000000002 0.37700000000000006 0.89050000000000018 0.19775000000000001 1.4779500000000001 0.63335000000000008 0.38750000000000007 0.76100000000000012 0.03500000000000001
decision_type=2 2 2 2 2 2 2 2 2 2 2 2 2 2
left_child=4 2 3 -2 -1 -6 -7 8 9 10 11 13 -13 -8
right_child=1 -3 -4 -5 5 6 7 -9 -10 -11 -12 12 -14 -15
leaf_value=-0.0022675980297425236 -0.023351451515854871 0.028908202061500871 0.027087929342535622 0.016167070186069849 -0.016392576681897256 0.0060844904045976927 -0.03293064676818306 0.01626794839256902 -0.0041095057028154216 -0.019650410707355286 -0.0081589457060895609 0.024022734636231759 -0.015385826188918214 0.01640463117167967
leaf_weight=1484.5621599220904 17.333904998842627 17.770152486860752 10.262202289886771 15.541422305628656 28.568169240839779 388.94406110141426 6.9056666828691942 31.200315056368709 446.74139988934621 12.304041800089179 23.945230089128017 61.84372301120311 7.7979554310441008 7.018362520262599
leaf_count=17521 159 104 79 112 257 2591 44 161 2772 90 152 364 48 40
internal_value=-0.000518931 0.0110969 0.00327098 -0.00474378 -0.000806272 0.00133066 0.00185988 -0.00089453 -0.00186667 0.00646076 0.0096026 0.0147284 0.0194547 -0.00863041
internal_weight=2560.74 60.9077 43.1375 32.8753 2499.83 1015.27 986.701 597.757 566.556 119.815 107.511 83.5657 69.6417 13.924
internal_count=24494 454 350 271 24040 6519 6262 3671 3510 738 648 496 412 84
is_linear=0
shrinkage=0.04


Tree=130
num_leaves=15
num_cat=0
split_feature=20 52 28 52 2 53 3 70 54 2 70 19 56 54
split_gain=6.04195 7.85606 5.24403 6.0815 5.88221 5.0068 6.43023 7.51672 6.30188 8.64861 8.67308 8.39355 9.42535 7.88027
threshold=-1.0000000180025095e-35 0.54265000000000019 0.89500000000000013 0.18065000000000001 0.065000000000000016 0.36650000000000005 0.27850000000000008 0.96435000000000015 0.55850000000000011 0.12300000000000001 2.8777500000000003 -0.18334999999999999 0.46350000000000008 0.59900000000000009
decision_type=2 2 2 2 2 2 2 2 2 2 2 2 2 2
left_child=1 2 4 -4 -1 8 -7 -8 -2 -10 13 12 -12 -11
right_child=5 -3 3 -5 -6 6 7 -9 9 10 11 -13 -14 -15
leaf_value=0.012614107361448919 0.00043507045270379597 0.020881634005023617 -0.021289956542006494 0.029900118392571957 -0.023045651647143509 0.032971347229237377 0.017653626884540308 -0.0011261552779049837 0.0053106722048234557 -0.019591363558778923 0.019538779265380685 0.01102746232934144 -0.041033446015960519 -0.0055173864619022673
leaf_weight=10.401803614106031 1839.4244734072126 50.196628286037594 4.3475262061692801 12.200121603906153 20.88522457703948 12.431745545007287 46.431141593493521 120.95694686938077 101.58082136930898 108.48063758481294 5.5568807888776091 58.926353609655052 10.834071226418017 154.83487559948117
leaf_count=175 19198 360 36 97 232 85 330 772 908 792 30 349 61 1068
internal_value=0.000303456 0.00999048 -0.00163202 0.0160042 -0.0111666 -8.65613e-05 0.00632039 0.004157 -0.000594497 -0.00488776 -0.00795365 0.00397494 -0.0205555 -0.0113678
internal_weight=2557.49 98.0313 47.8347 16.5476 31.287 2459.46 179.82 167.388 2279.64 440.214 338.633 75.3173 16.391 263.316
internal_count=24493 900 540 133 407 23593 1187 1102 22406 3208 2300 440 91 1860
is_linear=0
shrinkage=0.04


Tree=131
num_leaves=15
num_cat=0
split_feature=68 43 56 56 42 58 82 55 35 1 82 86 19 60
split_gain=5.55864 5.5824 4.66321 5.20928 6.26583 7.07503 6.08323 5.75093 4.84017 4.64847 4.4251 4.24414 4.12376 5.89539
threshold=0.83335000000000015 1.0000000180025095e-35 0.40650000000000003 0.41950000000000004 1.0000000180025095e-35 0.70835000000000015 -0.67339999999999989 0.58450000000000013 0.99620000000000009 2.2375000000000003 -1.6997499999999997 0.49950000000000006 -0.41664999999999996 0.23200000000000004
decision_type=2 2 2 2 2 2 2 2 2 2 2 2 2 2
left_child=1 10 8 -4 5 6 7 -5 11 -10 -1 -3 13 -12
right_child=-2 2 3 4 -6 -7 -8 -9 9 -11 12 -13 -14 -15
leaf_value=-0.016410350159989723 -0.026170389610104171 0.023044865356684454 -0.034170651633196172 0.030959673161611391 0.046862223326856939 0.012046408722860603 -0.022271005816482742 -0.02122168553082977 -0.021244741059501554 0.02962693975865845 0.016020274427936614 -0.0063986760985439662 0.00018090431490623264 -0.010474292052609396
leaf_weight=26.298612055368721 11.958689317805691 54.122464070562273 5.286626247689127 7.6307540596462768 4.031737968325614 41.832722045015544 25.753487519919872 4.6674229260534048 9.5132083520293218 2.9963792730122796 14.397018443793057 8.6885765679180604 2242.1852219211869 109.40742435539141
leaf_count=845 356 469 46 76 27 325 190 47 141 22 108 54 20661 1129
internal_value=-3.87873e-05 9.36189e-05 0.00719785 0.00097632 0.00356687 0.000829412 -0.0114949 0.0110491 0.0144567 -0.00776855 -0.000397759 0.0189355 -0.000212917 -0.00728961
internal_weight=2568.77 2556.81 164.523 89.2028 83.9161 79.8844 38.0517 12.2982 75.3206 12.5096 2392.29 62.811 2365.99 123.804
internal_count=24496 24140 1397 711 665 638 313 123 686 163 22743 523 21898 1237
is_linear=0
shrinkage=0.04


Tree=132
num_leaves=15
num_cat=0
split_feature=20 55 50 55 55 58 55 55 55 68 55 86 28 22
split_gain=7.37508 6.67681 5.14711 5.49613 4.4926 6.90813 4.35668 4.31883 4.68113 3.84044 3.83687 6.0948 5.45248 4.23715
threshold=1.0000000180025095e-35 0.25400000000000006 0.36460000000000009 0.89450000000000018 0.6120000000000001 0.70835000000000015 0.77600000000000013 0.70700000000000007 0.56100000000000017 0.83335000000000015 0.7965000000000001 0.50430000000000008 0.92500000000000016 0.15835000000000002
decision_type=2 2 2 2 2 2 2 2 2 2 2 2 2 2
left_child=2 -2 7 9 -3 6 -6 8 -1 10 -4 13 -13 -12
right_child=1 4 3 -5 5 -7 -8 -9 -10 -11 11 12 -14 -15
leaf_value=-0.012418515332527389 -0.022722045201124755 0.015308091470040593 -1.5144304933022361e-05 0.018608816564725562 -0.04197745091844346 0.018779255841127 0.0076131449770674934 -0.049317221192660327 0.012404838369168045 -0.022943568037010441 -0.0075029340022945128 0.024900682957874162 -0.021111080827097957 -0.034337726676492299
leaf_weight=66.581544670043513 8.7810492152348143 98.830697535537183 2275.953370418516 23.627839663997293 7.2276317905634659 9.6857613278552872 3.9132720110937953 3.3290839781984678 13.973693918436764 11.014580311253665 22.933660488575697 11.007411899976434 5.3671921314671627 15.90604338981211
leaf_count=1215 75 742 21275 186 61 60 23 46 144 319 193 68 33 117
internal_value=-4.48601e-05 0.00926057 -0.000536327 -0.000189013 0.0117765 -0.00491596 -0.0253663 -0.0102141 -0.00801317 -0.000386506 -0.000270133 -0.0105936 0.00947213 -0.0190787
internal_weight=2578.13 128.438 2449.69 2365.81 119.657 20.8267 11.1409 83.8843 80.5552 2342.18 2331.17 55.2143 16.3746 38.8397
internal_count=24557 961 23596 22191 886 144 84 1405 1359 22005 21686 411 101 310
is_linear=0
shrinkage=0.04


Tree=133
num_leaves=15
num_cat=0
split_feature=68 19 53 3 19 20 1 55 83 86 15 70 1 35
split_gain=5.00121 4.4422 4.37969 5.86326 5.69353 5.21468 4.99127 4.6178 5.19796 4.31989 8.60151 6.43384 6.76609 9.87387
threshold=0.83335000000000015 0.51665000000000016 0.062500000000000014 0.10100000000000002 0.48335000000000006 -0.51664999999999994 0.53850000000000009 0.56600000000000006 0.053700000000000005 0.38935000000000003 1.0000000180025095e-35 3.6916500000000005 2.8320000000000003 -0.58179999999999987
decision_type=2 2 2 2 2 2 2 2 2 2 2 2 2 2
left_child=1 2 3 6 5 -4 -1 -5 -9 -7 -11 12 -12 -14
right_child=-2 -3 4 7 -6 9 -8 8 -10 10 11 -13 13 -15
leaf_value=-0.011655195154074838 -0.025879804695458208 -0.026711282331819578 0.037395461256515432 -0.012353137309069451 0.030571519188272146 0.0009938158886213474 0.016467569629232036 -0.0067392024557788267 0.042448852311287102 -0.019030813933167176 -0.0002291546450942827 0.02473670012213082 -0.00312349560987169 -0.030912909641046187
leaf_weight=14.660686856601385 11.379220109898595 9.2206605691462737 4.9677799483761182 129.6858677379787 8.8210574407130462 1717.4778115639929 27.87330338335596 8.621071861125527 4.4818046279251567 47.700707871001214 470.66788048576564 13.56023273617029 65.077737375162542 29.014865625649691
leaf_count=313 356 63 35 1733 55 17974 410 94 30 291 2711 60 330 162
internal_value=-0.000516596 -0.000393402 -0.000287498 -0.00619129 0.000179069 5.19485e-05 0.0067291 -0.0100601 0.0119024 -4.31293e-05 -0.00288502 -0.00152274 -0.00219585 -0.0119277
internal_weight=2563.21 2551.83 2542.61 185.323 2357.29 2348.47 42.534 142.789 13.1029 2343.5 626.021 578.321 564.76 94.0926
internal_count=24617 24261 24198 2580 21618 21563 723 1857 124 21528 3554 3263 3203 492
is_linear=0
shrinkage=0.04


Tree=134
num_leaves=15
num_cat=0
split_feature=71 1 84 71 84 20 83 46 74 78 57 19 18 52
split_gain=4.89342 6.93526 4.68952 4.59618 9.93367 5.49785 5.48274 5.32774 5.85672 6.65677 9.21108 6.9011 6.45733 6.4353
threshold=-1.2364999999999997 2.0530000000000004 0.12895000000000004 -0.030499999999999996 0.69855000000000012 -0.41664999999999996 -1.1128999999999998 1.31945 1.0000000180025095e-35 -0.11459999999999999 0.42350000000000004 -0.34999999999999992 -0.92499999999999993 0.093050000000000008
decision_type=2 2 2 2 2 2 2 2 2 2 2 2 2 2
left_child=1 -1 -3 6 5 -5 -2 8 -8 10 -10 -11 -13 -12
right_child=3 2 -4 4 -6 -7 7 -9 9 11 13 12 -14 -15
leaf_value=-0.019295282475621525 -0.0082428032266995757 -0.014369929207855396 0.029325692453754968 0.02923248009903702 0.0052877056301266576 -0.0035875697281298074 -0.0020037881736431917 0.015582485682164332 0.0070752040978579464 -0.011691293428790253 -0.035721493412940578 0.034050980316632222 0.0062749103079167484 -0.0066185767829859167
leaf_weight=42.07958973897621 74.638026798609644 5.8026206484064451 8.7172992965206486 7.2527655474841586 284.26609169086441 883.71772826113738 354.30518329935148 49.493179808370769 83.728885513730347 32.806802089326084 13.326986875385044 12.74914296530187 623.34740188973956 85.660617279820144
leaf_count=959 1449 168 67 40 2509 6061 5326 328 1247 306 198 72 4843 926
internal_value=0.000346407 -0.011181 0.0120628 0.00061119 -0.00121093 -0.00328793 0.00222091 0.00284907 0.00231399 0.00411059 -0.00264471 0.00595705 0.00688419 -0.0108549
internal_weight=2561.89 56.5995 14.5199 2505.29 1175.24 890.97 1330.06 1255.42 1205.93 851.62 182.716 668.903 636.097 98.9876
internal_count=24499 1194 235 23305 8610 6101 14695 13246 12918 7592 2371 5221 4915 1124
is_linear=0
shrinkage=0.04


Tree=135
num_leaves=15
num_cat=0
split_feature=3 25 46 54 67 45 34 78 53 55 1 5 86 46
split_gain=5.52863 4.66927 5.55969 5.2763 5.19674 7.49854 5.88128 9.46905 6.70896 6.9707 6.49088 6.45288 7.03283 6.03367
threshold=0.85400000000000009 1.0000000180025095e-35 -0.66979999999999984 0.18250000000000002 1.0000000180025095e-35 0.55000000000000016 1.0000000180025095e-35 0.091150000000000023 0.27150000000000007 0.36550000000000005 1.6770000000000003 0.12500000000000003 0.62170000000000014 1.0000000180025095e-35
decision_type=2 2 2 2 2 2 2 2 2 2 2 2 2 2
left_child=1 2 -1 -4 6 -6 7 13 9 10 -9 12 -8 -3
right_child=-2 4 3 -5 5 -7 11 8 -10 -11 -12 -13 -14 -15
leaf_value=-0.020134195995070041 0.022574548470354842 0.0020048952090076103 -0.018892087066365061 -0.0015902005198236509 -0.0010500739946240406 0.020245348954690739 0.0010384931595650829 0.029840493906804082 0.033779620234200218 0.00145038532685966 -0.0073315380089969883 -0.0026983343744643278 0.014923500068116472 -0.021088489254645012
leaf_weight=27.978076966013759 15.930255168117581 84.822261339053512 28.366196925519034 720.75493995798752 53.847582099027932 50.831225570756942 407.74656300619245 33.102945210877806 20.155117347836494 72.146822378505021 9.1997015941888076 928.55468085291795 67.152827188372612 21.965794740244746
leaf_count=821 146 1164 682 8543 850 507 3269 215 85 471 63 6945 398 285
internal_value=-0.000207348 -0.000359861 -0.0029379 -0.00226967 0.000786267 0.00938454 0.000233699 0.00598749 0.0130053 0.00908588 0.0217739 -0.000759505 0.00302913 -0.00289688
internal_weight=2542.55 2526.62 777.099 749.121 1749.53 104.679 1644.85 241.393 134.605 114.449 42.3026 1403.45 474.899 106.788
internal_count=24444 24298 10046 9225 14252 1357 12895 2283 834 749 278 10612 3667 1449
is_linear=0
shrinkage=0.04


Tree=136
num_leaves=15
num_cat=0
split_feature=68 20 49 86 86 84 86 40 18 84 35 71 71 56
split_gain=5.92352 5.82655 5.16061 4.67356 4.7718 13.3917 7.51351 6.46471 8.65289 7.7769 6.89211 6.21086 7.81934 7.82102
threshold=0.83335000000000015 0.38335000000000008 1.0000000180025095e-35 0.7037000000000001 0.39385000000000003 0.42975000000000008 0.34720000000000006 1.0000000180025095e-35 0.075000000000000025 0.67020000000000013 -1.0068999999999997 -0.15549999999999997 -0.037499999999999992 0.45650000000000007
decision_type=2 2 2 2 2 2 2 2 2 2 2 2 2 2
left_child=1 2 -1 4 6 -6 7 8 10 -10 -4 -12 13 -13
right_child=-2 -3 3 -5 5 -7 -8 -9 9 -11 11 12 -14 -15
leaf_value=-0.0055745886341951002 -0.027603250834424553 0.029055183529701555 -0.01571109413118417 0.0084845141966958856 -0.019791249422384655 -0.00043844021112094371 0.01190183398203482 0.0045558585054465738 -0.0093109600457735604 0.0066687997321138075 -0.00083676000247281728 3.1986503441959638e-05 0.002909018420656414 0.027296140694143642
leaf_weight=216.63956056162715 11.106590623734517 10.33676593005657 35.059545888565481 121.10149974282831 64.911779730580747 433.67519819270819 102.4447995647788 497.02751203300431 266.02884627156891 58.845903591718525 437.66225167829543 25.722961973398924 225.53818758297712 47.731163715943694
leaf_count=3739 361 72 342 836 367 2262 514 4504 3687 630 5254 203 1567 303
internal_value=0.000310098 0.000442827 0.000314613 0.000867719 0.000443749 -0.00299258 0.00145509 0.000776481 -0.000939107 -0.0064049 0.00136718 0.00220018 0.00663361 0.0178771
internal_weight=2553.83 2542.73 2532.39 2315.75 2194.65 498.587 1696.06 1593.62 1096.59 324.875 771.714 736.655 298.992 73.4541
internal_count=24641 24280 24208 20469 19633 2629 17004 16490 11986 4317 7669 7327 2073 506
is_linear=0
shrinkage=0.04


Tree=137
num_leaves=15
num_cat=0
split_feature=4 43 55 53 18 5 60 42 2 56 39 80 80 80
split_gain=5.34023 5.96861 5.4587 5.83928 6.34341 5.39247 5.43867 5.07588 5.30932 8.86478 6.18523 5.05704 4.77583 5.5949
threshold=0.64100000000000013 1.0000000180025095e-35 0.34450000000000003 0.16750000000000004 0.12500000000000003 0.29165000000000002 0.49220000000000003 1.0000000180025095e-35 0.18800000000000003 0.38950000000000007 1.0000000180025095e-35 -1.0000000180025095e-35 0.74650000000000005 0.7895000000000002
decision_type=2 2 2 2 2 2 2 2 2 2 2 2 2 2
left_child=1 12 11 5 -5 -4 -7 8 10 -10 -3 -2 -1 -14
right_child=2 7 3 4 -6 6 -8 -9 9 -11 -12 -13 13 -15
leaf_value=-0.0019282267572881787 -0.017532637531886539 0.0039646893312927436 0.014689625407545788 0.00040930359004825572 -0.029067864738456566 0.0058756389805898063 -0.029722129370357325 0.036606849047478039 0.051229545455619092 0.0056746292081926589 -0.027313763788819615 0.023860094191284299 0.02281710018237618 0.0020160628583065355
leaf_weight=1883.9099160183687 4.7301410944201043 88.284104201477021 88.971239866688848 204.67351132445037 11.386165804229675 23.285479021258656 8.6022761650383455 7.7947586253285399 8.6542517496272904 24.448134699836373 10.408142272382973 33.59511326206848 23.93927130382508 122.86778808059171
leaf_count=19472 57 852 746 1379 76 183 77 62 41 155 109 231 178 927
internal_value=-7.24054e-05 -0.000834724 0.00432713 0.00267248 -0.00127088 0.00967459 -0.00433923 0.00713656 0.00513105 0.0187374 0.000425153 0.0184354 -0.0013859 0.00553943
internal_weight=2545.55 2170.31 375.244 336.919 216.06 120.859 31.8878 139.589 131.795 33.1024 98.6922 38.3253 2030.72 146.807
internal_count=24545 21796 2749 2461 1455 1006 260 1219 1157 196 961 288 20577 1105
is_linear=0
shrinkage=0.04


Tree=138
num_leaves=15
num_cat=0
split_feature=22 3 56 18 18 83 54 21 3 19 52 19 70 55
split_gain=5.49102 5.8489 7.45706 7.7357 7.99637 7.33171 5.46628 7.42645 6.81795 5.42355 5.56963 5.08373 5.06541 5.64868
threshold=0.32500000000000001 0.35250000000000004 0.42150000000000004 -0.62499999999999989 -0.074999999999999997 -0.57419999999999993 0.61550000000000005 0.93500000000000016 0.5335000000000002 -1.0000000180025095e-35 0.6120000000000001 -0.28334999999999994 1.0785000000000002 0.5675
decision_type=2 2 2 2 2 2 2 2 2 2 2 2 2 2
left_child=-1 2 3 -2 -5 -6 7 8 -3 -4 -11 -8 -9 -14
right_child=1 6 9 4 5 -7 11 12 -10 10 -12 -13 13 -15
leaf_value=-0.00091064654596270818 0.025627320214937833 0.00081025017029851855 -0.017508752830360748 -0.021544985733914907 -0.02130753036328397 0.016343990570173814 -0.019598644382324698 -0.022523250126869253 0.037669239314574068 0.012418443072218824 0.037459979440643734 0.0098351891412944981 0.0029870912411006862 -0.022654702164524091
leaf_weight=2146.1346392617561 17.197349493391812 38.184554234147072 4.7934018019586793 24.327828835695982 10.169325422495602 31.418821153230965 9.3969790041446668 35.083903162740171 9.1831381488591415 32.874017896130681 26.288160096853971 102.5462390827015 50.522835628129542 17.790338430553675
leaf_count=21530 111 267 65 249 167 268 67 240 54 295 152 711 303 118
internal_value=-0.000100065 0.00413709 0.0104949 0.00252664 -0.0037932 0.00685313 0.000551586 -0.00440927 0.00858714 0.0206517 0.0239831 0.00721274 -0.0103883 -0.00392113
internal_weight=2555.91 409.777 147.069 83.1133 65.916 41.5881 262.708 150.765 47.3677 63.9556 59.1622 111.943 103.397 68.3132
internal_count=24597 3067 1307 795 684 435 1760 982 321 512 447 778 661 421
is_linear=0
shrinkage=0.04


Tree=139
num_leaves=15
num_cat=0
split_feature=68 4 53 70 60 53 35 6 84 83 53 84 87 35
split_gain=4.35512 4.18368 5.88528 6.52297 7.37509 5.21558 6.47719 6.36089 5.24601 4.9943 4.54586 9.44359 10.5714 10.305
threshold=0.83335000000000015 0.70400000000000007 0.39150000000000007 2.4007500000000004 0.4008500000000001 0.16750000000000004 -0.52994999999999992 0.12500000000000003 0.23765000000000003 1.6669000000000003 0.33150000000000007 0.55405000000000015 0.39895000000000008 -0.70834999999999992
decision_type=2 2 2 2 2 2 2 2 2 2 2 2 2 2
left_child=1 2 10 -4 -5 6 -3 -8 9 -7 -1 12 13 -12
right_child=-2 5 3 4 -6 8 7 -9 -10 -11 11 -13 -14 -15
leaf_value=-0.00029488180035442958 -0.023438747353515744 0.030181603696555506 0.017890672458399794 -0.023058439969756383 0.016731928242320428 -0.0063891018946255198 0.020287120067323569 -0.0060614937431552971 -0.0035460437159234698 0.023990195765741299 -0.032351380578277085 0.014275759959035973 -0.061152770012409194 0.0028446564348172366
leaf_weight=2156.5033632118721 11.470630829222499 24.594381253235042 55.847520980518311 15.732358610257508 12.498711659573017 12.633555234409867 25.656806107843295 31.812509809620678 109.57477282825857 24.27622084505856 20.932906517293304 18.856076185591519 6.8206661306321612 33.486924046184868
leaf_count=21420 360 143 349 105 71 122 254 309 743 145 150 116 38 233
internal_value=0.000142043 0.000257297 -0.000252137 0.010074 -0.00547235 0.00540866 0.0134159 0.00584746 0.000862276 0.0136977 -0.000644646 -0.00994186 -0.0175081 -0.0110332
internal_weight=2560.7 2549.23 2320.68 84.0786 28.2311 228.548 82.0637 57.4693 146.485 36.9098 2236.6 80.0966 61.2405 54.4198
internal_count=24558 24198 22482 525 176 1716 706 563 1010 267 21957 537 421 383
is_linear=0
shrinkage=0.04


Tree=140
num_leaves=15
num_cat=0
split_feature=78 78 3 68 84 4 22 22 84 1 80 70 2 3
split_gain=5.34688 6.86178 5.89762 5.06294 4.42196 5.35327 5.10833 5.88019 5.84174 4.65568 6.44237 6.04245 5.71364 7.51871
threshold=-0.43589999999999995 -0.40039999999999992 0.64050000000000018 0.83335000000000015 0.68995000000000006 0.71550000000000014 0.55835000000000012 0.14165000000000003 0.69375000000000009 1.5955000000000001 0.75550000000000017 1.7403500000000001 0.039000000000000007 0.30450000000000005
decision_type=2 2 2 2 2 2 2 2 2 2 2 2 2 2
left_child=-1 -2 3 4 9 6 7 8 -6 11 -11 -3 -12 -14
right_child=1 2 -4 -5 5 -7 -8 -9 -10 10 12 -13 13 -15
leaf_value=-0.0098202241602883527 0.021668237010966099 -0.0021506768518024383 0.0091009410490783104 -0.02948602682725416 0.031441154584374055 -0.023539247170738371 -0.019955939805819913 0.015704823465231534 0.001138644865094165 0.00063887109298931541 0.042125654573808367 -0.041498515731555989 -0.012579373456091478 0.020673004883505108
leaf_weight=80.25245266687125 23.508158178534359 1076.3502520462498 117.5422956966795 8.3084086319431645 9.8058789279311878 9.4012778326868993 10.938020189292727 81.927719854749739 177.18179746344686 901.56959432293661 9.0510256011039001 5.2845126790925852 16.467986428178847 28.292885478585958
leaf_count=1730 333 11872 955 209 56 71 94 478 1383 7036 35 66 96 147
internal_value=0.000276694 0.000607839 0.000397185 -4.4744e-05 7.30318e-05 0.00469218 0.00572101 0.00683548 0.00288655 -0.000584864 0.00144907 -0.00238107 0.014764 0.00843156
internal_weight=2555.88 2475.63 2452.12 2334.58 2326.27 289.255 279.853 268.915 186.988 2037.02 955.381 1081.63 53.8119 44.7609
internal_count=24561 22831 22498 21543 21334 2082 2011 1917 1439 19252 7314 11938 278 243
is_linear=0
shrinkage=0.04


Tree=141
num_leaves=15
num_cat=0
split_feature=20 73 73 82 45 7 80 57 46 26 5 49 83 76
split_gain=7.72577 4.85072 7.57156 4.73868 4.87656 4.47374 4.32405 4.08099 6.75569 5.52413 10.8098 4.73797 4.47143 3.87268
threshold=1.0000000180025095e-35 0.45835000000000009 0.54165000000000008 -1.7761499999999997 0.3000000000000001 0.12500000000000003 -0.030499999999999996 0.72250000000000003 0.53985000000000005 0.87500000000000011 0.37500000000000006 0.91665000000000008 0.67155000000000009 0.70000000000000007
decision_type=2 2 2 2 2 2 2 2 2 2 2 2 2 2
left_child=3 5 -3 4 -1 6 -2 -5 9 10 -9 12 -11 -12
right_child=1 2 -4 7 -6 -7 -8 8 -10 11 13 -13 -14 -15
leaf_value=0.021019535111510713 -0.025038062885649356 -0.031633290297529253 0.007362939448537934 -0.0010691807856895675 -0.02642289809706122 0.030942153192172816 0.014820145269055561 0.0069019042962812117 0.031729029271532448 -0.010505816644955073 -0.0093931926629836002 -0.0069243613422764749 0.029795006785777855 -0.040229811519062596
leaf_weight=3.4047823597211417 4.5986485425382879 7.9650874733924857 71.011063939426094 2245.3113477096194 19.170473791426048 24.177119730040431 19.113312737084925 57.602840601466596 13.608144426718352 4.7909680390730527 15.576001973822715 11.092443154193459 24.60875819157809 11.328147113788871
leaf_count=116 51 67 508 21678 642 158 177 496 73 39 110 95 150 84
internal_value=-0.000325044 0.00925627 0.00308364 -0.000833786 -0.0186796 0.0191645 0.00638974 -0.000657028 0.00597931 0.00294647 -0.00289087 0.014905 0.023098 -0.0233535
internal_weight=2533.36 126.865 78.9762 2406.49 22.5753 47.8891 23.712 2383.92 138.607 124.999 84.507 40.4922 29.3997 26.9041
internal_count=24444 961 575 23483 758 386 228 22725 1047 974 690 284 189 194
is_linear=0
shrinkage=0.04


Tree=142
num_leaves=15
num_cat=0
split_feature=52 56 1 35 60 82 71 50 1 1 4 83 3 53
split_gain=4.80643 5.98735 6.44757 5.77881 7.13933 5.27575 5.73262 5.10399 4.95446 5.21068 4.89895 7.39339 4.4736 4.61133
threshold=0.18065000000000001 0.27650000000000008 2.6035000000000008 -0.87144999999999995 0.23200000000000004 1.1765500000000004 -0.42949999999999994 0.53125000000000011 1.3390000000000002 1.2075000000000002 0.64100000000000013 2.3131500000000007 0.5465000000000001 0.26550000000000007
decision_type=2 2 2 2 2 2 2 2 2 2 2 2 2 2
left_child=1 -1 3 4 -3 6 -6 -4 9 -5 11 12 -2 -14
right_child=10 2 7 8 5 -7 -8 -9 -10 -11 -12 -13 13 -15
leaf_value=-0.018972372108531178 -0.00023341313030607024 -0.031169402554021057 0.0091703409222823693 -0.0065053944871300354 0.00062570095191579497 -0.026805735181968871 0.035561784987608168 -0.031713051434013706 0.0040579493060262633 -0.036514974261842477 0.0044593369598178627 -0.033614545077666744 -0.035554520011613903 -0.0026729527927402299
leaf_weight=43.635454353527166 1904.254094560165 4.2436777204275122 6.0188988670706776 68.243720277678221 11.392292436677957 2.8311283364891997 21.288793904706839 18.43345895409584 66.566670721862465 9.8540254225954396 353.4647708600387 9.8282950986176711 10.652071291580798 16.902073740493506
leaf_count=969 18042 51 50 1357 158 19 127 195 709 109 2536 63 73 99
internal_value=-0.000442316 -0.00566899 -0.00281263 -0.00020691 0.0131084 0.0191083 0.0237636 -0.0216848 -0.00393102 -0.0107056 0.000134943 -0.00065418 -0.000469186 -0.0161845
internal_weight=2547.61 252.508 208.873 184.42 39.7559 35.5122 32.6811 24.4524 144.664 78.0977 2295.1 1941.64 1931.81 27.5541
internal_count=24557 3744 2775 2530 355 304 285 245 2175 1466 20813 18277 18214 172
is_linear=0
shrinkage=0.04


Tree=143
num_leaves=15
num_cat=0
split_feature=50 53 33 3 4 84 4 83 84 3 4 82 82 87
split_gain=4.38478 7.46995 4.97658 4.33562 4.31856 5.71802 5.92838 5.80036 5.72211 5.68319 6.94389 5.15043 7.61045 7.03185
threshold=0.46875000000000006 0.20100000000000004 1.0000000180025095e-35 0.43000000000000005 0.31300000000000006 0.21645000000000003 0.13950000000000004 -0.95704999999999985 0.29545000000000005 0.13650000000000004 0.26350000000000007 1.5241500000000003 0.40025000000000005 0.73280000000000012
decision_type=2 2 2 2 2 2 2 2 2 2 2 2 2 2
left_child=1 3 -3 4 5 -1 -7 -8 -9 -10 -11 12 -6 -14
right_child=-2 2 -4 -5 11 6 7 8 9 10 -12 -13 13 -15
leaf_value=-0.015217867652741385 0.0010568364522818663 0.010361762600956996 -0.025488720675402123 0.021453969806885277 -0.0062982136684582544 -0.017060053423343564 -0.015938438336616838 0.042703505272460036 0.022706420291971164 -0.031201340455236013 0.013790658676729276 0.01094427206045568 -0.033364040951228184 0.016311309629235972
leaf_weight=39.57763793040067 2227.8132375502028 66.430773988366127 5.8695896537974468 7.0833397861570111 52.75973349949345 16.823435847996734 11.113440016051753 8.718011705670504 20.210778154432774 8.9775233536493051 11.302687642164527 11.152074297890065 42.904092449694872 4.4902971629053345
leaf_count=1477 19931 547 60 73 938 348 225 93 251 110 124 57 306 27
internal_value=0.000438438 -0.00403197 0.00714327 -0.0074842 -0.00847286 -0.00305529 0.00329929 0.00916295 0.0150364 0.00819385 -0.00665642 -0.0140763 -0.016943 -0.0284178
internal_weight=2535.23 307.413 72.3004 235.113 228.03 116.724 77.1459 60.3224 49.209 40.491 20.2802 111.306 100.154 47.3944
internal_count=24567 4636 607 4029 3956 2628 1151 803 578 485 234 1328 1271 333
is_linear=0
shrinkage=0.04


Tree=144
num_leaves=15
num_cat=0
split_feature=43 19 64 57 3 79 21 59 50 55 22 84 65 86
split_gain=6.29338 5.69503 6.31019 5.55448 8.40715 5.27862 5.15264 6.42973 5.67506 4.38362 8.22259 7.76022 6.53282 7.46015
threshold=1.0000000180025095e-35 0.083350000000000021 1.0000000180025095e-35 0.42950000000000005 0.23400000000000001 0.12500000000000003 0.7350000000000001 0.45000000000000007 0.73960000000000015 0.37700000000000006 0.24165000000000003 0.53415000000000012 1.0000000180025095e-35 0.49950000000000006
decision_type=2 2 2 2 2 2 2 2 2 2 2 2 2 2
left_child=9 3 -3 4 -2 -5 -6 -8 -9 10 -1 12 13 -11
right_child=1 2 -4 5 6 -7 7 8 -10 11 -12 -13 -14 -15
leaf_value=-0.00079341796105756744 0.0032865336144309214 -0.019207175179200731 0.018848653059073486 0.032014454516454162 0.046393187579533264 -0.0027041565767293731 -0.026515011166053627 0.041668237602068461 -0.003897218515587943 -0.0020302844921716301 0.0075437922018547886 0.0023325795669918016 -0.012010349456591853 -0.022046435989283488
leaf_weight=816.40747911552899 33.240017358213663 22.079823778942227 9.0740847587585467 7.0590891977772108 17.461441463790834 52.822190642356873 3.7303077559918192 11.747777139768006 6.414568497799336 727.6702988173347 245.33635698538274 397.59394250903279 148.47292426158674 30.084534674882889
leaf_count=9543 427 156 61 66 105 422 35 67 55 7056 1929 2833 1593 153
internal_value=-0.00024326 0.007319 -0.00788132 0.0109259 0.0182878 0.00184726 0.030563 0.0164619 0.0262119 -0.000769223 0.00113834 -0.0023223 -0.00436487 -0.00285298
internal_weight=2529.19 163.629 31.1539 132.475 72.5941 59.8813 39.3541 21.8927 18.1623 2365.57 1061.74 1303.82 906.228 757.755
internal_count=24501 1394 217 1177 689 488 262 157 122 23107 11472 11635 8802 7209
is_linear=0
shrinkage=0.04


Tree=145
num_leaves=15
num_cat=0
split_feature=20 78 84 53 78 46 87 54 49 3 53 24 7 20
split_gain=5.00766 5.52959 4.48737 5.69343 6.28611 4.22538 6.19952 10.6122 7.05187 5.95935 5.33041 7.09685 5.87383 5.23209
threshold=1.0000000180025095e-35 -0.6611499999999999 0.32945000000000008 0.12150000000000001 0.42115000000000008 1.0773500000000003 0.56730000000000014 0.54250000000000009 0.75000000000000011 0.29450000000000004 0.26350000000000007 1.0000000180025095e-35 0.20835000000000001 -1.0000000180025095e-35
decision_type=2 2 2 2 2 2 2 2 2 2 2 2 2 2
left_child=1 -1 -2 -4 -5 13 8 -8 10 -9 11 -7 -12 -3
right_child=2 5 3 4 -6 6 7 9 -10 -11 12 -13 -14 -15
leaf_value=-0.022291138256963099 0.017505974873551378 0.0088552709632111221 0.0173039488957141 -0.011204036953554531 0.024821383149313384 -0.023259228415663295 0.029959487643835145 0.023102886366864889 0.026971693321684448 -0.019300232878734148 -0.019550161942104228 5.955987502358277e-05 0.0261401450665447 -0.0011368231079002783
leaf_weight=17.179891949519515 46.852369503583759 86.44189488561824 25.214699376374483 45.948729483410716 8.3127261493355018 23.782549185678363 34.186367657035589 6.9988035419955876 14.806631570681928 14.867946121841667 5.0063141956925419 132.64722750522196 19.080592514947057 2040.9689080221578
leaf_count=520 455 834 194 264 51 144 178 41 82 83 29 947 94 20622
internal_value=9.59987e-05 -0.000314659 0.00782589 0.00197272 -0.00533574 -0.000146642 0.00474711 0.016348 0.00135162 -0.00531163 -0.000886848 -0.0036109 0.0162429 -0.00072685
internal_weight=2522.3 2395.97 126.329 79.4762 54.2615 2378.79 251.376 56.0531 195.323 21.8667 180.517 156.43 24.0869 2127.41
internal_count=24538 23574 964 509 315 23054 1598 302 1296 124 1214 1091 123 21456
is_linear=0
shrinkage=0.04


Tree=146
num_leaves=15
num_cat=0
split_feature=20 71 55 58 53 83 55 46 71 55 73 4 54 54
split_gain=5.27364 5.64343 5.14863 6.58093 4.82745 4.50328 6.26399 7.35329 5.49626 5.2874 6.53436 11.2032 10.6124 10.3397
threshold=1.0000000180025095e-35 -0.96949999999999992 0.6120000000000001 0.70835000000000015 0.76750000000000018 -0.69169999999999987 0.46550000000000008 1.0000000180025095e-35 0.47050000000000003 0.44050000000000006 0.70835000000000015 0.50600000000000012 0.52950000000000019 0.51350000000000018
decision_type=2 2 2 2 2 2 2 2 2 2 2 2 2 2
left_child=1 4 -2 -4 -1 6 7 8 -3 -7 -11 13 -13 -12
right_child=2 5 3 -5 -6 9 -8 -9 -10 10 11 12 -14 -15
leaf_value=-0.0096859717992604181 0.011555575459375246 -0.0076332481544035807 -0.030985190232063586 0.012725721698205097 0.039277359713801786 0.002915642855557567 0.0036886253699929543 0.005726717550657354 -0.025431089100861431 -0.0045973577339001601 0.0032905219509940463 0.0068703666283056021 -0.0108019408903732 0.023838936744366421
leaf_weight=124.15682441135868 106.53856713045388 188.6088102364447 10.378199824132027 9.8796416874974948 2.3382698539644471 1031.5156799205579 126.6597617266234 56.889955737162381 31.984332566149533 457.61995119601488 126.53623748058453 90.685481582768261 132.83460220508277 56.016988011077046
leaf_count=2575 821 3491 82 65 7 8788 1566 508 454 3615 969 603 805 320
internal_value=0.000128757 -0.000288344 0.00804847 -0.0100718 -0.00847991 0.000165793 -0.00366229 -0.00701888 -0.0103169 0.000983611 -0.00132453 0.00236597 -0.00363335 0.00969139
internal_weight=2552.64 2425.85 126.796 20.2578 126.495 2299.35 404.143 277.483 220.593 1895.21 863.693 406.073 223.52 182.553
internal_count=24669 23701 968 147 2582 21119 6019 4453 3945 15100 6312 2697 1408 1289
is_linear=0
shrinkage=0.04


Tree=147
num_leaves=15
num_cat=0
split_feature=28 52 13 54 3 78 56 22 18 52 52 50 53 54
split_gain=5.07426 8.92648 6.965 6.81224 5.61093 5.5994 8.08677 7.21409 5.93798 5.7003 7.14937 9.61459 5.294 5.91286
threshold=0.97500000000000009 0.18065000000000001 1.0000000180025095e-35 0.22050000000000003 0.095500000000000015 0.49440000000000006 0.5525000000000001 0.10835000000000002 -0.87499999999999989 0.35500000000000004 0.88565000000000016 0.61460000000000015 0.19750000000000004 0.24850000000000003
decision_type=2 2 2 2 2 2 2 2 2 2 2 2 2 2
left_child=-1 3 5 -2 -4 6 8 -8 -3 -9 -11 -12 13 -10
right_child=1 2 4 -5 -6 -7 7 9 12 10 11 -13 -14 -15
leaf_value=-0.00083758749982682727 -0.049607861618302891 0.031110652054842761 -0.023604492286933013 -0.0061458683445689312 0.016509202212370389 0.017252256428253163 -0.028982899053012431 0.024248967350878125 0.02052429659346354 -0.014582344954824984 0.048117968690061103 -0.0064118194579347067 0.010980378280607167 -0.001835406189553742
leaf_weight=1857.3201539923903 5.3821036461740723 11.944360569119452 5.0585531890392295 65.513751839287579 96.807580292690545 38.729688480496407 20.224548201542348 9.8910971535369736 19.74923385726288 52.700577706564218 6.845034132711592 14.622889632359145 103.05183220189065 213.9773942232132
leaf_count=19385 100 56 51 698 626 231 134 63 212 368 36 110 675 1752
internal_value=0.000235833 0.00323287 0.00483828 -0.0100894 0.0143071 0.00285171 0.00158525 -0.00813812 0.00450794 -0.00284114 -0.00672841 0.0123427 0.00347512 0.000133315
internal_weight=2521.82 664.499 593.603 70.8959 101.866 491.737 453.007 104.284 348.723 84.0596 74.1685 21.4679 336.778 233.727
internal_count=24497 5112 4314 798 677 3637 3406 711 2695 577 514 146 2639 1964
is_linear=0
shrinkage=0.04


Tree=148
num_leaves=15
num_cat=0
split_feature=2 1 3 52 7 59 87 60 70 2 84 59 52 4
split_gain=4.35232 3.89793 9.89185 6.97222 6.62426 7.62691 6.2756 7.13146 5.08753 4.70887 4.66497 5.4217 4.57852 5.49865
threshold=0.8045000000000001 3.2825000000000002 0.47400000000000003 0.6120000000000001 0.20835000000000001 0.63335000000000008 0.41755000000000003 0.39950000000000002 3.3421500000000006 0.15850000000000003 0.41640000000000005 0.29165000000000002 0.40190000000000009 0.51900000000000013
decision_type=2 2 2 2 2 2 2 2 2 2 2 2 2 2
left_child=1 -1 3 4 5 10 -5 -8 -7 -9 -3 -12 -6 -14
right_child=-2 2 -4 6 12 8 7 9 -10 -11 11 -13 13 -15
leaf_value=-0.0004608132470135907 0.031036489125026125 -0.03953642073694677 -0.010497646168677719 0.029259801006212085 0.032510528035005946 0.025199668413560722 0.029369441840996914 0.0057557280573239736 -0.010043260192498189 -0.039629104421065257 0.025513345725914433 -0.030310860288759144 -0.018648237961486121 0.020393643487083123
leaf_weight=2335.4537848660257 6.2451103869825593 12.122789529152216 46.181542295496911 41.949420255608857 13.945048333145676 12.21135436743498 8.5830837339162844 7.533130865544079 12.195985070429741 5.7328288480639458 4.6725196074694377 4.4706847826018929 9.2585385981947201 12.237131921574472
leaf_count=23268 55 139 286 221 88 60 33 39 122 26 28 25 57 61
internal_value=7.82725e-05 -1.04989e-05 0.00546676 0.0105915 0.00273994 -0.00727467 0.0203776 0.00278997 0.00788713 -0.0152602 -0.0242488 -0.00207984 0.0154915 0.00349621
internal_weight=2532.79 2526.55 191.094 144.913 81.1141 45.6733 63.7985 21.849 24.4073 13.266 21.266 9.1432 35.4407 21.4957
internal_count=24508 24453 1185 899 580 374 319 98 182 65 192 53 206 118
is_linear=0
shrinkage=0.04


Tree=149
num_leaves=15
num_cat=0
split_feature=50 56 56 54 79 50 53 54 3 59 50 5 20 35
split_gain=4.04279 5.59011 5.75738 5.09525 4.89316 4.07806 6.01651 6.393 4.66085 3.66948 3.63016 3.63011 5.5573 5.06118
threshold=0.46875000000000006 0.14400000000000002 0.18050000000000002 0.22050000000000003 0.79165000000000008 0.48960000000000009 0.13550000000000004 0.36750000000000005 0.26950000000000007 0.91665000000000008 0.61460000000000015 0.20835000000000001 -0.41664999999999996 -1.1503999999999999
decision_type=2 2 2 2 2 2 2 2 2 2 2 2 2 2
left_child=-1 4 3 9 -2 6 7 8 -4 -3 -5 -7 -13 -14
right_child=1 2 5 10 -6 11 -8 -9 -10 -11 -12 12 13 -15
leaf_value=-0.0040688941986462123 0.028888426570628616 -0.019297785762108818 0.016246515022018706 -0.0053048157106107309 -0.015033578507814772 0.0021023823506553982 0.023177441932726299 -0.031094510232905815 -0.034554393047643454 0.026766771179108494 -0.052359347576940038 0.031392405815451066 -0.01603202053031276 -0.00092399592932099564
leaf_weight=307.65091745369136 18.42535034194589 4.9302948433905858 19.226420269813396 4.2314300748985243 4.4544125283136955 1104.991170728812 30.460551504977047 7.6721843983978024 2.4150441065430632 4.1958675384521484 7.1510040336288512 7.2993227103725067 35.830738471820951 971.90338205080479
leaf_count=4665 229 76 245 88 53 10283 197 104 40 38 68 50 249 8163
internal_value=0.000221123 0.00081635 0.00060716 -0.0199873 0.0200659 0.000809999 0.0110264 -0.00194808 0.0093017 0.00243281 -0.0367079 0.000516883 -0.0012095 -0.00147653
internal_weight=2530.84 2223.19 2200.31 20.5086 22.8798 2179.8 59.7742 29.3136 21.6415 9.12616 11.3824 2120.02 1015.03 1007.73
internal_count=24548 19883 19601 270 282 19331 586 389 285 114 156 18745 8462 8412
is_linear=0
shrinkage=0.04


Tree=150
num_leaves=15
num_cat=0
split_feature=80 69 25 4 83 84 83 57 82 52 86 35 54 83
split_gain=5.96791 7.52669 7.32885 6.62678 7.51153 8.50463 8.28556 6.75757 6.73377 6.5354 6.98662 8.45414 7.10465 6.22459
threshold=-0.05849999999999999 0.63335000000000008 1.0000000180025095e-35 0.29250000000000004 -0.61844999999999983 0.40915000000000007 -0.51819999999999988 0.46950000000000003 0.12085000000000001 0.36515000000000003 0.56370000000000009 -0.77999999999999992 0.76550000000000018 -0.49324999999999997
decision_type=2 2 2 2 2 2 2 2 2 2 2 2 2 2
left_child=1 -1 -2 -4 5 8 -6 -7 -5 -3 11 13 -13 -11
right_child=2 9 3 4 6 7 -8 -9 -10 10 -12 12 -14 -15
leaf_value=-0.037768708803230931 -0.0026190586986688 0.0041116109796135733 0.010198242183608985 -0.011769128307532248 0.023056229694404226 -0.03000781974898855 0.0018500525810155864 -0.0019288332014661064 0.014685988573371229 0.0054112000092218894 0.016786114744874056 -0.0057303641858071439 0.030122672973468982 -0.024797054257435062
leaf_weight=9.6203961856663209 699.74057251703925 121.59619788080454 153.69121395680122 27.93714209459722 29.296340185217559 34.433058178052306 1110.1897992161103 22.608964034821838 31.928452776744962 12.754250956233589 17.698057894594967 183.31667441362515 8.3027460612356645 63.453057474456728
leaf_count=161 8424 1869 1838 571 275 344 7478 170 239 162 124 2334 48 490
internal_value=-0.000139339 -0.00450753 0.00072521 0.00238545 0.00142238 -0.00819103 0.002415 -0.0191035 0.0023498 -0.00363094 -0.00693109 -0.00855494 -0.00402856 -0.0197367
internal_weight=2526.57 416.741 2109.83 1410.08 1256.39 116.908 1139.49 57.042 59.8656 407.121 285.525 267.827 191.619 76.2073
internal_count=24527 5188 19339 10915 9077 1324 7753 514 810 5027 3158 3034 2382 652
is_linear=0
shrinkage=0.04


Tree=151
num_leaves=15
num_cat=0
split_feature=20 19 56 56 28 3 44 7 41 70 80 52 19 22
split_gain=4.66136 4.30765 4.38413 8.0725 6.1971 6.02374 5.31633 5.35679 6.74021 5.83464 5.02794 4.84295 4.81822 4.64125
threshold=-0.51664999999999994 0.51665000000000016 0.74150000000000016 0.62600000000000011 0.80500000000000016 0.77450000000000008 0.15480000000000002 0.95835000000000015 1.0000000180025095e-35 -0.23374999999999999 0.21050000000000002 0.70135000000000003 -0.34999999999999992 0.17500000000000002
decision_type=2 2 2 2 2 2 2 2 2 2 2 2 2 2
left_child=-1 2 3 -2 -4 -6 7 9 13 11 -7 -5 -11 -9
right_child=1 -3 4 6 5 10 -8 8 -10 12 -12 -13 -14 -15
leaf_value=0.032351664753680093 0.00039032526245977599 -0.026182207102666562 0.014326551338555156 -0.041752136129507823 -0.01100980611573908 -0.0057777498457860909 -0.035483940076742264 -0.0025032202130862657 -0.0072079470357237219 -0.031567728841033399 0.044267459298943726 0.0018307851879829282 0.0046354528993579891 -0.053732407932372807
leaf_weight=6.1690076552331439 2224.7297594711417 8.9751355657353979 77.999359396286309 8.7604099106974882 39.205588693730533 5.7375125912949425 10.259036885574458 3.9439356718212357 30.038289861753583 5.323539685457944 5.7513723913580179 6.8698897948488584 83.926594521850348 10.014410491101442
leaf_count=40 22308 62 664 94 289 45 84 27 213 47 40 70 617 71
internal_value=0.000143191 5.15982e-05 0.000155687 -0.000233867 0.00731778 -0.00353456 -0.00890805 -0.00685218 -0.0183998 -0.00188001 0.0208136 -0.0236382 0.00215017 -0.0403926
internal_weight=2527.7 2521.53 2512.56 2383.87 128.694 50.6945 159.136 148.877 43.9966 104.88 11.4889 15.6303 89.2501 13.9583
internal_count=24671 24631 24569 23531 1038 374 1223 1139 311 828 85 164 664 98
is_linear=0
shrinkage=0.04


Tree=152
num_leaves=15
num_cat=0
split_feature=57 53 54 1 82 84 80 60 60 35 43 57 35 6
split_gain=5.95947 6.98379 7.52722 5.97984 8.56595 5.23061 4.77538 4.60021 4.4219 3.85278 3.77283 5.46252 6.40355 5.92632
threshold=0.73950000000000016 0.29350000000000004 0.73350000000000015 0.41150000000000003 0.59025000000000005 0.070950000000000013 0.045500000000000006 0.27900000000000008 0.31150000000000005 -0.55024999999999991 1.0000000180025095e-35 0.34150000000000008 -0.53364999999999985 0.79165000000000008
decision_type=2 2 2 2 2 2 2 2 2 2 2 2 2 2
left_child=10 3 9 4 5 -2 7 -4 -6 -3 -1 -12 13 -13
right_child=1 2 6 -5 8 -7 -8 -9 -10 -11 11 12 -14 -15
leaf_value=-0.00094671348883782467 0.018765244338180644 -0.031851099576548816 0.017382437939964964 0.032827955765551427 -0.024688419626482681 -0.047119317505553635 0.01713497981037819 -0.020142279168626234 0.022209336100502998 0.0055663727488322254 0.017986049829496292 0.01594404839919528 -0.0091207169927059947 -0.013166789256645351
leaf_weight=2227.3903192301514 2.1228115176782003 13.728914397768678 7.1747388616204288 24.55265984358266 2.803897816687825 5.3600796787068248 31.706213216297328 13.761289720423518 26.76475899387151 5.9023458110168567 40.156026710290462 49.444470025599003 53.117920198012143 13.554690049961208
leaf_count=22170 26 90 55 165 26 58 217 102 269 28 402 332 521 92
internal_value=-6.16994e-05 0.0081182 -0.000348283 0.0178979 0.0074016 -0.0284198 0.00755358 -0.00707645 0.0171 -0.0208766 -0.000524332 0.00546368 0.00101656 0.00957279
internal_weight=2517.54 133.878 72.2735 61.6042 37.0515 7.48289 52.6422 20.936 29.5687 19.6313 2383.66 156.273 116.117 62.9992
internal_count=24553 1036 492 544 379 84 374 157 295 118 23517 1347 945 424
is_linear=0
shrinkage=0.04


Tree=153
num_leaves=15
num_cat=0
split_feature=87 11 84 77 2 7 22 78 54 7 54 81 18 65
split_gain=3.58531 7.17388 11.3925 6.43133 5.57777 6.33288 4.98054 5.56652 4.9658 5.91618 5.71226 5.87544 5.81271 4.68392
threshold=0.26575000000000004 0.62500000000000011 0.28455000000000003 1.0000000180025095e-35 0.28650000000000003 0.45835000000000009 0.14165000000000003 -0.41659999999999991 0.58150000000000002 0.12500000000000003 0.53250000000000008 1.0000000180025095e-35 -1.0000000180025095e-35 1.0000000180025095e-35
decision_type=2 2 2 2 2 2 2 2 2 2 2 2 2 2
left_child=3 2 -2 -1 5 -4 7 -3 10 -10 11 12 -9 -12
right_child=1 6 4 -5 -6 -7 -8 8 9 -11 13 -13 -14 -15
leaf_value=-0.0012815760057488016 0.026385913738859935 -0.033285133469462484 -0.0053752894440374345 -0.026951217277370997 -0.026661497164903465 0.037787629087177727 0.013781117463673196 -0.040376320177426914 -0.010227483470883781 0.025394391001701679 0.020201372751343476 0.0058586602289508564 -0.0033321562016536562 -0.0038137969885062091
leaf_weight=1728.5959873561515 17.583770628087223 5.7481311187148085 210.3542695324868 14.762224638834594 18.511778086423874 4.5927345342934123 76.664165770635009 6.6188577283173791 64.292137030512094 7.4604729674756518 58.588687724433839 222.00102560222149 63.683742890134454 16.253843085840344
leaf_count=19560 127 57 1449 202 95 21 430 39 368 43 289 1429 346 102
internal_value=-0.000509386 0.00175785 -0.00378753 -0.00151426 -0.00616299 -0.00428232 0.00443043 0.00279091 0.00333798 -0.00622556 0.00521885 0.00267071 -0.00733715 0.0150044
internal_weight=2515.71 772.354 251.043 1743.36 233.459 214.947 521.311 444.647 438.899 71.7526 367.146 292.304 70.3026 74.8425
internal_count=24557 4795 1692 19762 1565 1470 3103 2673 2616 411 2205 1814 385 391
is_linear=0
shrinkage=0.04


Tree=154
num_leaves=15
num_cat=0
split_feature=20 73 19 73 69 22 56 54 50 53 25 55 83 15
split_gain=6.02113 4.57063 5.3618 4.90326 3.84028 4.41488 3.54473 3.29814 7.62778 8.53223 3.26104 5.56441 5.19084 6.07738
threshold=1.0000000180025095e-35 0.45835000000000009 -0.14999999999999997 0.54165000000000008 0.70835000000000015 0.075000000000000011 0.34550000000000003 0.46550000000000008 0.69790000000000008 0.25650000000000006 1.0000000180025095e-35 0.84800000000000009 1.3888000000000003 1.0000000180025095e-35
decision_type=2 2 2 2 2 2 2 2 2 2 2 2 2 2
left_child=10 -2 -3 -4 5 -5 -6 -8 9 -9 11 12 -1 -14
right_child=1 2 3 4 6 -7 7 8 -10 -11 -12 -13 13 -15
leaf_value=-0.0024507858996684543 0.017634892888338541 -0.024270776056390702 -0.026321250685336688 -0.039757889416821568 -0.012266062555234793 0.0062048724937636924 0.035045606119776022 -0.033248616657449694 0.033060986170059127 0.022194010767221824 0.00019064641233124523 0.021083652733148255 -0.022768314464103524 0.0037442853519181309
leaf_weight=665.70667204959318 48.510295019485056 9.7473357971757633 5.7811700617894521 3.8808043226599684 5.9879055609926573 9.9476129561662656 13.10271139629185 8.4727158043533581 12.351103428751228 7.4238388612866393 1635.1913523790427 14.0536279422231 42.700012917630374 19.87067349627614
leaf_count=9278 386 84 54 31 56 80 100 47 70 40 13693 145 307 179
internal_value=-0.000356223 0.00815797 0.00201392 0.00614174 0.00958402 -0.00850542 0.0149349 0.0190705 0.0107155 -0.00757527 -0.00080784 -0.00300458 -0.00349769 -0.0144222
internal_weight=2502.73 125.205 76.6952 66.9479 61.1667 13.8284 47.3383 41.3504 28.2477 15.8966 2377.52 742.331 728.277 62.5707
internal_count=24550 948 562 478 424 111 313 257 157 87 23602 9909 9764 486
is_linear=0
shrinkage=0.04


Tree=155
num_leaves=15
num_cat=0
split_feature=2 23 4 50 20 46 83 6 73 86 86 6 52 57
split_gain=4.12503 3.549 5.33674 5.80082 4.62742 4.31347 7.3922 10.2629 10.3589 5.33381 10.156 8.85811 5.41803 5.17954
threshold=0.75500000000000012 1.0000000180025095e-35 0.64100000000000013 0.82290000000000008 -0.51664999999999994 0.93300000000000016 0.71540000000000015 1.0000000180025095e-35 0.45835000000000009 0.67770000000000008 0.42465000000000003 0.54165000000000008 0.5698000000000002 0.56050000000000011
decision_type=2 2 2 2 2 2 2 2 2 2 2 2 2 2
left_child=1 4 5 -4 -1 9 13 8 -8 10 -3 12 -12 -7
right_child=-2 2 3 -5 -6 6 7 -9 -10 -11 11 -13 -14 -15
leaf_value=0.037131749940654747 0.023050630835019553 -0.0027027285364518189 0.016856683066606006 -0.013827259875833975 0.0012896764526993348 0.013551258682266778 -0.055368521289100504 0.019654383982724229 -0.002141427603827792 0.020396917634020802 -0.045147852900185165 0.006971747336673201 -0.012461672689485536 -0.010047952277698476
leaf_weight=4.7877456257119766 11.66604383010417 782.60027508996427 44.242084656842053 11.785027235746382 1460.4317411645316 85.73176036356017 9.8812242178246397 10.449859961867331 12.834707874804733 13.852256590500472 19.726214691996574 12.407679051160811 15.010419594123958 17.1990638487041
leaf_count=23 103 10268 335 101 12364 650 54 53 70 78 100 67 84 114
internal_value=0.000280946 0.000165562 -0.00162576 0.0102732 0.00143204 -0.00231602 0.00426997 -0.0119144 -0.0266531 -0.00338233 -0.00380339 -0.0216388 -0.0317674 0.00954925
internal_weight=2512.61 2500.94 1035.72 56.0271 1465.22 979.693 136.097 33.1658 22.7159 843.597 829.745 47.1443 34.7366 102.931
internal_count=24464 24361 11974 436 12387 11538 941 177 124 10597 10519 251 184 764
is_linear=0
shrinkage=0.04


Tree=156
num_leaves=15
num_cat=0
split_feature=43 82 2 18 55 44 71 19 80 83 79 26 53 80
split_gain=6.96623 5.13009 4.59272 6.97731 4.48547 4.37332 4.17511 4.81019 3.95195 5.59001 3.81532 4.60504 4.86194 4.28219
threshold=1.0000000180025095e-35 -1.6690499999999997 0.035500000000000011 -0.62499999999999989 0.50700000000000012 0.11805000000000002 -0.86149999999999982 0.11665000000000002 1.018 1.7545500000000003 1.0000000180025095e-35 0.38500000000000006 0.24850000000000003 0.13950000000000004
decision_type=2 2 2 2 2 2 2 2 2 2 2 2 2 2
left_child=1 -1 3 6 10 -2 -3 -8 -4 -10 13 12 -12 -5
right_child=5 2 8 4 -6 -7 7 -9 9 -11 11 -13 -14 -15
leaf_value=-0.017115389942951455 0.045558512916358311 -0.022961044193254683 4.7050780345121689e-05 -0.011214864413933172 0.005614015273835973 0.0067868964880552097 0.022932517490158674 -0.013068085549619378 0.020037611598489564 -0.017829948296226122 -0.0054495548276137819 -0.024085600013684105 0.04097373233809317 -0.037926813197144596
leaf_weight=28.630187315167859 3.8400898296385995 4.3108734972774974 2010.8395112655126 31.135962744010612 34.281214243732393 157.82119563920423 26.780093241948634 6.8443526201881459 31.184868125244975 6.9111782014369956 139.3692187005654 20.790853399317712 2.713762546889483 13.84773323079571
leaf_count=990 28 153 17180 816 446 1376 315 73 209 42 2429 280 21 198
internal_value=-2.40784e-05 -0.00057622 -0.000365648 -0.00516047 -0.00766265 0.00798229 0.0105974 0.0154387 0.000291966 0.0128875 -0.00986872 -0.0069421 -0.00428271 -0.0200838
internal_weight=2519.3 2357.64 2329.01 280.074 242.139 161.661 37.9353 33.6244 2048.94 38.096 207.858 162.874 142.083 44.9837
internal_count=24556 23152 22162 4731 4190 1404 541 388 17431 251 3744 2730 2450 1014
is_linear=0
shrinkage=0.04


Tree=157
num_leaves=15
num_cat=0
split_feature=2 2 55 19 84 3 5 56 1 3 78 56 18 80
split_gain=3.75982 3.67416 7.65183 6.83983 7.71955 6.79674 6.86338 9.07676 5.74459 5.33925 5.69786 5.64299 5.78679 10.5388
threshold=0.81350000000000011 0.26950000000000007 0.28800000000000003 1.0000000180025095e-35 0.12895000000000004 0.47400000000000003 1.0000000180025095e-35 0.39350000000000007 2.0895000000000006 0.67050000000000021 -0.098399999999999987 0.66500000000000015 -0.67499999999999993 1.0000000180025095e-35
decision_type=2 2 2 2 2 2 2 2 2 2 2 2 2 2
left_child=1 5 -3 4 8 -1 -7 -8 -4 10 -6 -11 13 -13
right_child=-2 2 3 -5 9 6 7 -9 -10 11 -12 12 -14 -15
leaf_value=0.00021569406110376763 0.032867750469609804 0.018754470610034591 0.02137849897227306 0.0035035169405392497 -0.025133158140346945 0.025681846321277173 0.031598026568694725 -0.00092524218843450287 -0.025721743017818356 -0.025333896320547274 -0.0088184921885416188 -0.040184222155153125 0.023195338731549789 0.016443186253298218
leaf_weight=1910.1547163518844 4.6098207021132103 23.394312678836286 21.871705316472802 129.16581511264667 40.775793486274779 31.183396398089826 15.395118964836 84.134762956295162 4.1724723288789383 8.3962071938440186 205.81197757832706 7.7326933462172738 20.941609790548686 12.292140392586587
leaf_count=20286 50 159 245 879 341 211 96 597 66 72 1237 69 189 98
internal_value=0.000157356 8.43725e-05 -0.00308213 -0.00425341 -0.00736625 0.000821815 0.00961036 0.00436968 0.0131606 -0.00921089 -0.0116069 0.00275103 0.00897364 -0.006295
internal_weight=2520.03 2515.42 474.555 451.16 321.995 2040.87 130.713 99.5299 26.0442 295.95 246.588 49.3627 40.9664 20.0248
internal_count=24595 24545 3355 3196 2317 21190 904 693 311 2006 1578 428 356 167
is_linear=0
shrinkage=0.04


Tree=158
num_leaves=15
num_cat=0
split_feature=20 55 84 54 78 54 78 49 18 86 1 75 71 4
split_gain=6.24566 6.9016 6.22147 5.6394 5.294 5.17423 5.14945 4.82062 5.41162 4.7816 5.2234 5.45881 4.23711 8.31917
threshold=1.0000000180025095e-35 0.6120000000000001 0.68995000000000006 0.25150000000000006 -0.43589999999999995 0.36250000000000004 -0.40039999999999992 0.36665000000000009 -0.77499999999999991 0.42055000000000003 2.6795000000000004 0.69050000000000011 0.023500000000000004 0.64100000000000013
decision_type=2 2 2 2 2 2 2 2 2 2 2 2 2 2
left_child=2 9 4 -4 5 -1 -6 8 -5 10 11 -2 -8 -14
right_child=1 -3 3 7 6 -7 12 -9 -10 -11 -12 -13 13 -15
leaf_value=0.0029111250249159231 0.016326812963343512 -0.012284105267801515 -0.01347689116281538 -0.018765579162751036 0.019919196544132729 -0.022667282506319979 -0.0002576328109287207 0.0012866070527534398 0.014018575173790951 -0.0030537577899221796 0.033103965271140741 -0.013699772119485048 -0.0060789988360064034 0.0057318465107634503
leaf_weight=18.984763527289033 47.058824866078794 21.166441723704338 25.011270417831838 7.796059723943471 16.970796487759799 35.739658575039357 1313.6434369786875 155.15408629830927 116.88271319260821 24.504483588971198 22.284722471609712 11.317746791057287 575.76775208953768 113.51029183203354
leaf_count=606 411 153 384 42 264 663 14836 1240 1088 163 119 119 3733 720
internal_value=-0.000490978 0.00814039 -0.000952469 0.00437426 -0.00173691 -0.0139007 -0.00140064 0.00601209 0.0118356 0.0123282 0.0169813 0.0103727 -0.00159114 -0.0041285
internal_weight=2505.79 126.332 2379.46 304.844 2074.62 54.7244 2019.89 279.833 124.679 105.166 80.6613 58.3766 2002.92 689.278
internal_count=24541 965 23576 2754 20822 1269 19553 2370 1130 812 649 530 19289 4453
is_linear=0
shrinkage=0.04


Tree=159
num_leaves=15
num_cat=0
split_feature=20 5 59 55 18 35 60 69 55 60 26 35 60 29
split_gain=4.6354 3.86777 8.65199 8.84563 6.78772 6.60891 9.2786 6.22422 6.03372 5.838 5.46526 7.12939 9.32042 7.95989
threshold=-0.51664999999999994 0.20835000000000001 0.63335000000000008 0.51800000000000013 -0.52499999999999991 -1.0263499999999997 0.42365000000000003 0.90000000000000013 0.18900000000000003 0.31850000000000006 0.69500000000000006 -1.0676499999999998 0.29450000000000004 1.0000000180025095e-35
decision_type=2 2 2 2 2 2 2 2 2 2 2 2 2 2
left_child=-1 2 5 8 -5 6 -2 9 -4 -6 -3 12 -12 -13
right_child=1 10 3 4 7 -7 -8 -9 -10 -11 11 13 -14 -15
leaf_value=0.030577209817047573 0.027060550536110891 -0.003515364948850905 -0.020048872137859605 -0.00032982997393296576 0.023396586922954862 -0.0028248704315324866 -0.0079471619606074524 0.020930486222496873 0.0028130964128655483 -0.014057422934893021 -0.040304947233136046 -0.013627386928495475 0.0011714622300622876 0.0060561207222469583
leaf_weight=7.0279432288371018 27.805500881047919 767.66963406675495 18.221496808808297 51.061631033197045 9.4348923061043042 606.40058014448732 20.275897899642587 109.71872497256845 476.44586607487872 17.401415108703077 12.902211626991628 35.706147823948413 22.88300599064678 317.55213405098766
leaf_count=42 194 7447 263 395 63 7694 200 755 4434 165 85 328 156 2278
internal_value=0.000231042 0.000133287 0.00159819 0.00474681 0.0121182 -0.00168642 0.0124367 0.0167414 0.00193221 -0.000522182 -0.00155956 0.0022988 -0.0144718 0.00403373
internal_weight=2500.51 2493.48 1336.77 682.284 187.617 654.482 48.0814 136.555 494.667 26.8363 1156.71 389.043 35.7852 353.258
internal_count=24499 24457 14163 6075 1378 8088 394 983 4697 228 10294 2847 241 2606
is_linear=0
shrinkage=0.04


Tree=160
num_leaves=15
num_cat=0
split_feature=20 86 3 70 55 71 57 5 57 70 70 50 57 57
split_gain=4.24001 4.73763 4.30115 5.66463 4.35372 4.21294 4.88514 4.32548 6.20725 5.55516 5.15324 6.97317 5.29546 5.61267
threshold=1.0000000180025095e-35 0.73205000000000009 0.21750000000000003 2.7645000000000004 0.66150000000000009 -0.55549999999999999 0.23150000000000004 0.20835000000000001 0.096000000000000016 3.3962500000000007 3.2132500000000008 0.55210000000000015 0.72250000000000003 0.70150000000000012
decision_type=2 2 2 2 2 2 2 2 2 2 2 2 2 2
left_child=5 2 3 -2 -4 6 -1 8 -7 10 12 -12 13 -10
right_child=1 -3 4 -5 -6 7 -8 -9 9 -11 11 -13 -14 -15
leaf_value=-0.019347057090202475 -0.012068454926104942 -0.027577721338292945 0.016590563616246695 0.040303700640786436 -0.0060460123033093957 -0.033955818498587712 -0.0031690258983637092 -0.0020439747000031666 0.0014597431795144622 0.016519144974195998 0.017518859242363589 -0.03491058547906993 0.015059243059139214 -0.029591455632923373
leaf_weight=31.323225253261626 24.254773283377293 5.1717834062874308 75.188105371780694 2.8153172526508561 16.002864990383387 6.7403629105538121 404.46976261679083 905.74173774453811 919.52980642160401 39.53751751082018 5.0973961921408799 12.396501913666723 44.956975756213069 8.4105185745283944
leaf_count=1032 272 38 507 15 105 141 6362 6938 8285 272 39 85 400 71
internal_value=-0.000447679 0.00675051 0.0084704 -0.00537991 0.0125956 -0.000823957 -0.00437348 -2.57585e-05 0.00173784 0.00200414 0.00140861 -0.0195124 0.00180444 0.00114675
internal_weight=2501.64 123.433 118.261 27.0701 91.191 2378.2 435.793 1942.41 1036.67 1029.93 990.391 17.4939 972.897 927.94
internal_count=24562 937 899 287 612 23625 7394 16231 9293 9152 8880 124 8756 8356
is_linear=0
shrinkage=0.04


Tree=161
num_leaves=15
num_cat=0
split_feature=83 56 6 54 53 35 86 55 80 83 86 4 5 50
split_gain=3.85328 7.97441 7.67517 7.73007 8.09396 9.57127 9.97657 9.71782 7.52777 6.70077 8.3608 6.6404 7.02948 7.35455
threshold=1.2012000000000003 0.28500000000000003 1.0000000180025095e-35 0.62550000000000006 0.30350000000000005 -0.95839999999999992 0.38475000000000009 0.69650000000000001 0.50150000000000017 0.77235000000000009 0.52925000000000011 0.68050000000000022 0.62500000000000011 0.63540000000000008
decision_type=2 2 2 2 2 2 2 2 2 2 2 2 2 2
left_child=9 8 3 4 5 -3 11 -8 -2 -1 -11 12 -7 -14
right_child=1 2 -4 -5 -6 6 7 -9 -10 10 -12 -13 13 -15
leaf_value=0.00041719607090983361 0.032721990751689585 0.020284398676708358 -7.9747699292202531e-06 -0.028843615598002272 0.016035528258110401 -0.015135910959688066 -0.040893625335038958 0.012215722325702774 -0.022827157534617212 0.0035370856526989796 0.020644305301458065 0.024226293387113129 0.046861965482418486 -0.016716823404109415
leaf_weight=1636.0617176273372 17.018412496894602 13.934412913396953 377.23542327946052 28.341319005936384 21.275330887176096 62.922601219266653 28.887409881688654 6.275746287778019 4.2114524692296973 216.88245957624167 57.125381024554372 9.2743062460795027 5.5820505414158088 4.5042533576488495
leaf_count=18884 98 81 2545 189 123 441 172 47 31 1434 282 60 28 40
internal_value=0.00052179 -0.00233274 -0.00326287 -0.0100094 -0.0063478 -0.0100662 -0.013808 -0.0313392 0.0211713 0.00138854 0.00716571 -0.00602984 -0.0101487 0.0195227
internal_weight=2489.53 579.463 558.233 180.997 152.656 131.381 117.446 35.1632 21.2299 1910.07 274.008 82.2832 73.0089 10.0863
internal_count=24455 3855 3726 1181 992 869 788 219 129 20600 1716 569 509 68
is_linear=0
shrinkage=0.04


Tree=162
num_leaves=15
num_cat=0
split_feature=80 83 54 54 22 15 87 59 7 54 55 83 29 80
split_gain=4.90891 6.42004 4.68913 5.46473 8.51904 6.72026 6.17273 6.94284 7.12555 6.25234 5.42791 6.88049 6.81085 6.13639
threshold=0.97650000000000003 2.1329500000000006 0.34050000000000008 0.38950000000000007 0.075000000000000011 1.0000000180025095e-35 0.090550000000000005 0.70835000000000015 0.20835000000000001 0.39550000000000007 0.43100000000000005 -0.46659999999999996 1.0000000180025095e-35 0.024500000000000004
decision_type=2 2 2 2 2 2 2 2 2 2 2 2 2 2
left_child=2 -2 -1 4 5 -4 9 -8 -9 -5 -11 -12 -13 -14
right_child=1 -3 3 6 -6 -7 7 8 -10 10 11 12 13 -15
leaf_value=-0.004366334073885007 0.014676063812703406 -0.030823567999048583 -0.0038643956246943488 -0.028395126169730667 0.01215726130061886 0.0077038968494151649 -0.0016832128067692268 0.0046818388223704779 0.026938479684232769 0.00070374593460474698 0.010025645842460258 -0.020921334840486795 -0.01121017451523991 -0.00060722620076940185
leaf_weight=396.06895713217091 57.346594987437129 4.4909804528579107 207.33724889648147 14.199518896173684 145.37533510918729 129.79160906397738 355.59512947965413 287.57494242209941 24.110061483457685 428.86032793764025 40.127516706939787 49.56143539538607 153.01058442657813 202.00359933031723
leaf_count=6025 422 30 3296 153 1152 1224 2909 1892 130 3760 610 508 1134 1244
internal_value=-0.000104834 0.0109337 -0.000389696 0.000385066 0.0040993 0.000598906 -0.000769294 0.00213573 0.00648412 -0.00295278 -0.00250722 -0.00559843 -0.00716899 -0.00519573
internal_weight=2495.45 61.8376 2433.62 2037.55 482.504 337.129 1555.04 667.28 311.685 887.763 873.563 444.703 404.576 355.014
internal_count=24489 452 24037 18012 5672 4520 12340 4931 2022 7409 7256 3496 2886 2378
is_linear=0
shrinkage=0.04


Tree=163
num_leaves=15
num_cat=0
split_feature=49 53 83 87 71 78 71 70 56 55 83 53 78 67
split_gain=4.243 4.49078 3.94405 3.87303 4.24136 4.65216 4.21083 4.38842 3.83242 4.74267 3.72382 3.64091 3.54462 3.41212
threshold=1.0000000180025095e-35 0.37150000000000005 2.0663000000000005 0.74365000000000014 0.37050000000000005 -0.10889999999999998 0.24750000000000003 3.0298500000000002 0.13550000000000004 0.28350000000000003 -0.93744999999999989 0.099500000000000019 0.11960000000000001 1.0000000180025095e-35
decision_type=2 2 2 2 2 2 2 2 2 2 2 2 2 2
left_child=1 2 3 4 6 -6 7 -1 9 -2 -8 -7 -12 -10
right_child=8 -3 -4 -5 5 11 10 -9 13 -11 12 -13 -14 -15
leaf_value=-0.0076724968810265694 -0.015015226480369613 0.029166231916310768 -0.04182653249359837 0.018570038162838771 -0.001827562283720083 -0.0083875011327174155 -0.024429963581744232 0.030360578081159658 -0.00037242943959916579 0.028464048278612479 -0.0014405301178330363 -0.051809170599350973 0.041410276440193294 0.0046074288134052514
leaf_weight=150.59809347102419 4.6976336804218617 4.8186369771137825 3.972030544653534 9.1180709823966009 10.609026242280381 5.2709761001169673 2.2247591251507393 4.0455021020025006 2020.4559608027339 14.565782777965067 4.998591988347469 8.3988790027797204 6.8166152238845825 246.05240055802278
leaf_count=3088 88 36 34 69 268 43 34 30 17225 163 70 69 27 3221
internal_value=-0.000176914 -0.00559212 -0.0065419 -0.00564581 -0.00687993 -0.022183 -0.00455958 -0.00648887 0.000324886 0.0176433 0.0157092 -0.0367792 0.0245838 0.000169978
internal_weight=2496.64 210.871 206.053 202.081 192.962 24.2789 168.684 154.644 2285.77 19.2634 14.04 13.6699 11.8152 2266.51
internal_count=24465 3768 3732 3698 3629 380 3249 3118 20697 251 131 112 97 20446
is_linear=0
shrinkage=0.04


Tree=164
num_leaves=15
num_cat=0
split_feature=5 59 55 35 84 70 50 20 46 79 36 87 60 60
split_gain=3.6874 6.37263 6.92763 6.86897 6.09787 5.88354 5.77734 5.71444 5.16874 4.94888 4.35009 6.20311 6.0337 4.62951
threshold=0.20835000000000001 0.63335000000000008 0.51800000000000013 -0.27034999999999992 0.17645000000000002 2.8340000000000001 0.51040000000000008 -0.51664999999999994 -0.66979999999999984 0.95835000000000015 1.0000000180025095e-35 0.53615000000000013 0.71650000000000003 0.16500000000000004
decision_type=2 2 2 2 2 2 2 2 2 2 2 2 2 2
left_child=1 6 3 4 -3 -5 -1 -2 9 -8 13 12 -12 -9
right_child=7 2 -4 5 -6 -7 8 10 -10 -11 11 -13 -14 -15
leaf_value=-0.0091283454594182616 0.038182699038605418 -0.014303339031412399 0.010233045008896539 -0.0025714553618680944 0.0072220307224669378 -0.033240942262438553 -0.021572214664922509 -0.014915276610045857 0.001145020770132065 0.023189986479042708 0.0075519238553280682 0.037412030071606067 -0.021039607175330346 -0.0024047853055722867
leaf_weight=136.43543082103133 4.613626390695571 22.05504196556285 186.75520035414957 210.80546608823352 250.71221471996978 9.5233436622656864 26.944751813542101 48.678315336350352 479.08247339981608 3.7618733569979659 66.924440816044807 8.1522711813449842 13.306772426003588 1024.7931116523687
leaf_count=2636 21 330 1398 2475 1757 105 561 437 4875 44 615 35 144 9141
internal_value=-0.00044971 0.00099294 0.00369385 0.0012015 0.00543567 -0.00404129 -0.00184983 -0.0020892 0.000112183 -0.01553 -0.00228182 0.006202 0.00260924 -0.00298545
internal_weight=2492.54 1326.08 679.851 493.096 272.767 220.329 646.225 1166.47 509.789 30.7066 1161.85 88.3835 80.2312 1073.47
internal_count=24574 14181 6065 4667 2087 2580 8116 10393 5480 605 10372 794 759 9578
is_linear=0
shrinkage=0.04


Tree=165
num_leaves=15
num_cat=0
split_feature=87 6 29 49 57 54 18 39 35 55 57 53 50 70
split_gain=5.32017 6.7506 6.32198 5.14758 8.77273 5.97637 6.53968 6.94812 5.2194 5.12207 5.16435 8.8774 8.35009 5.98972
threshold=0.73280000000000012 1.0000000180025095e-35 1.0000000180025095e-35 0.58335000000000015 0.18250000000000002 0.37550000000000006 -0.17499999999999996 1.0000000180025095e-35 -0.34344999999999998 0.55750000000000022 0.46450000000000008 0.18150000000000002 0.57290000000000008 2.3643500000000004
decision_type=2 2 2 2 2 2 2 2 2 2 2 2 2 2
left_child=3 2 -2 9 -5 6 -6 -8 -9 -1 11 13 -13 -11
right_child=1 -3 -4 4 5 -7 7 8 -10 10 -12 12 -14 -15
leaf_value=-0.003069290034372289 0.007308926901439145 0.032300366097750874 -0.035173344159675393 -0.034626926685456652 0.01304467967103049 0.00033155950631747036 0.0047803024727773634 -0.041923599865689061 0.00010678791581569949 0.0073374975217463459 -0.0023628471466864993 0.0016498546806509109 0.036574637537488006 -0.015851174258052575
leaf_weight=1198.1422230277676 74.97184035461396 15.636346610262988 5.0625618407502762 9.4180942485108954 144.27755364123732 665.53077779617161 80.020263081882149 9.0290275951847452 8.9328507147729379 66.024639891460538 141.38922859961167 18.203617359045893 26.878357956651598 23.283595100510865
leaf_count=14110 518 92 32 113 1280 4905 927 82 106 692 1070 158 146 239
internal_value=-0.000102949 0.00909678 0.00422083 -0.000474685 0.00187676 0.00229316 0.00765852 -0.000324209 -0.0221177 -0.00193825 0.00296897 0.00855449 0.0228142 0.00118339
internal_weight=2486.8 95.6707 80.0344 2391.13 917.209 907.79 242.26 97.9821 17.9619 1473.92 275.779 134.39 45.082 89.3082
internal_count=24470 642 550 23828 7413 7300 2395 1115 188 16415 2305 1235 304 931
is_linear=0
shrinkage=0.04


Tree=166
num_leaves=15
num_cat=0
split_feature=25 35 34 78 86 18 55 1 52 60 82 73 4 4
split_gain=3.11868 5.84551 4.51619 7.90056 10.4092 7.03817 6.29945 7.27336 5.71603 5.0727 4.61647 4.53974 5.53825 8.663
threshold=1.0000000180025095e-35 1.7701000000000002 1.0000000180025095e-35 0.075150000000000008 0.39385000000000003 -0.37499999999999994 0.35150000000000003 2.6035000000000008 0.6120000000000001 0.42365000000000003 -0.17689999999999997 0.20835000000000001 0.47900000000000004 0.42350000000000004
decision_type=2 2 2 2 2 2 2 2 2 2 2 2 2 2
left_child=1 -1 3 5 6 10 -5 8 -8 -9 -2 -7 13 -13
right_child=2 -3 -4 4 -6 11 7 9 -10 -11 -12 12 -14 -15
leaf_value=-0.0014332417279765283 0.039951707668091849 -0.016087684736639261 -0.00011593023122634201 0.026836943934187816 -0.030673079668287261 -0.017311343364255966 0.011320453228398674 -0.0083523397903959434 -0.013505733480094623 0.031055471688037094 -0.0058471124044693823 -0.0027003111799689863 -0.015702207172733053 0.03467896775432993
leaf_weight=709.09872037847526 8.7458534841425699 45.4259453661507 1465.9464000612497 44.204385901335627 7.7149038538336745 34.476784232538193 31.04980430752039 6.0533769465982941 26.632027749437839 25.494594366289675 5.1555561218410721 34.291624675970525 22.398964443709701 12.8866143906489
leaf_count=9284 77 821 11793 294 44 579 216 44 170 133 33 600 292 131
internal_value=-0.000192399 -0.00233563 0.000745846 0.00560326 0.0119547 -0.0020337 0.0146292 0.00835109 -0.000176758 0.0234697 0.0237139 -0.00566653 0.000267221 0.00801763
internal_weight=2479.58 754.525 1725.05 259.104 141.149 117.955 133.434 89.2298 57.6818 31.548 13.9014 104.054 69.5772 47.1782
internal_count=24511 10105 14406 2613 901 1712 857 563 386 177 110 1602 1023 731
is_linear=0
shrinkage=0.04


Tree=167
num_leaves=15
num_cat=0
split_feature=87 73 35 3 4 52 11 3 2 53 52 56 53 49
split_gain=3.64659 6.29901 10.2787 10.4077 6.43706 8.09888 6.89585 6.3381 7.3418 7.26635 5.67258 5.69658 5.90622 5.78154
threshold=0.26875000000000004 0.20835000000000001 -0.64284999999999992 0.23850000000000002 0.50600000000000012 0.55780000000000018 0.87500000000000011 0.28250000000000003 0.29600000000000004 0.26150000000000007 0.66470000000000007 0.57750000000000001 0.20950000000000002 0.36665000000000009
decision_type=2 2 2 2 2 2 2 2 2 2 2 2 2 2
left_child=-1 2 3 -2 6 7 -3 -6 -9 -10 -7 12 13 -12
right_child=1 4 -4 -5 5 10 -8 8 9 -11 11 -13 -14 -15
leaf_value=-0.001321862459708075 -0.015524677154647651 0.0040871368409514429 -0.014243425964190108 0.035859398850989092 0.036077353530615426 -0.027751539453681077 0.018325935995721358 -0.0030133980078323771 0.049244210059911434 -0.007510099557327168 0.01833202794884704 0.012737487225786387 -0.027529211853143502 -0.012000758819191111
leaf_weight=1721.3203755160794 9.9273688253015298 392.16629770863801 77.857424637302756 14.388820599764584 9.1245475653558952 21.629664584994316 62.408060805872083 68.293998694047332 8.4423052724450809 5.4622921217232934 13.801510410383342 20.677998570725322 21.608432076871395 30.402165830135345
leaf_count=19807 66 2489 590 65 51 137 391 410 37 30 71 108 124 180
internal_value=-0.000304871 0.0020088 -0.00718216 0.0150967 0.00345343 -0.00252881 0.0060779 0.00620541 0.00249567 0.0279408 -0.00989541 -0.00516375 -0.0108947 -0.00233406
internal_weight=2477.51 756.191 102.174 24.3162 654.017 199.443 454.574 91.3231 82.1986 13.9046 108.12 86.4901 65.8121 44.2037
internal_count=24556 4749 721 131 4028 1148 2880 528 477 67 620 483 375 251
is_linear=0
shrinkage=0.04


Tree=168
num_leaves=15
num_cat=0
split_feature=25 80 80 46 83 53 35 4 71 71 19 80 54 5
split_gain=3.49609 5.07333 6.98389 6.32043 6.06298 7.17708 6.44303 5.66083 5.60742 5.72122 5.16414 4.90685 4.65753 5.49304
threshold=1.0000000180025095e-35 0.24650000000000002 0.45450000000000007 0.93300000000000016 1.1759500000000001 0.18850000000000003 0.25860000000000005 0.37650000000000006 -0.54949999999999999 0.76350000000000018 0.18335000000000004 0.29950000000000004 0.58550000000000002 0.45835000000000009
decision_type=2 2 2 2 2 2 2 2 2 2 2 2 2 2
left_child=1 3 4 8 5 6 -3 -8 -1 10 -10 -7 -4 -14
right_child=-2 2 12 -5 -6 11 7 -9 9 -11 -12 -13 13 -15
leaf_value=-0.010330554985340825 0.0007251101062527869 -0.0078663482752230687 0.00073640889262457769 0.017388226155038228 -0.050343719048974445 -0.017762583197541867 -0.010351311447391352 -0.044426707937343178 0.0031558322942150038 -0.024258537072483152 -0.017589465316672739 0.021886624858096632 -0.032849397850290264 0.014138832784931703
leaf_weight=86.572846129885875 1727.5105473997537 49.638225046452135 148.133881802205 30.129564481787384 6.2225650073960415 6.6296121105551746 14.039750153664498 19.02059823833406 328.23117299762089 12.85660074604675 19.397861946374178 13.861566644161938 13.317889962345363 4.8566792104393235
leaf_count=2687 14474 468 1380 246 39 41 215 156 4297 168 214 85 93 28
internal_value=-0.000266377 -0.00253924 -0.00684819 -4.03987e-05 -0.0146481 -0.012033 -0.017246 -0.0306847 -0.00125119 0.000951822 0.0019511 0.00882911 -0.00165983 -0.0202105
internal_weight=2480.42 752.909 275.721 477.188 109.412 103.19 82.6986 33.0603 447.058 360.486 347.629 20.4912 166.308 18.1746
internal_count=24591 10117 2505 7612 1004 965 839 371 7366 4679 4511 126 1501 121
is_linear=0
shrinkage=0.04


Tree=169
num_leaves=15
num_cat=0
split_feature=80 83 78 56 60 1 3 69 19 71 83 83 71 87
split_gain=5.36288 4.88792 4.06932 3.77937 6.79021 6.45239 5.04854 4.20313 3.69962 6.3499 9.01278 6.62736 4.73521 4.65493
threshold=0.73750000000000016 2.1675000000000004 -0.43589999999999995 0.27850000000000008 0.44750000000000006 0.55550000000000022 0.21100000000000002 0.90000000000000013 -0.28334999999999994 0.50450000000000006 1.1759500000000001 -0.27969999999999995 -0.23549999999999996 0.28005000000000008
decision_type=2 2 2 2 2 2 2 2 2 2 2 2 2 2
left_child=2 3 -1 5 -5 -2 -7 -6 9 10 13 -11 -12 -4
right_child=1 -3 8 4 7 6 -8 -9 -10 11 12 -13 -14 -15
leaf_value=-0.010868927988360191 -0.005860003720765593 -0.02032842316956264 0.0018720073334492662 0.013288533690903451 -0.023280297914776042 0.044904047680136012 -0.0026932792815434498 0.0011512001999556144 0.00017445327543027955 -0.021699206213977772 -0.0064694490625936216 0.023648396954561599 -0.038139925799258831 -0.013512312157217571
leaf_weight=59.156611412880011 9.2154072276316601 9.3292253892868739 85.477167423581704 78.215906083583832 13.275361669249831 14.455594373866917 4.4932278860360375 53.058832935523242 2043.842215115088 6.0094449603930142 12.319134034216402 19.614662297070026 20.69219240732491 48.617567925713956
leaf_count=1438 110 65 1172 524 101 83 32 482 19715 65 96 113 139 340
internal_value=-7.73877e-05 0.00651182 -0.000602497 0.00807028 0.00537658 0.021237 0.0340483 -0.00401137 -0.000326217 -0.00560916 -0.00845935 0.0125978 -0.0268589 -0.00376449
internal_weight=2477.77 182.044 2295.73 172.714 144.55 28.1642 18.9488 66.3342 2236.57 192.73 167.106 25.6241 33.0113 134.095
internal_count=24475 1397 23078 1332 1107 225 115 583 21640 1925 1747 178 235 1512
is_linear=0
shrinkage=0.04


Tree=170
num_leaves=15
num_cat=0
split_feature=1 4 22 4 83 56 2 86 4 26 54 80 1 82
split_gain=3.90805 7.64148 5.21012 6.87915 6.25237 6.45372 5.54804 5.46777 4.51729 4.11824 4.74277 4.08552 4.13375 4.07219
threshold=3.2825000000000002 0.67100000000000015 0.10835000000000002 0.5415000000000002 0.013350000000000002 0.64050000000000018 0.29200000000000004 0.54285000000000017 0.42650000000000005 0.7350000000000001 0.64850000000000019 0.8135 3.4810000000000003 1.1922500000000003
decision_type=2 2 2 2 2 2 2 2 2 2 2 2 2 2
left_child=-1 2 4 -4 13 7 -5 8 -6 -3 -11 12 -10 -2
right_child=1 9 3 6 5 -7 -8 -9 11 10 -12 -13 -14 -15
leaf_value=-0.00042198384465138487 0.0025646846655941889 -0.052749243818344081 0.033696455148080562 -0.013863965201791777 0.011503932318896983 0.024900427969096906 0.01792145213808562 0.021778160894647396 -0.00080651092371341563 -0.031410017380145587 0.018455682104359876 0.0070228246014196038 -0.038562793010908231 0.022704601800155738
leaf_weight=2297.5130903171375 38.934059189166874 3.7653023079037657 23.608698065392673 13.269333034753798 6.026809860020875 7.3740876093506804 22.097483445890248 5.2943754196166983 5.9210898447781828 5.1071834368631226 5.1706921812146902 5.1170616224408141 21.188528071157634 26.701637836173177
leaf_count=23411 381 24 132 81 35 30 116 29 33 41 34 32 120 123
internal_value=3.44142e-05 0.00553878 0.00784481 0.0174294 0.00288822 -0.00754672 0.00594253 -0.0134767 -0.0187866 -0.0218909 -0.00691109 -0.024627 -0.0306384 0.0109757
internal_weight=2487.09 189.576 175.533 58.9755 116.558 50.922 35.3668 43.5479 38.2535 14.0432 10.2779 32.2267 27.1096 65.6357
internal_count=24622 1211 1112 329 783 279 197 249 220 99 75 185 153 504
is_linear=0
shrinkage=0.04


Tree=171
num_leaves=15
num_cat=0
split_feature=25 16 86 54 52 56 18 55 55 80 41 82 53 87
split_gain=3.92527 7.33911 8.50416 6.11053 9.99668 5.44337 5.21758 4.52134 4.18893 9.61385 7.46125 6.57194 6.64807 9.36432
threshold=1.0000000180025095e-35 1.0000000180025095e-35 0.39385000000000003 0.62250000000000016 0.53390000000000015 0.58850000000000013 -0.074999999999999997 0.55100000000000016 0.32050000000000006 -0.13149999999999998 1.0000000180025095e-35 1.5749500000000001 0.099500000000000019 0.64315000000000011
decision_type=2 2 2 2 2 2 2 2 2 2 2 2 2 2
left_child=1 2 3 5 -5 -1 -3 -4 9 -2 -11 12 -12 -14
right_child=8 6 7 4 -6 -7 -8 -9 -10 10 11 -13 13 -15
leaf_value=-0.0032310184965715183 -0.015118119368697292 0.0049986964041660161 -0.044861220905161411 0.0082733599695292356 -0.040615313720284534 0.012380599314850178 0.035869929448197051 0.0039354872116404921 0.00037119113978121811 0.021599303882914755 -0.014677348568173555 -0.034821529183737265 0.01567565028343286 -0.037190594397040311
leaf_weight=586.6305649393471 26.545405877754092 73.638446832541376 11.017777713015674 10.571382849942895 15.966584427282212 37.072919135447592 9.0264458372257632 3.8623791779391459 1535.2461131312884 59.276439377106726 18.279979221988469 5.6511993557214728 68.647869800683111 4.8649801034480324
leaf_count=8502 369 823 61 113 117 351 99 37 12487 490 264 41 684 39
internal_value=2.79775e-06 -0.00241444 -0.00381409 -0.00310276 -0.0215473 -0.00228473 0.00875807 -0.032745 0.00105542 0.00675418 0.0105313 0.00364745 0.00636552 0.0117249
internal_weight=2466.3 747.787 665.122 650.241 26.538 623.703 82.6649 14.8802 1718.51 183.266 156.72 97.444 91.7928 73.5128
internal_count=24477 10103 9181 9083 230 8853 922 98 14374 1887 1518 1028 987 723
is_linear=0
shrinkage=0.04


Tree=172
num_leaves=15
num_cat=0
split_feature=87 19 20 35 71 57 71 53 75 53 53 5 70 71
split_gain=3.75563 7.95547 7.50609 4.76133 4.42564 5.85026 5.90215 6.15943 5.58137 7.55034 7.71283 7.42117 7.58407 5.81394
threshold=0.68955000000000011 0.18335000000000004 -0.049999999999999996 -0.55024999999999991 0.023500000000000004 0.29250000000000004 0.49450000000000005 0.12150000000000001 0.69050000000000011 0.26750000000000007 0.20100000000000004 0.87500000000000011 1.4091500000000001 0.094500000000000015
decision_type=2 2 2 2 2 2 2 2 2 2 2 2 2 2
left_child=4 2 -2 -4 -1 6 -6 -8 9 10 -7 12 -11 -12
right_child=1 -3 3 -5 5 8 7 -9 -10 11 13 -13 -14 -15
leaf_value=0.0005670997771677369 -0.03874470771529586 -0.034864102619003433 0.022008793746247774 0.0049463450678251331 0.01170343142856527 -0.0056417851208596147 0.001707272266780292 -0.036682269893691798 0.0019690864447951531 0.017400312577790712 -0.044090960696801011 -0.027635446331564069 -0.0035298361381014688 -0.014284248423861994
leaf_weight=1437.2217685278738 4.2442545108497134 6.2291517630219451 37.230472750961781 85.64087762311101 76.460355932824314 392.17770661180839 25.800008951453492 7.9885217132978132 180.6907620318234 50.166266230866313 11.300634870305656 10.533165657892821 59.797144864685833 89.739946816116571
leaf_count=16611 33 33 220 604 759 3294 343 56 1232 327 70 72 361 531
internal_value=-0.000439798 0.00606453 0.00832666 0.0102523 -0.00081258 -0.00300268 0.00559635 -0.00816259 -0.0042016 -0.00601863 -0.00820836 0.0029382 0.00608944 -0.0180173
internal_weight=2475.22 133.345 127.116 122.871 2341.88 904.655 110.249 33.7885 794.406 613.715 493.218 120.497 109.963 101.041
internal_count=24546 890 857 824 23656 7045 1158 399 5887 4655 3895 760 688 601
is_linear=0
shrinkage=0.04


Tree=173
num_leaves=15
num_cat=0
split_feature=20 75 54 3 50 54 55 79 23 60 70 3 84 80
split_gain=4.66053 4.63087 4.14173 3.50213 2.8245 4.17064 6.40013 4.63886 10.2241 9.3167 7.60153 6.87389 6.39425 8.27924
threshold=0.31665000000000004 0.47220000000000006 0.40100000000000008 0.8600000000000001 0.46875000000000006 0.38950000000000007 0.28350000000000003 0.70835000000000015 0.27500000000000008 0.24800000000000003 1.0918500000000002 0.39350000000000007 0.46595000000000003 0.020500000000000004
decision_type=2 2 2 2 2 2 2 2 2 2 2 2 2 2
left_child=3 -2 -3 4 -1 6 -6 8 12 10 -9 -10 13 -7
right_child=1 2 -4 -5 5 7 -8 9 11 -11 -12 -13 -14 -15
leaf_value=-0.0036668990420348369 0.042013607848501715 -0.030428895966177798 0.019495699065735755 0.018713968367006808 -0.0067705310424534529 -0.0039430439707389391 0.0043504650086134689 -0.025696531016084202 -0.038708147483628844 0.0044101258110419306 -0.00036900503628739783 0.01905373975676769 -0.0058416761734378453 0.0062676009105574072
leaf_weight=300.84879336226732 7.4779506102204349 3.2199868708848935 6.1897290693596005 15.031138474121688 94.198119096225128 258.24382289219648 638.73904908681288 30.566648589912802 18.060553621500734 447.93738296441734 47.548772608395666 3.3495985213667145 370.89520390797406 248.23122776625678
leaf_count=4598 45 30 46 139 1479 2829 7237 236 175 3370 353 21 2271 1726
internal_value=0.000225959 0.02057 0.00112964 7.88144e-05 -4.26766e-05 0.000464098 0.0029139 -0.000797246 -0.00254233 0.00218347 -0.0104792 -0.0292244 -0.00185869 0.00106384
internal_weight=2490.54 16.8877 9.40972 2473.65 2458.62 2157.77 732.937 1424.83 898.78 526.053 78.1154 21.4102 877.37 506.475
internal_count=24555 121 76 24434 24295 19697 8716 10981 7022 3959 589 196 6826 4555
is_linear=0
shrinkage=0.04


Tree=174
num_leaves=15
num_cat=0
split_feature=52 54 1 57 54 71 52 53 83 20 54 78 80 55
split_gain=3.79827 6.69543 6.75042 7.69359 4.47399 4.66382 7.29237 10.401 10.3668 7.93681 7.69344 6.99193 6.92886 6.76725
threshold=0.12770000000000001 0.22300000000000003 2.8735000000000004 0.42450000000000004 0.72350000000000014 -0.46949999999999992 0.55410000000000015 0.062500000000000014 -1.1726999999999999 -1.0000000180025095e-35 0.36450000000000005 0.48415000000000002 0.045500000000000006 0.26500000000000007
decision_type=2 2 2 2 2 2 2 2 2 2 2 2 2 2
left_child=1 -1 -3 -4 5 11 -7 12 -9 -10 13 -2 -8 -11
right_child=4 2 3 -5 -6 6 7 8 9 10 -12 -13 -14 -15
leaf_value=-0.026843372152859226 -0.0050015656763551563 -0.00064257604110722294 0.013791384980251436 -0.054218986061064234 0.008022145972017846 0.0041693768971635247 -0.00061091017073465763 0.024689097889717335 0.017829378306677926 -0.018440680052857809 -0.0041374426997431444 0.010732663241564249 -0.030087464880426924 0.0065946026757571939
leaf_weight=18.972762101562694 402.90316221793182 183.79401402664371 3.485070897266267 6.9611846394836903 128.03697842732072 774.74702411354519 21.352460026275367 25.281912394333631 33.951827700249851 17.858738490380347 567.075446291361 49.934655203483999 30.861245999578387 209.53633676609024
leaf_count=501 6782 2629 29 60 883 6833 265 255 215 178 3488 352 307 1761
internal_value=0.000307543 -0.00478343 -0.00250223 -0.0323068 0.000789411 0.000351801 0.00132274 -0.00111364 -4.41065e-05 -0.000827775 -0.0016465 -0.00324672 -0.0182712 0.0045563
internal_weight=2474.75 213.213 194.24 10.4463 2261.54 2133.5 1680.66 905.918 853.704 828.422 794.471 452.838 52.2137 227.395
internal_count=24538 3219 2718 89 21319 20436 13302 6469 5897 5642 5427 7134 572 1939
is_linear=0
shrinkage=0.04


Tree=175
num_leaves=15
num_cat=0
split_feature=54 54 8 52 52 57 19 55 54 2 18 53 53 80
split_gain=4.53611 5.29126 8.95173 6.02546 5.73182 5.26021 4.98901 6.79201 5.93498 8.06721 8.09278 7.16402 6.97717 6.60136
threshold=0.34850000000000003 0.35350000000000004 1.0000000180025095e-35 0.92725000000000002 1.0000000180025095e-35 0.5485000000000001 -0.28334999999999994 0.70900000000000007 0.71500000000000008 0.28050000000000008 -0.72499999999999987 0.19650000000000004 0.11550000000000002 -0.59249999999999992
decision_type=2 2 2 2 2 2 2 2 2 2 2 2 2 2
left_child=5 2 3 4 -2 -1 7 -3 9 11 -11 12 -8 -12
right_child=1 6 -4 -5 -6 -7 8 -9 -10 10 13 -13 -14 -15
leaf_value=-0.0045078634340374162 0.027878455652276042 -0.0041616161795944425 0.015109900386514726 0.020143561749814159 -0.0035188139419829174 0.017200055539848613 0.0041713474748271322 -0.033933051804379014 0.0089835454897822485 -0.026993747994818879 0.031257711525888063 0.0052911056607954764 -0.003797061398137781 -0.0054444025411785049
leaf_weight=416.89607611740939 8.854693020693956 143.90875048795715 105.73968899738975 21.633599421475083 166.24397402035538 17.68735867459327 268.3165843479801 12.454756136052309 127.24251935957 26.94922947883606 7.1719194254837921 454.07561239833012 505.54597243852913 200.22938125021756
leaf_count=6232 214 1286 846 241 2530 215 2780 87 917 175 54 3220 4496 1310
internal_value=0.000120103 0.000907951 0.00578301 0.000718924 -0.00178177 -0.0035869 6.05327e-05 -0.00673355 0.000732686 9.08046e-06 -0.00677539 0.00130835 -0.00103241 -0.00403135
internal_weight=2482.95 2048.37 302.472 196.732 175.099 434.583 1745.89 156.364 1589.53 1462.29 234.351 1227.94 773.863 207.401
internal_count=24603 18156 3831 2985 2744 6447 14325 1373 12952 12035 1539 10496 7276 1364
is_linear=0
shrinkage=0.04


Tree=176
num_leaves=15
num_cat=0
split_feature=46 19 82 57 54 54 53 60 35 2 83 26 83 53
split_gain=5.2661 6.67253 6.75925 5.67149 5.69121 5.66371 6.29411 4.93238 4.56571 4.53258 4.91739 8.25634 4.67683 4.46563
threshold=1.0773500000000003 -0.14999999999999997 0.75205000000000011 0.33550000000000008 0.41450000000000004 0.29750000000000004 0.12150000000000001 0.45950000000000008 -0.56754999999999989 0.12300000000000001 1.4119500000000003 0.23500000000000001 0.79505000000000015 0.10350000000000001
decision_type=2 2 2 2 2 2 2 2 2 2 2 2 2 2
left_child=-1 2 8 -3 5 7 -7 -5 -2 13 12 -12 -11 -6
right_child=1 3 -4 4 9 6 -8 -9 -10 10 11 -13 -14 -15
leaf_value=-0.00034276163996081445 -0.032734426639341244 0.016915602912346391 0.031274679879608469 -0.022939454745079361 -0.0070721656810379179 -0.0087869003777817471 -0.048430175859752927 0.031903584286290351 0.014778430839940314 0.0011895232879033418 -0.021133019942238589 0.023100473653953492 -0.020446764048745358 0.020402453125036808
leaf_weight=2234.6851061977213 4.4400368910282833 37.405629907269031 27.280060950666666 3.2640917776152474 12.119832436554132 20.175287364982072 8.8170785903930646 6.1515327636152506 7.0434799594804645 38.867170548066497 8.4094524253159744 23.704870637506247 26.030081087723374 36.250651116482913
leaf_count=22887 46 250 125 33 82 150 70 45 86 260 46 117 130 244
internal_value=0.00028499 0.00566196 0.0207538 0.00293569 1.43078e-05 -0.0134786 -0.0220559 0.0125142 -0.00474277 0.00364668 -0.00136117 0.0112291 -0.00766731 0.0135145
internal_weight=2494.64 259.959 38.7636 221.196 183.79 38.408 28.9924 9.41562 11.4835 145.382 97.0116 32.1143 64.8973 48.3705
internal_count=24571 1684 257 1427 1177 298 220 78 132 879 553 163 390 326
is_linear=0
shrinkage=0.04


Tree=177
num_leaves=15
num_cat=0
split_feature=20 75 80 10 54 71 18 82 71 87 54 54 70 52
split_gain=4.55015 4.72845 4.23094 4.82811 6.37584 7.19415 6.90481 6.79434 6.60012 5.82208 5.37796 5.22946 5.21505 5.19447
threshold=0.31665000000000004 0.56350000000000011 -0.0024999999999999996 1.0000000180025095e-35 0.40850000000000003 0.049500000000000009 -0.67499999999999993 1.9682500000000001 -0.070499999999999993 0.16685000000000003 0.40100000000000008 0.78150000000000019 0.74520000000000008 0.30860000000000004
decision_type=2 2 2 2 2 2 2 2 2 2 2 2 2 2
left_child=2 -2 3 4 6 8 -1 11 13 10 -8 -7 -10 -6
right_child=1 -3 -4 -5 5 7 9 -9 12 -11 -12 -13 -14 -15
leaf_value=0.020728702367393211 0.038888368940829983 -0.0030097607682327112 0.00051574814217625689 0.0029830347070888071 0.006292365525928335 -0.026513009303657999 -0.012063355303487127 0.02892410963893572 0.037524692239934224 0.0091015127882310594 0.028100302649556923 0.017193504236429343 7.3993644597751919e-05 -0.013262293810997101
leaf_weight=21.943075006827712 8.6507414476946014 7.5452827373519531 1957.7082547304453 129.66196155664511 27.172302602790296 62.513107609469444 75.796892422717065 3.350622506812214 8.1027338085696119 40.173390842508525 4.7943818187341085 4.0389018934220067 17.18395847058855 98.29390900535509
leaf_count=184 55 69 18289 1394 438 532 1478 24 53 530 42 33 128 1295
internal_value=-0.000174986 0.0203293 -0.000318728 -0.00362661 -0.0059869 -0.0102326 0.000603419 -0.0207531 -0.0052498 -0.00319357 -0.0093589 -0.0236453 0.0130455 -0.00901106
internal_weight=2466.93 16.196 2450.73 493.025 363.363 220.656 142.708 69.9026 150.753 120.765 80.5913 66.552 25.2867 125.466
internal_count=24544 124 24420 6131 4737 2503 2234 589 1914 2050 1520 565 181 1733
is_linear=0
shrinkage=0.04


Tree=178
num_leaves=15
num_cat=0
split_feature=20 75 80 22 56 4 78 11 55 79 71 26 56 60
split_gain=3.44336 5.55622 3.00091 3.00983 2.99142 8.99361 2.97129 4.07384 5.16938 6.13348 3.87183 4.77832 4.09528 3.78147
threshold=0.31665000000000004 0.56350000000000011 -1.0139999999999998 0.075000000000000011 0.14400000000000002 0.092500000000000013 -0.18909999999999996 0.87500000000000011 0.42200000000000004 0.20835000000000001 0.78450000000000009 0.59000000000000008 0.16800000000000004 0.71650000000000003
decision_type=2 2 2 2 2 2 2 2 2 2 2 2 2 2
left_child=2 -2 3 -1 5 -4 7 -6 -9 -10 12 13 -8 -12
right_child=1 -3 4 -5 6 -7 10 8 9 -11 11 -13 -14 -15
leaf_value=0.0058252344989957695 0.037776066926351833 -0.0076246320194948945 -0.025461312284509267 -0.039194157566141176 -0.0061422041078901951 0.020746100549783902 -0.02255822500932116 -0.0048542009778453467 -0.017090669431552349 0.033900281770117266 0.022773282800347006 -0.0025335700733555462 -0.00023979680665984254 -0.0054599419892142429
leaf_weight=3.448466335423289 8.568009661510585 7.3372282069176427 7.7437378284521392 5.2904592584818602 263.17875379533507 29.42488837451674 12.241819623392074 25.802584547549486 4.2853307370096472 14.685793025884776 35.75149439368397 34.955577309243381 2001.8544391418109 9.1386813949793559
leaf_count=72 56 61 326 67 4310 428 225 516 76 163 235 270 17665 90
internal_value=-0.000370837 0.0176202 -0.000494886 -0.0226551 -0.000406236 0.0107044 -0.000582553 -0.00424441 0.00680124 0.0221031 -4.22401e-05 0.00854095 -0.000386577 0.0170319
internal_weight=2463.71 15.9052 2447.8 8.73893 2439.06 37.1686 2401.89 307.952 44.7737 18.9711 2093.94 79.8458 2014.1 44.8902
internal_count=24560 117 24443 139 24304 754 23550 5065 755 239 18485 595 17890 325
is_linear=0
shrinkage=0.04


Tree=179
num_leaves=15
num_cat=0
split_feature=80 78 83 80 35 86 23 35 79 65 20 82 55 70
split_gain=4.41654 6.37054 5.47538 4.95063 5.4951 6.5141 3.86787 4.78332 3.90681 3.67382 3.57674 4.53567 3.45487 5.18292
threshold=0.73750000000000016 -0.54249999999999987 1.8136000000000003 0.70050000000000001 0.19840000000000005 0.57515000000000016 0.31500000000000006 1.3848500000000004 0.87500000000000011 1.0000000180025095e-35 0.31665000000000004 0.62945000000000007 0.37050000000000005 -0.053099999999999987
decision_type=2 2 2 2 2 2 2 2 2 2 2 2 2 2
left_child=1 9 6 10 5 -5 7 12 -9 -1 -3 -12 13 -2
right_child=2 3 -4 4 -6 -7 -8 8 -10 -11 11 -13 -14 -15
leaf_value=-0.02735766743581813 -0.010437529311803362 -0.00033850135587274485 -0.013563780497270046 -0.042901637009304744 0.013625450251541375 0.0098003766642164904 -0.025370981536549368 0.039250071574922607 -0.0059050527687834623 0.0052452172363660707 0.034460726245618238 -0.0086381530877277495 0.00073944697391634465 0.018303841630846886
leaf_weight=20.942651048069823 11.497930109035222 2207.5497928126715 19.700304893776774 12.900802139192825 5.8407679051160803 4.6973803285509339 4.3412657910957924 12.609327727463098 3.6491002198308697 7.0103172664530566 9.3700953871011716 5.7316360455006352 71.331305062863976 56.008346593473107
leaf_count=622 96 21958 146 107 53 34 46 83 37 182 65 46 551 447
internal_value=-0.000161787 -0.000639105 0.00586738 -0.000398608 -0.0183037 -0.0290636 0.0083379 0.00943793 0.0293604 -0.0192824 -0.000201644 0.0185826 0.00691166 0.0133276
internal_weight=2453.18 2274.04 179.138 2246.09 23.439 17.5982 159.437 155.096 16.2584 27.953 2222.65 15.1017 138.838 67.5063
internal_count=24473 23067 1406 22263 194 141 1260 1214 120 804 22069 111 1094 543
is_linear=0
shrinkage=0.04


Tree=180
num_leaves=15
num_cat=0
split_feature=26 26 53 75 82 83 35 59 82 78 80 60 82 11
split_gain=3.40311 10.4234 7.12868 8.09997 13.1405 6.75359 6.99918 7.59037 6.35736 6.32386 6.17236 8.11852 6.25012 6.01346
threshold=0.8600000000000001 0.80500000000000016 0.38650000000000007 0.56350000000000011 0.80525000000000013 -0.11084999999999999 -0.74119999999999986 0.29165000000000002 -1.7761499999999997 0.49440000000000006 0.068500000000000019 0.22325000000000003 1.0964500000000001 0.62500000000000011
decision_type=2 2 2 2 2 2 2 2 2 2 2 2 2 2
left_child=1 -1 3 4 -2 -5 -7 -8 -4 -6 12 -12 -9 -13
right_child=2 -3 8 5 9 6 7 10 -10 -11 11 13 -14 -15
leaf_value=0.00012911586087689474 -0.0019152538041519972 0.017711728341104582 -0.041792386316220245 0.0094412924726101043 -0.028291414797142797 0.0067182035773339192 -0.030372318685258692 0.010978368687268517 0.011113672679364231 0.0016701427500567672 0.022099166629369768 -0.038725094164268885 -0.021962329204737525 -0.0062241051816599472
leaf_weight=1902.2685066959821 105.0260854982771 54.521604118403047 2.85874004010111 77.781827021855861 67.031269686296582 57.794356419704854 22.835252799093723 42.374522095546126 69.855112197808921 13.380412476137279 6.6641148403286925 18.767893737182021 10.726340815424917 17.734849575906992
leaf_count=20248 976 344 29 758 351 401 184 308 517 88 35 129 59 122
internal_value=-0.000132628 0.000627813 -0.00302979 -0.00494879 -0.0112839 -0.000309936 -0.00462652 -0.0101416 0.00849494 -0.0233466 -0.00507987 -0.0161377 0.00404141 -0.0235215
internal_weight=2469.62 1956.79 512.831 440.117 185.438 254.679 176.897 119.103 72.7139 80.4117 96.2677 43.1669 53.1009 36.5027
internal_count=24549 20592 3957 3411 1415 1996 1238 837 546 439 653 286 367 251
is_linear=0
shrinkage=0.04


Tree=181
num_leaves=15
num_cat=0
split_feature=83 53 86 53 86 71 55 6 50 18 35 82 26 19
split_gain=3.54621 9.64765 8.26429 7.82126 8.46177 8.03038 11.687 7.07481 6.92883 6.90033 7.38554 6.82312 6.36934 6.77432
threshold=1.3624500000000002 0.23750000000000002 0.39385000000000003 0.086500000000000007 0.70990000000000009 -0.18549999999999997 0.68500000000000016 0.79165000000000008 0.82290000000000008 1.0000000180025095e-35 -0.58854999999999991 1.0076000000000003 0.80500000000000016 -0.11664999999999999
decision_type=2 2 2 2 2 2 2 2 2 2 2 2 2 2
left_child=7 2 -2 -4 5 -5 -7 8 -1 -10 -11 -12 13 -3
right_child=1 12 3 4 -6 6 -8 -9 9 10 11 -13 -14 -15
leaf_value=0.00092807651294832488 -0.0014814579406203462 -0.023836441771583752 0.027543120828549098 0.006743035315479178 0.0023220237518901711 -0.035163782901919557 0.01016317277881513 -0.005707580212422121 0.013222062154994605 -0.04085579126954908 -0.018009523273523547 0.019208598945410226 0.0099497949179941387 0.00099719683683838342
leaf_weight=1591.7326256757369 130.52039895858616 20.304549193009734 5.3700043559074393 11.212147410959004 24.223574095405638 64.786372915841639 10.110551770776508 227.73492958722636 141.37814120296389 6.7692285683006039 13.146217144094409 16.824247762560844 108.71985200513154 100.00168009102345
leaf_count=18226 906 133 26 57 228 382 100 1834 954 61 143 79 771 660
internal_value=0.000174268 -0.00292761 -0.00840882 -0.0161437 -0.0184983 -0.0243147 -0.0289917 0.000913337 0.00176802 0.00922704 -0.00608923 0.0028289 0.00297611 -0.00335602
internal_weight=2472.83 475.249 246.223 115.703 110.333 86.1091 74.8969 1997.59 1769.85 178.118 36.7397 29.9705 229.026 120.306
internal_count=24560 3263 1699 793 767 539 482 21297 19463 1237 283 222 1564 793
is_linear=0
shrinkage=0.04


Tree=182
num_leaves=15
num_cat=0
split_feature=50 57 85 57 4 82 68 5 70 80 71 71 5 83
split_gain=2.91005 3.86791 5.40046 4.5348 4.25638 4.96093 3.07286 2.89037 2.82451 2.80773 3.69442 3.53933 3.28923 3.06634
threshold=0.36460000000000009 0.52450000000000008 0.37500000000000006 0.36300000000000004 0.28700000000000003 -0.12754999999999997 0.83335000000000015 0.54165000000000008 2.3786500000000004 1.1705000000000003 -1.3604999999999998 -1.3214999999999997 0.20835000000000001 2.2363500000000003
decision_type=2 2 2 2 2 2 2 2 2 2 2 2 2 2
left_child=1 3 -3 8 5 -5 9 -6 -1 10 -2 -12 -11 -13
right_child=6 2 -4 4 7 -7 -8 -9 -10 12 11 13 -14 -15
leaf_value=-0.0062501138855512416 -0.012888313715928525 -0.03661123479635351 0.018226573279415209 0.01482041645143508 0.025258429482611758 -0.044916983811965502 -0.02104141915094359 -0.014044764320055294 -0.0345728521865908 0.02810399535093408 0.031124555604469428 0.00049744989297061419 -0.0040549731766446996 0.010618546338188112
leaf_weight=37.652113470132463 31.012421472696587 11.651167849078773 3.0463066380470982 3.8069308255799115 17.011486160103235 3.3442459274083403 9.4115445623174292 2.919885533861815 5.7876019016839555 11.694628553465011 5.1402320368215433 2246.8942128891358 8.1180534241721016 47.942343042697757
leaf_count=877 659 98 61 96 168 31 334 35 73 69 79 21283 62 433
internal_value=0.000379118 -0.00683919 -0.0248081 -0.00279981 0.00982811 -0.015199 0.000642534 0.0191047 -0.0107167 0.000738257 0.000607394 0.00079489 0.0153655 0.000713427
internal_weight=2445.43 85.2197 14.6975 70.5223 27.0825 7.15118 2360.21 19.9314 43.4397 2350.8 2330.99 2299.98 19.8127 2294.84
internal_count=24358 1439 159 1280 330 127 22919 203 950 22585 22454 21795 131 21716
is_linear=0
shrinkage=0.04


Tree=183
num_leaves=15
num_cat=0
split_feature=19 79 68 5 70 19 57 57 49 50 20 23 2 44
split_gain=3.91724 4.38523 3.02052 2.98063 5.326 5.68172 4.47186 4.10011 4.08841 7.06624 5.74984 5.55179 5.45863 5.40193
threshold=0.51665000000000016 0.70835000000000015 0.83335000000000015 0.20835000000000001 3.3962500000000007 -0.14999999999999997 0.096000000000000016 0.7340000000000001 0.75000000000000011 0.78125000000000011 -1.0000000180025095e-35 0.21500000000000002 0.072000000000000008 0.26785000000000009
decision_type=2 2 2 2 2 2 2 2 2 2 2 2 2 2
left_child=2 -2 3 4 6 -6 -1 -8 9 10 -5 12 -10 -11
right_child=1 -3 -4 8 5 -7 7 -9 11 13 -12 -13 -14 -15
leaf_value=-0.02469625840420819 -0.049156137790835761 0.0048999884724991016 -0.021511479914817652 0.013165894689229365 -0.012540205615809392 0.021663083309572034 0.00047214595435505623 0.01215214807143967 0.01687100800680737 0.013568685753241591 -0.0023275876849078322 -0.036865763309243613 -0.0076953670758970593 -0.025166459327818084
leaf_weight=9.9841660038800892 4.4959441097453219 3.9700103085488081 9.5806315867230278 39.199885664042085 9.1393920443952066 35.78984347358346 1205.7514188475907 49.089880278799683 15.013100342825053 74.974555649328977 825.53701077599544 8.5499894358217698 154.7758083245717 5.3218194143846622
leaf_count=285 35 30 349 336 73 257 12841 468 123 496 7893 66 1205 44
internal_value=-0.000285396 -0.0259674 -0.000185797 -9.30228e-05 0.00120314 0.014584 0.000716682 0.000938385 -0.00160397 -0.000552616 -0.00161085 -0.00714102 -0.00543709 0.0107234
internal_weight=2451.17 8.46595 2442.71 2433.13 1309.75 44.9292 1264.83 1254.84 1123.37 945.033 864.737 178.339 169.789 80.2964
internal_count=24501 65 24436 24087 13924 330 13594 13309 10163 8769 8229 1394 1328 540
is_linear=0
shrinkage=0.04


Tree=184
num_leaves=15
num_cat=0
split_feature=22 35 6 22 5 83 70 70 70 50 53 4 83 46
split_gain=4.41367 6.44166 5.77914 6.80577 5.56537 6.91004 7.52662 6.3135 9.00445 6.20189 9.14895 5.4473 7.02817 5.44318
threshold=0.44165000000000004 1.4140500000000003 0.95835000000000015 0.35835000000000006 0.29165000000000002 0.59330000000000005 0.31165000000000004 0.2516500000000001 1.3540000000000003 0.69790000000000008 0.26750000000000007 0.51750000000000018 1.8768000000000002 -1.0000000180025095e-35
decision_type=2 2 2 2 2 2 2 2 2 2 2 2 2 2
left_child=2 13 -1 4 5 7 -7 -4 -9 -8 -11 -5 -13 -2
right_child=1 -3 3 11 -6 6 9 8 -10 10 -12 12 -14 -15
leaf_value=-0.00030533230192542499 -0.0067760343529157645 -0.02739898324956026 0.036582640246669927 0.010154740896805035 -0.011326087226108823 -0.023789513313337403 0.030277037337672855 -0.04064854153494548 0.0017532049484296299 -0.023883483179559049 0.021281525732010059 -0.05671275609867206 -0.0022680629572171462 0.010093397340160126
leaf_weight=2052.1733202686301 37.388788602780551 8.273747466504572 2.9236904093995681 4.2003610646352199 99.864342453889549 8.0108795631676895 24.227594757452607 13.668026349041613 17.488602536730468 11.224910484626891 16.396447019651532 10.483316799625756 5.7936484310775986 153.89213877497241
leaf_count=21391 383 99 29 31 787 52 114 127 152 77 89 67 38 1177
internal_value=-0.000456648 0.00523136 -0.000959546 -0.00719442 -0.00479957 0.00218476 0.0103139 -0.0119805 -0.0175335 0.0159335 0.00273395 -0.0285813 -0.0385866 0.00677792
internal_weight=2466.01 199.555 2266.46 214.282 193.804 93.9402 59.8598 34.0803 31.1566 51.849 27.6214 20.4773 16.277 191.281
internal_count=24613 1659 22954 1563 1427 640 332 308 279 280 166 136 105 1560
is_linear=0
shrinkage=0.04


Tree=185
num_leaves=15
num_cat=0
split_feature=54 54 1 84 49 45 20 60 22 54 53 82 86 80
split_gain=4.31423 6.07112 6.07984 5.32042 5.70679 5.10136 5.05982 4.89157 12.0133 4.85745 8.36119 5.9297 5.22162 5.16127
threshold=0.34550000000000003 0.35350000000000004 -0.19449999999999998 0.30790000000000006 1.0000000180025095e-35 1.0000000180025095e-35 0.38335000000000008 0.30500000000000005 0.14165000000000003 0.32050000000000006 0.15350000000000003 -0.33879999999999993 0.59355000000000013 0.69150000000000011
decision_type=2 2 2 2 2 2 2 2 2 2 2 2 2 2
left_child=7 2 5 4 -4 -2 -3 8 -1 10 13 -12 -11 -9
right_child=1 6 3 -5 -6 -7 -8 9 -10 12 11 -13 -14 -15
leaf_value=-0.0025288857081589323 0.044163900742222373 -0.00020730224468192297 -0.016344916114653114 0.0038920021421312975 0.022793266948626361 -0.0002152122121592939 0.031283268552698744 -0.003232228378015132 -0.037150476246036339 -0.013955719023372073 -0.017471765069173407 0.036457357519655877 0.024868921914736563 0.013510260023993963
leaf_weight=55.333455589367077 3.2501583490520707 1736.5261818673462 5.8239832581020883 66.964433776214719 67.531576281180605 166.00366344687063 7.2023752573877564 223.21164225344546 21.67409653775394 65.34495567297563 3.4443384944461313 15.137609386816619 5.1390624307095996 32.921779517550021
leaf_count=994 44 14285 144 493 698 2506 50 3726 209 862 85 88 26 337
internal_value=0.000100724 0.000858299 0.00601081 0.0121359 0.0195079 0.000891389 -5.93766e-05 -0.00357688 -0.0126246 -0.00152787 0.000885961 0.0260793 -0.0108167 -0.00103608
internal_weight=2475.51 2053.3 309.574 140.32 73.3556 169.254 1743.73 422.207 77.0076 345.199 274.715 18.5819 70.484 256.133
internal_count=24547 18220 3885 1335 842 2550 14335 6327 1203 5124 4236 173 888 4063
is_linear=0
shrinkage=0.04


Tree=186
num_leaves=15
num_cat=0
split_feature=82 60 84 60 53 10 56 53 84 53 18 54 82 82
split_gain=3.3055 4.6409 9.67547 5.12876 4.29732 7.93621 6.79616 6.54209 6.8748 6.47592 6.40204 8.20356 5.16065 4.96526
threshold=1.4391000000000003 0.76100000000000012 0.69855000000000012 0.81725000000000014 0.10950000000000001 1.0000000180025095e-35 0.51550000000000018 0.062500000000000014 0.60055000000000014 0.030500000000000003 0.22500000000000003 0.56250000000000011 1.6477000000000002 1.6768000000000003
decision_type=2 2 2 2 2 2 2 2 2 2 2 2 2 2
left_child=-1 4 3 -3 5 7 10 9 -9 -2 -6 -12 -10 -8
right_child=1 2 -4 -5 6 -7 13 8 12 -11 11 -13 -14 -15
leaf_value=0.00093303852755966552 0.014177547198658626 -0.054407232606704582 0.014048423954656422 -0.014684677658491536 -0.014229713774273622 0.027454305912203995 -0.0050516001505216549 0.02722230416069276 0.020259107655836165 -0.030219680328253461 0.01743534876979624 -0.035492943567557236 -0.024249655807642427 0.014216142323163929
leaf_weight=2145.5764511529123 6.8079645000398186 8.6521938014775532 10.087742704898117 13.624932726845143 111.18815699592233 19.862450994551182 43.038635141216218 16.739875489845872 5.6195854544639614 16.520750740543008 22.573671489022676 4.8748889341950408 10.507070597261189 40.820715250447392
leaf_count=22503 34 59 75 77 702 91 287 69 33 96 131 15 67 371
internal_value=0.000358759 -0.00335629 -0.0175078 -0.0317871 -0.00176886 0.0063845 -0.00457209 -0.00141251 0.0099799 -0.0172131 -0.00998238 0.00711804 -0.00846257 0.00438447
internal_weight=2476.5 330.919 32.3649 22.2771 298.554 76.0577 222.496 56.1952 32.8665 23.3287 138.637 27.4486 16.1267 83.8594
internal_count=24610 2107 211 136 1896 390 1506 299 169 130 848 146 100 658
is_linear=0
shrinkage=0.04


Tree=187
num_leaves=15
num_cat=0
split_feature=50 20 75 1 3 52 7 1 60 22 54 38 78 2
split_gain=4.09683 3.3154 3.22064 2.90919 8.80538 6.8652 7.75171 5.49157 8.90828 5.22198 5.08092 4.85682 4.77971 6.76661
threshold=0.98960000000000015 0.31665000000000004 0.56350000000000011 3.2825000000000002 0.47050000000000003 0.52705000000000013 0.29165000000000002 3.1825000000000006 0.43370000000000003 0.84165000000000012 0.61350000000000005 1.0000000180025095e-35 0.11060000000000002 0.15150000000000002
decision_type=2 2 2 2 2 2 2 2 2 2 2 2 2 2
left_child=1 3 -3 7 5 6 11 9 -9 -1 -10 -5 -7 -14
right_child=-2 2 -4 4 -6 12 -8 8 10 -11 -12 -13 13 -15
leaf_value=-7.911715052670308e-06 0.018244139711066733 0.032997548514297231 -0.0045022091477712051 -0.020036130672958279 -0.011129215717413734 0.029736405278050607 0.018213309021317178 -0.032715172556353957 0.015059319309557876 -0.017748640751013307 -0.032628786880878891 0.017524366052980439 0.023661404113510868 -0.0036247541614859114
leaf_weight=2179.2817672319943 18.892469677142799 8.4600013578310591 5.6294201696291557 27.798202657839283 41.761855883523822 28.499805852770805 18.955506133846939 20.513255564495921 15.215720992535354 25.874187251087278 3.6011400986462823 5.991605417802929 27.12143225595355 29.638458041474223
leaf_count=22476 212 55 52 269 273 152 132 147 101 309 20 40 142 159
internal_value=0.000165111 1.76116e-05 0.0187091 -9.86904e-05 0.00478308 0.00964374 -0.00169364 -0.00049164 -0.0151188 -0.000224023 0.00474687 -0.0130636 0.0165959 0.00959724
internal_weight=2457.23 2438.34 14.0894 2424.25 179.767 138.005 52.7453 2244.49 39.3301 2205.16 18.8169 33.7898 85.2597 56.7599
internal_count=24539 24327 107 24220 1167 894 441 23053 268 22785 121 309 453 301
is_linear=0
shrinkage=0.04


Tree=188
num_leaves=15
num_cat=0
split_feature=86 50 1 57 57 56 22 11 86 3 52 39 70 84
split_gain=3.11354 4.04879 2.9513 5.2269 4.39305 5.07694 3.99606 7.50726 5.71156 5.20516 4.65314 5.23086 5.11537 4.31144
threshold=0.83345000000000014 0.55210000000000015 3.2825000000000002 0.38750000000000007 0.70150000000000012 0.59900000000000009 0.058350000000000006 0.62500000000000011 0.21745 0.44050000000000006 0.60170000000000012 1.0000000180025095e-35 3.1796500000000001 0.54225000000000012
decision_type=2 2 2 2 2 2 2 2 2 2 2 2 2 2
left_child=2 -2 -1 -4 6 -6 10 8 9 -8 11 12 -5 -10
right_child=1 -3 3 4 5 -7 7 -9 13 -11 -12 -13 -14 -15
leaf_value=-0.00066645526920222338 0.037317959462629766 0.0028476978734148489 0.031496179039554567 0.025377722798165695 0.0061787708495113624 -0.043847133091007288 0.020005026581345661 -0.0047592838257684298 0.036232960535033415 -0.03120205449576233 0.0083603211603004088 -0.029986235599984371 -0.0093111261992519633 -0.0021905861949886576
leaf_weight=2255.391809772118 7.0217889696359661 17.605337036773562 9.8717829212546331 7.913891624659299 5.8871531523764116 5.6876865923404694 6.1089528137817961 27.020674700848758 27.257799800485373 4.7524229139089584 44.916431795805693 13.039038920775054 27.72275788616389 5.4663161858916274
leaf_count=23170 39 152 64 46 41 36 53 167 107 45 248 121 237 32
internal_value=-0.000121203 0.0137487 -0.000266707 0.00456737 0.00288538 -0.0199352 0.00460501 0.0117178 0.0218104 -0.00314235 -0.000828069 -0.00930445 -0.00112529 0.02994
internal_weight=2465.66 24.6271 2441.04 185.645 175.773 11.5748 164.198 70.6062 43.5855 10.8614 93.5921 48.6757 35.6366 32.7241
internal_count=24558 191 24367 1197 1133 77 1056 404 237 98 652 404 283 139
is_linear=0
shrinkage=0.04


Tree=189
num_leaves=15
num_cat=0
split_feature=20 86 18 49 86 22 60 55 82 18 52 2 6 87
split_gain=5.18132 6.72503 4.5995 4.51998 5.10234 5.93421 4.2388 3.71004 5.66358 3.61623 4.85321 3.56583 4.44018 3.56228
threshold=1.0000000180025095e-35 0.60025000000000006 0.52500000000000013 1.0000000180025095e-35 0.42895000000000005 0.075000000000000011 0.74975000000000014 0.6120000000000001 0.57805000000000006 0.87500000000000011 0.35910000000000003 0.057500000000000009 0.62500000000000011 0.74365000000000014
decision_type=2 2 2 2 2 2 2 2 2 2 2 2 2 2
left_child=3 2 6 4 13 -6 7 -2 -9 -5 -11 -7 -13 -1
right_child=1 -3 -4 9 5 11 -8 8 -10 10 -12 12 -14 -15
leaf_value=-0.005081333877403945 0.012688103127213793 -0.019248776971040316 -0.022145181803687776 0.00018167810783785099 0.0030444821709643107 -0.0018063160325177575 0.031084506545091515 -0.035298353850480989 0.013068003117360118 0.013759584466775545 -0.032361543547990756 -0.065075064350901379 -0.015931289355676316 0.019730139907358401
leaf_weight=161.01133364823181 76.253255515825003 12.24017825629562 5.4695485769771031 2128.9375004956964 9.4455268718302268 3.9552784357219961 16.346051510423422 6.1196877239271981 7.6662159040570259 4.6005359031260005 10.862722421064971 7.0465606451034528 5.9676545262336731 8.8443450946360809
leaf_count=3426 587 95 72 19596 51 30 113 63 42 85 162 47 40 66
internal_value=-7.19687e-05 0.00785964 0.0109704 -0.000495654 -0.00628977 -0.0223156 0.0128633 0.00925024 -0.00933748 3.73488e-05 -0.0186376 -0.0358154 -0.045285 -0.00368149
internal_weight=2464.77 124.095 111.855 2340.67 196.271 26.415 106.385 90.0392 13.7859 2144.4 15.4633 16.9695 13.0142 169.856
internal_count=24475 972 877 23503 3660 168 805 692 105 19843 247 117 87 3492
is_linear=0
shrinkage=0.04


Tree=190
num_leaves=15
num_cat=0
split_feature=71 3 71 2 80 50 84 60 80 60 46 84 53 35
split_gain=3.56055 7.8585 8.68324 7.81388 7.76743 5.84414 4.95617 4.88762 5.64868 4.78814 4.54624 5.58254 5.93226 5.40766
threshold=-0.5914999999999998 0.52050000000000007 -0.61349999999999982 0.23600000000000002 -0.23549999999999996 0.82290000000000008 0.43915000000000004 0.23900000000000002 1.0000000180025095e-35 0.29450000000000004 -0.76179999999999992 0.38975000000000004 0.11750000000000001 2.2851000000000004
decision_type=2 2 2 2 2 2 2 2 2 2 2 2 2 2
left_child=1 2 3 5 -3 -1 -4 8 -5 -7 -2 12 -12 -13
right_child=10 4 6 7 -6 9 -8 -9 -10 -11 11 13 -14 -15
leaf_value=-0.0035716695470252007 -0.0078861084675363874 -0.030043438086918856 -0.038592135167691347 0.037714381296702022 0.014822054918105031 -0.011947363697948745 0.018290482754526896 -0.024184367751581705 -0.025163372607006462 0.031052493557182911 -0.0042520446949814274 -0.00075678372285347426 0.0049257516474668092 -0.020023949343862788
leaf_weight=266.99869307095651 106.53241837001406 6.0571829210966817 17.221495419275019 4.0516367619857183 51.408806045539677 5.1900449478998807 2.2292531821876755 42.533178580459207 3.2523067528381944 13.412803072482346 137.00909955077805 1168.5314790401608 616.82648822874762 22.784974789712578
leaf_count=5540 1445 75 283 41 383 48 20 481 47 121 1745 8439 5719 198
internal_value=-0.000561935 -0.00394882 -0.00617341 -0.00461573 0.00966005 -0.00203629 -0.0314972 -0.0190669 0.0100575 0.0190584 0.000120367 0.000562694 0.00325427 -0.00114177
internal_weight=2464.04 412.355 354.889 335.439 57.466 285.602 19.4507 49.8371 7.30394 18.6028 2051.68 1945.15 753.836 1191.32
internal_count=24585 7039 6581 6278 458 5709 303 569 88 169 17546 16101 7464 8637
is_linear=0
shrinkage=0.04


Tree=191
num_leaves=15
num_cat=0
split_feature=57 60 52 54 59 57 49 60 4 52 79 28 55 28
split_gain=4.48808 3.07602 8.8817 5.76485 7.73271 9.30734 5.05501 4.51822 4.46102 4.42282 4.80165 3.69936 3.25858 4.12317
threshold=0.087500000000000008 0.16500000000000004 0.56330000000000013 0.34850000000000003 1.0000000180025095e-35 0.35250000000000004 0.91665000000000008 1.0000000180025095e-35 0.15450000000000003 0.45050000000000007 0.54165000000000008 0.46000000000000002 0.74250000000000005 0.63500000000000012
decision_type=2 2 2 2 2 2 2 2 2 2 2 2 2 2
left_child=-1 2 3 8 5 -5 9 -4 -2 -6 -11 -10 13 -9
right_child=1 -3 7 4 6 -7 -8 12 11 10 -12 -13 -14 -15
leaf_value=-0.023130875457338777 0.027314678781375726 -5.3165638325608432e-05 -0.045136977298577019 0.02873677804882838 0.006646666894859531 -0.042230191990610705 -0.022061953947781428 -0.0046192159693399784 -0.0067921730467676127 0.04366265316553615 0.00091887390558521062 -0.05360649837230904 0.019708704898966402 -0.03015900994499671
leaf_weight=12.955049116630105 1.7404558765701938 2328.1574287840631 7.9651810200884929 3.5278261043131343 23.383810540195554 8.1825782186351699 4.5289994329214087 22.227327725850046 5.6549193905666453 14.676168087869884 5.8060654597356907 4.8317223731428385 3.5371785908937445 18.2475879304111
leaf_count=321 40 23113 62 33 238 80 29 227 121 88 55 49 23 124
internal_value=-0.000510645 -0.000381776 -0.00648667 0.00259333 0.00774302 -0.0202721 0.0147952 -0.018933 -0.0213928 0.0190074 0.0321529 -0.0311509 -0.0132933 -0.016583
internal_weight=2465.42 2452.47 124.31 72.3325 60.1054 11.7104 48.395 51.9773 12.2271 43.866 20.4822 10.4866 44.0121 40.4749
internal_count=24603 24282 1169 733 523 113 410 436 210 381 143 170 374 351
is_linear=0
shrinkage=0.04


Tree=192
num_leaves=15
num_cat=0
split_feature=54 52 26 56 60 60 75 28 4 83 82 54 53 71
split_gain=3.98684 4.88989 5.17491 6.41238 4.06508 6.88675 3.44198 3.78988 3.50747 3.1886 3.18517 3.15986 6.85396 7.27194
threshold=0.72350000000000014 0.19200000000000003 0.76000000000000012 0.64350000000000007 0.6605000000000002 0.43370000000000003 0.81665000000000021 0.87500000000000011 0.85400000000000009 1.7545500000000003 0.77755000000000007 0.65150000000000008 0.28500000000000003 -0.43449999999999994
decision_type=2 2 2 2 2 2 2 2 2 2 2 2 2 2
left_child=11 -2 3 10 5 9 8 -8 -4 -5 -3 12 -1 -14
right_child=1 2 6 4 -6 -7 7 -9 -10 -11 -12 -13 13 -15
leaf_value=-0.00059520667424078498 -0.017261027559960822 0.0049681061826528407 0.02343924412555078 0.011409086505254826 0.017367029014227091 -0.052376693782454506 -0.033944495992485696 0.018131728714449818 -0.0010618872825024367 -0.019215970593823118 0.039429174537233498 -0.006706116351427642 -0.0067961916438113437 0.011846134027069457
leaf_weight=2015.1292147056665 11.310012677684425 12.054889354854824 51.962598377838731 8.8923254730179995 5.6173006184399119 5.9343578293919554 3.5845977813005439 3.4728924259543419 11.249842484481631 11.255068227648733 5.9761824794113627 114.53912288509309 43.123715879395604 140.54698367975652
leaf_count=21488 88 88 366 50 43 37 33 21 114 88 30 808 470 784
internal_value=0.000127773 0.00688087 0.00928009 -0.000610748 -0.011343 -0.0179394 0.0161902 -0.00924861 0.0191302 -0.00579885 0.0178615 -0.000258355 8.04154e-05 0.00745604
internal_weight=2444.65 131.31 120 49.7301 31.6991 26.0818 70.2699 7.05749 63.2124 20.1474 18.0311 2313.34 2198.8 183.671
internal_count=24508 958 870 336 218 175 534 54 480 138 118 23550 22742 1254
is_linear=0
shrinkage=0.04


Tree=193
num_leaves=15
num_cat=0
split_feature=87 52 83 80 20 56 3 24 84 70 44 71 53 57
split_gain=3.67545 5.22456 3.51935 5.1597 3.50727 4.21659 4.09992 5.12136 7.26996 4.33828 4.13463 5.72454 4.90536 4.08256
threshold=0.73825000000000007 0.59760000000000002 -0.39774999999999994 0.36450000000000005 0.11665000000000002 0.32550000000000007 0.14450000000000002 1.0000000180025095e-35 0.17375000000000004 2.7215000000000003 1.0000000180025095e-35 -0.77449999999999986 0.15550000000000003 0.43250000000000005
decision_type=2 2 2 2 2 2 2 2 2 2 2 2 2 2
left_child=4 -2 -3 -4 -1 -6 -7 8 -8 10 11 -9 -13 -11
right_child=1 2 3 -5 5 6 7 9 -10 13 -12 12 -14 -15
leaf_value=-0.00036339791153872639 0.018324444052882968 0.016122399417351718 -0.028547020542730565 0.005372200551101978 -0.01319420965451301 0.03697059940660035 -0.022410061752837964 0.026918982932662382 0.028141471885158864 0.038685201845304329 0.011467109349225115 -0.0022405521985734834 -0.035521762414247739 0.0013369571620027083
leaf_weight=2258.6124286790146 41.511283077299595 11.17854663543403 11.742355572059752 15.832773655652998 14.054123393259941 7.0971760763786724 4.6715045301243689 3.896649624221026 26.634401384741068 6.8756439983844784 14.122719925828276 13.234377209097152 14.615957051515577 11.736190253868697
leaf_count=23012 318 86 78 111 142 74 53 38 174 38 108 97 96 85
internal_value=0.000273731 0.0086386 -0.00193642 -0.00956521 -1.24164e-05 0.00671222 0.00953228 0.00713832 0.0201379 0.00061584 -0.00600329 -0.0138879 -0.0203325 0.0164033
internal_weight=2455.82 80.265 38.7537 27.5751 2375.55 116.939 102.885 95.7874 31.3059 64.4815 45.8697 31.747 27.8503 18.6118
internal_count=24510 593 275 189 23917 905 763 689 227 462 339 231 193 123
is_linear=0
shrinkage=0.04


Tree=194
num_leaves=15
num_cat=0
split_feature=68 50 56 55 80 56 56 2 86 78 87 82 78 70
split_gain=3.18446 2.92925 4.8188 5.62961 4.74423 4.03527 3.87083 10.9183 5.70003 4.29654 3.47822 4.39521 5.16723 5.69198
threshold=0.83335000000000015 0.46875000000000006 0.58350000000000002 0.69650000000000001 0.37050000000000005 0.14400000000000002 0.20100000000000004 0.085500000000000007 0.14645000000000002 0.37140000000000006 0.72755000000000014 1.2082500000000003 0.14460000000000003 1.6755000000000002
decision_type=2 2 2 2 2 2 2 2 2 2 2 2 2 2
left_child=1 2 10 4 -4 -3 7 8 9 -7 11 -1 -13 -14
right_child=-2 5 3 -5 -6 6 -8 -9 -10 -11 -12 12 13 -15
leaf_value=-0.0035769198899256028 -0.021333958836366542 0.017765015460668797 0.0328308725927016 -0.023707675177582765 -0.012065794666470767 0.001493309465058091 0.0010182914516114726 -0.046367273986820924 0.031703491479492578 -0.037989969185887998 0.013937599107841628 -0.045980398228499329 -0.026009526462034391 0.0066143323632360095
leaf_weight=220.36009691026993 9.7849003507290018 21.638264784123749 15.162409922108059 4.3719023438170543 4.3342348597943774 16.889799041673548 2090.441224698443 9.5896994634531421 6.3953678905963889 4.9346467163413754 14.121439227834342 7.421299520879983 16.624871471896768 16.000105103477836
leaf_count=3978 367 278 135 34 31 342 18844 102 33 43 101 50 117 89
internal_value=0.00035427 0.000449625 -0.00325758 0.013628 0.0227483 0.000965446 0.000786379 -0.0117316 0.00122235 -0.00870742 -0.00476981 -0.00583372 -0.0178624 -0.0102891
internal_weight=2458.07 2448.29 298.396 23.8685 19.4966 2149.89 2128.25 37.8095 28.2198 21.8244 274.528 260.406 40.0463 32.625
internal_count=24544 24177 4535 200 166 19642 19364 520 418 385 4335 4234 256 206
is_linear=0
shrinkage=0.04


Tree=195
num_leaves=15
num_cat=0
split_feature=82 22 85 73 54 50 84 2 5 55 70 80 58 78
split_gain=3.20156 3.48247 6.20427 7.61366 6.10582 6.78071 6.17871 4.77793 4.4233 4.41444 8.13058 4.09845 3.88555 6.63598
threshold=-1.6997499999999997 0.44165000000000004 1.0000000180025095e-35 0.37500000000000006 0.61850000000000016 0.65625000000000011 0.39775000000000005 0.47650000000000003 0.12500000000000003 0.38800000000000007 1.6987500000000002 0.60750000000000004 0.63335000000000008 0.1726
decision_type=2 2 2 2 2 2 2 2 2 2 2 2 2 2
left_child=-1 -2 3 11 6 -6 8 -7 9 -4 -11 -3 13 -5
right_child=1 2 4 12 5 7 -8 -9 -10 10 -12 -13 -14 -15
leaf_value=-0.012390499026738567 0.00031843184942657301 -0.035929200903584618 0.026991497331543737 0.0046913825888342661 0.055491520124978141 0.024512750119595163 0.032873715322784179 -0.0095209149413026991 -0.0097674169989450006 -0.031559170073375983 0.034668361638789114 0.0099307240632148901 0.0088833689779202266 -0.047349619373455221
leaf_weight=28.981109568150714 2250.3879416498821 12.66372397542 13.280486860312523 11.233721773140134 8.0460220975801331 22.801040715537969 9.5937231834977847 8.509735092520712 32.975862880703062 6.7318573491647822 3.8358632121235132 3.5597432730719438 54.182161150034517 4.8968231081962577
leaf_count=993 22085 112 132 83 43 134 50 61 337 83 22 28 415 30
internal_value=0.00060199 0.000761145 0.00591325 -0.002025 0.0123658 0.0246517 0.00482797 0.0152546 -0.000393681 0.0124392 -0.00660109 -0.0258743 0.00376348 -0.0129488
internal_weight=2471.68 2442.7 192.311 86.5362 105.775 39.3568 66.4178 31.3108 56.8241 23.8482 10.5677 16.2235 70.3127 16.1305
internal_count=24608 23615 1530 668 862 238 624 195 574 237 105 140 528 113
is_linear=0
shrinkage=0.04


Tree=196
num_leaves=15
num_cat=0
split_feature=45 26 87 53 73 20 69 78 78 52 71 79 80 80
split_gain=3.44728 5.08535 3.2072 4.68146 7.57923 3.24501 5.31427 6.03785 5.61691 4.2998 4.14163 3.89976 3.83028 5.00522
threshold=0.90000000000000013 0.17000000000000001 0.73825000000000007 0.095500000000000015 0.95835000000000015 -1.0000000180025095e-35 0.70835000000000015 0.11615000000000002 0.022400000000000003 0.19200000000000003 -0.46949999999999992 0.20835000000000001 0.059500000000000004 -0.012499999999999999
decision_type=2 2 2 2 2 2 2 2 2 2 2 2 2 2
left_child=2 -2 5 4 -4 6 7 8 11 -8 -11 -1 13 -12
right_child=1 -3 3 -5 -6 -7 9 -9 -10 10 12 -13 -14 -15
leaf_value=0.031978877450713206 0.037524299592126685 -0.016678892674091214 0.034217361987453253 0.0018781607792935854 -0.017950737884624583 -0.00023450574771122546 -0.030148782163298284 0.038335204366553577 -0.033463134967765436 -0.021696967077741221 -0.0080180276671758949 -0.0073392054353317885 -0.001148507444476084 0.035664460432360781
leaf_weight=8.5416356022469717 7.9886789573356491 3.3157535027712584 18.511644883081321 58.682491280138493 5.0840868446975938 2272.001500871731 5.709521220996975 14.552038495428858 3.8692158414050928 7.6319912322796872 5.6539442678913501 6.4558199639432123 26.864188166800886 12.378201708663253
leaf_count=101 68 40 120 439 42 22887 84 88 37 126 58 101 200 101
internal_value=0.000442861 0.0215623 0.000336481 0.00805152 0.0227041 6.46314e-05 0.00740221 0.0198631 0.00440294 3.715e-05 0.00382012 0.0156532 0.00853603 0.0222663
internal_weight=2457.24 11.3044 2445.94 82.2782 23.5957 2363.66 91.6566 33.4187 18.8667 58.2378 52.5283 14.9975 44.8963 18.0321
internal_count=24492 108 24384 601 162 23783 896 327 239 569 485 202 359 159
is_linear=0
shrinkage=0.04


Tree=197
num_leaves=15
num_cat=0
split_feature=50 57 35 50 2 53 60 22 81 54 18 84 53 4
split_gain=3.73538 3.64745 6.98983 5.72166 5.46495 5.78162 5.78992 8.04859 7.16322 5.93358 5.88737 5.27413 5.83463 5.34403
threshold=0.98960000000000015 0.45250000000000007 1.9893000000000003 0.67710000000000015 0.40300000000000008 0.41850000000000004 0.2737500000000001 0.091650000000000023 1.0000000180025095e-35 0.51350000000000018 -0.12499999999999999 0.58165000000000011 0.17450000000000002 0.45850000000000007
decision_type=2 2 2 2 2 2 2 2 2 2 2 2 2 2
left_child=1 4 -3 -4 5 6 7 9 -9 -1 -11 -8 13 -13
right_child=-2 2 3 -5 -6 -7 11 8 -10 10 -12 12 -14 -15
leaf_value=0.00096832370654560663 0.017169307854895007 0.00072610831542529986 0.001824040636065793 0.028371163828544127 0.016014511011508997 0.021328854669042135 -0.0027630809637532333 0.002383995141919182 -0.024716770202909938 0.013604451442006877 -0.036003895609524328 0.0048975641656838235 0.01623543770062387 -0.0092654344036964716
leaf_weight=120.30120543506928 18.893347545526922 1092.0100260558538 25.081791067495942 26.275497594382614 26.326841780915856 15.686902200337498 774.42418013780843 20.512748820241541 62.095859294291586 4.6249213628470924 13.266043499112127 150.47528010024689 48.179715689271688 58.327399588190019
leaf_count=1682 210 8989 268 185 203 102 9724 164 519 31 116 1628 300 427
internal_value=-9.34618e-05 -0.000234248 0.00141131 0.0156886 -0.00168797 -0.00206788 -0.00237776 -0.00824113 -0.0180393 -0.00229647 -0.0231385 -0.00111578 0.00383987 0.000915936
internal_weight=2456.48 2437.59 1143.37 51.3573 1294.22 1267.89 1252.21 220.801 82.6086 138.192 17.891 1031.41 256.982 208.803
internal_count=24548 24338 9442 453 14896 14693 14591 2512 683 1829 147 12079 2355 2055
is_linear=0
shrinkage=0.04


Tree=198
num_leaves=15
num_cat=0
split_feature=71 1 71 78 53 4 23 11 52 22 22 55 71 80
split_gain=3.68452 4.89472 6.22945 8.91678 6.84979 6.95409 5.83355 5.56252 6.72753 5.50807 5.1465 6.01292 7.9127 5.13866
threshold=-0.017499999999999998 1.9740000000000004 -0.45749999999999996 0.48415000000000002 0.15450000000000003 0.5505000000000001 0.10500000000000002 0.62500000000000011 0.56330000000000013 0.10835000000000002 0.091650000000000023 0.56100000000000017 -0.093499999999999986 0.35350000000000004
decision_type=2 2 2 2 2 2 2 2 2 2 2 2 2 2
left_child=1 -1 3 6 13 10 -3 8 -7 -5 11 12 -6 -4
right_child=-2 2 4 9 5 7 -8 -9 -10 -11 -12 -13 -14 -15
leaf_value=-0.00039766785825736528 -0.0018097030831732148 -0.0088734302503509551 0.0055732178572307309 0.026590153832086613 -0.0094529841248794724 0.027489879684045117 0.012171245807424923 -0.01408322788166463 -0.0098875424162940956 -0.017127178334189391 0.027856428109363247 0.028059460835636398 0.031944712227974861 -0.014327332900140172
leaf_weight=902.17264857736882 1106.8808973676059 120.83266437100247 85.998601973056793 23.817303773947064 28.516628705896437 17.667895056307319 24.573948223376647 20.903172457590699 12.423431737348436 4.9347175247967234 55.112787798978388 19.168252566829324 8.854440934956072 26.270416160579771
leaf_count=11880 8535 1599 831 141 224 88 376 133 77 32 289 107 45 198
internal_value=-9.95186e-05 0.00130169 0.00470893 -0.0012078 0.00844796 0.0136683 -0.00525801 0.00138449 0.0122366 0.0187635 0.0192166 0.010457 0.000932397 0.000831206
internal_weight=2458.13 1351.25 449.074 174.159 274.916 162.647 145.407 50.9945 30.0913 28.752 111.652 56.5393 37.3711 112.269
internal_count=24555 16020 4140 2148 1992 963 1975 298 165 173 665 376 269 1029
is_linear=0
shrinkage=0.04


Tree=199
num_leaves=15
num_cat=0
split_feature=18 26 55 54 53 50 46 80 53 55 55 50 85 26
split_gain=4.00056 7.76094 4.57884 3.62071 3.60351 5.30345 6.00067 6.94647 6.39793 5.50262 4.93168 6.46866 6.1036 6.53018
threshold=0.52500000000000013 0.96500000000000019 0.56600000000000006 0.61350000000000005 0.12750000000000003 0.51040000000000008 -0.39309999999999995 0.27050000000000007 0.10050000000000002 0.35850000000000004 0.28800000000000003 0.42085000000000006 1.0000000180025095e-35 0.27500000000000008
decision_type=2 2 2 2 2 2 2 2 2 2 2 2 2 2
left_child=4 2 3 -2 5 6 -1 8 -8 -10 11 -6 13 -12
right_child=1 -3 -4 -5 10 -7 7 -9 9 -11 12 -13 -14 -15
leaf_value=-0.016595272123952703 -0.0069037441512137913 -0.044937562250965242 0.020270481722822715 0.023113185028287641 -0.027789767858746282 0.003769683705294844 0.01638938367031708 -0.012952224888800951 0.0074242906703745086 -0.013542513482597926 -0.0093789726031478279 0.010730892093069471 0.001131945307369508 -0.0011292915764528828
leaf_weight=42.742784908856265 163.04499937221408 6.7945946473628274 10.581316473195328 5.7314154445193699 6.6256990875117472 727.18165115616284 47.114406866952777 47.140274749603122 43.248190188081935 35.620431262301281 258.52508223196492 86.572873974684626 597.44720441428944 376.64753282628953
leaf_count=958 2783 92 105 72 92 8042 606 552 970 585 1475 681 5386 2141
internal_value=-0.00021623 -0.00583723 -0.00411505 -0.00575428 0.000247322 0.00213624 -0.00335831 -1.36653e-05 0.00489155 -0.00209621 -0.00109685 0.00772643 -0.00176971 -0.0044965
internal_weight=2455.02 186.152 179.358 168.776 2268.87 943.048 215.866 173.123 125.983 78.8686 1325.82 93.1986 1232.62 635.173
internal_count=24540 3052 2960 2855 21488 11713 3671 2713 2161 1555 9775 773 9002 3616
is_linear=0
shrinkage=0.04


Tree=200
num_leaves=15
num_cat=0
split_feature=57 80 5 28 46 28 16 86 22 22 82 80 3 83
split_gain=3.71085 5.35201 3.9193 5.18953 7.3125 7.28317 6.9166 6.34559 5.92288 8.31311 5.44571 5.6205 9.19528 8.48605
threshold=0.087500000000000008 0.037500000000000006 0.20835000000000001 0.97500000000000009 1.31945 0.70500000000000007 1.0000000180025095e-35 0.39385000000000003 0.67500000000000016 0.14165000000000003 0.79055000000000009 0.059500000000000004 0.41700000000000004 1.6669000000000003
decision_type=2 2 2 2 2 2 2 2 2 2 2 2 2 2
left_child=1 -1 3 5 -5 6 7 -2 9 -8 11 12 13 -7
right_child=2 -3 -4 4 -6 10 8 -9 -10 -11 -12 -13 -14 -15
leaf_value=3.0972454870072694e-05 -0.00030929768988134182 -0.048240166194480925 -0.0020599941542578906 0.0039273667386216116 0.028330170960299599 -0.0089557217213179861 0.012494481819669325 -0.023432785458051861 0.046662865609267627 -0.0049732111480652839 -0.021756056304105105 0.0076871207544692679 -0.038479822722630744 0.052682518913335113
leaf_weight=8.7436208764556778 652.98072325752582 5.3380685979500404 1142.1392740400042 305.97921789018437 20.0489536607638 20.118175388779495 121.56944009987637 18.557976645883173 5.0373554527759543 66.966048064641654 38.821036398410797 36.619196152314544 14.040608393028377 3.3025902323424807
leaf_count=248 8770 78 10267 2506 107 235 1082 119 32 527 225 265 100 13
internal_value=-0.000472185 -0.0202529 -0.000350086 0.00114796 0.00551005 -0.000310315 0.000940502 -0.000982208 0.00758149 0.00629662 -0.00981885 -0.00335685 -0.0140717 0.00153733
internal_weight=2460.26 14.0817 2446.18 1304.04 326.028 978.013 865.112 671.539 193.573 188.535 112.902 74.0806 37.4614 23.4208
internal_count=24574 326 24248 13981 2613 11368 10530 8889 1641 1609 838 613 348 248
is_linear=0
shrinkage=0.04


Tree=201
num_leaves=15
num_cat=0
split_feature=57 56 83 82 1 80 60 78 70 59 71 26 57 4
split_gain=4.48451 4.79227 3.10189 7.55147 10.954 7.15851 7.03808 6.4341 5.87379 5.87401 5.78542 7.38927 5.48601 5.46927
threshold=0.087500000000000008 0.35250000000000004 1.1759500000000001 0.72535000000000005 2.8125000000000004 -0.59249999999999992 0.23200000000000004 -0.10889999999999998 0.42425000000000007 0.45000000000000007 -0.41449999999999992 0.78500000000000014 0.40750000000000003 0.31300000000000006
decision_type=2 2 2 2 2 2 2 2 2 2 2 2 2 2
left_child=1 -1 -2 4 6 -5 -4 8 -8 12 11 -11 -10 -9
right_child=2 -3 3 5 -6 -7 7 13 9 10 -12 -13 -14 -15
leaf_value=-0.03156862015617716 0.00095718815716769681 0.033497654672768197 -0.014623448659945772 0.03388170603688908 -0.021650917605817787 -0.0080248095414244425 -0.023704277818012147 -0.016538389852053546 0.0161789588040742 -0.024625629806838526 0.02131728376286152 0.010464337858873499 -0.045500674320859455 0.013357092441048313
leaf_weight=11.258476505056022 1868.3550702315988 1.2859408133663226 26.868737764656544 5.708295088261365 27.353535616770387 277.08248232444748 15.322361906990407 9.6473321709781867 2.8187835514545423 14.347560985013841 25.923920013941824 24.689956768415868 5.9947488633915782 147.85676462296396
leaf_count=318 20361 8 203 23 180 1836 127 89 22 134 182 167 68 909
internal_value=3.52338e-05 -0.0229179 0.000161958 -0.00238113 0.00202842 -0.00706249 0.00446717 0.00659787 -0.00198188 0.00278633 0.00704699 -0.00272532 -0.0261355 0.0114332
internal_weight=2464.51 12.5444 2451.97 583.614 300.824 282.791 273.47 246.601 89.0973 73.775 64.9614 39.0375 8.81353 157.504
internal_count=24627 326 24301 3940 2081 1859 1901 1698 700 573 483 301 90 998
is_linear=0
shrinkage=0.04


Tree=202
num_leaves=15
num_cat=0
split_feature=46 35 80 1 78 31 2 4 23 84 19 54 60 53
split_gain=3.98757 4.65824 5.07267 6.22738 5.69215 5.02216 5.95573 5.34573 4.45258 7.62783 6.25626 5.0203 5.85327 5.71786
threshold=-0.60494999999999988 2.3406500000000006 0.05050000000000001 1.2955000000000003 0.13840000000000005 1.0000000180025095e-35 0.34900000000000003 0.59250000000000014 0.33500000000000008 0.27175000000000005 0.11665000000000002 0.63650000000000018 0.38750000000000007 0.40750000000000003
decision_type=2 2 2 2 2 2 2 2 2 2 2 2 2 2
left_child=1 2 3 -1 5 6 7 -4 11 -10 -11 13 -13 -2
right_child=8 -3 4 -5 -6 -7 -8 -9 9 10 -12 12 -14 -15
leaf_value=-0.0063551806536382913 0.0014100286160598319 0.027248903779121498 -0.012852870516057725 -0.028058607872469384 0.013186812747821328 0.0079866957742090357 0.0080338107997176573 -0.051552415745505148 0.013626763144853359 -0.031766630890769289 0.0098982546453976247 -0.011689736000087611 0.0014153970300174019 0.022399513214485977
leaf_weight=102.74999912281055 1911.1559381899424 6.252133611124008 40.245758404955268 25.967303385492414 37.565195740200579 31.175970507320017 17.698002413846552 5.942936683073639 12.644679989898576 23.861783000291329 6.9859611373394719 102.0320670036599 115.43110649194568 20.000078670680523
leaf_count=2052 18527 88 760 238 236 325 111 42 255 228 47 745 824 120
internal_value=0.000167213 -0.00443305 -0.00529195 -0.0109162 0.000207265 -0.00500565 -0.0113711 -0.0188192 0.000730546 -0.0117952 -0.0223164 0.000989461 -0.00475879 0.00163889
internal_weight=2459.71 267.597 261.345 128.717 132.628 95.0627 63.8867 46.1887 2192.11 43.4924 30.8477 2148.62 217.463 1931.16
internal_count=24598 3852 3764 2290 1474 1238 913 802 20746 530 275 20216 1569 18647
is_linear=0
shrinkage=0.04


Tree=203
num_leaves=15
num_cat=0
split_feature=43 84 57 22 50 3 22 55 23 44 57 57 71 67
split_gain=3.01584 4.23179 6.15145 6.12532 6.08889 5.01757 4.90266 3.98291 3.8735 3.46763 4.50082 8.65832 5.56358 5.51351
threshold=1.0000000180025095e-35 0.38975000000000004 0.27850000000000008 0.20835000000000004 0.55210000000000015 0.063000000000000014 0.40835000000000005 0.47900000000000004 0.095000000000000015 0.23610000000000003 0.53150000000000019 0.44050000000000006 0.60250000000000015 1.0000000180025095e-35
decision_type=2 2 2 2 2 2 2 2 2 2 2 2 2 2
left_child=9 -2 4 5 -3 -4 -5 8 -7 -1 11 12 13 -11
right_child=1 2 3 6 -6 7 -8 -9 -10 10 -12 -13 -14 -15
leaf_value=0.00089809670728755136 0.014068081490911766 -0.017382065314961323 0.027866404038092367 0.025047903682063395 0.040807068209874238 0.0085873479217955326 -0.0092875672733320116 -0.023284961977350641 -0.027369142458519843 -0.021724970488347824 -0.02081960362129839 0.021679335847812863 0.026566608978982959 0.016386813760169091
leaf_weight=2221.4350888795452 64.614114827942103 3.3123840019106856 4.0763137275353065 16.695272995159034 9.5106539046391827 16.849763115867976 9.9864031849428994 30.131653427146375 5.5554488124325863 34.375910628587008 25.86852300632745 17.796531057916582 4.8356961593963197 6.5649071112275115
leaf_count=22067 678 54 35 90 62 130 84 232 53 508 268 201 43 115
internal_value=0.000955734 0.00623644 0.000881071 -0.00318386 0.0256059 -0.0105805 0.0123256 -0.0140284 -0.00111663 0.000585898 -0.00709228 -0.00127058 -0.0104655 -0.0153687
internal_weight=2471.61 160.732 96.1179 83.2949 12.823 56.6132 26.6817 52.5369 22.4052 2310.88 89.4416 63.573 45.7765 40.9408
internal_count=24620 1418 740 624 116 450 174 415 183 23202 1135 867 666 623
is_linear=0
shrinkage=0.04


Tree=204
num_leaves=15
num_cat=0
split_feature=52 54 75 55 57 78 54 83 19 1 1 54 66 53
split_gain=4.92516 7.86994 5.17006 4.83286 4.31741 4.35172 3.96031 3.80631 3.56065 5.69118 7.02474 6.50217 7.06554 5.00367
threshold=0.12770000000000001 0.21650000000000003 0.41430000000000006 0.51950000000000018 0.31850000000000006 0.24115 0.10550000000000001 1.5835500000000002 0.15000000000000002 1.6295000000000002 1.3390000000000002 0.49050000000000005 1.0000000180025095e-35 0.17350000000000002
decision_type=2 2 2 2 2 2 2 2 2 2 2 2 2 2
left_child=1 -1 3 4 -3 -6 -2 -4 -8 10 11 12 13 -10
right_child=6 2 7 -5 5 -7 8 -9 9 -11 -12 -13 -14 -15
leaf_value=-0.031395444401928832 0.024237060117171569 0.024827464457185037 -0.0042361732054311827 0.032798365234230138 0.0019047404949610208 -0.042766189502781597 -0.00026039928059466802 -0.022646815386611733 -0.0060204879483583516 0.014589077398949313 -0.026542021360729841 0.017943028738942494 0.027908647104375933 -0.047489460274283357
leaf_weight=16.931643497082405 10.014977269340305 6.7133395930286559 147.38076340046246 9.7760806088335794 11.502382865874095 3.9597752802073947 2065.8111585447332 19.604406855069101 40.310857982840389 68.204770926851779 13.116335904225705 31.698668452911079 7.949366529705002 4.3343211133033028
leaf_count=473 233 102 2231 67 202 31 19703 163 441 469 99 233 64 39
internal_value=-0.000245431 -0.00600142 -0.0036939 0.0108233 0.000138326 -0.0114382 0.000311346 -0.00651957 0.000193155 0.00581823 -0.00040884 0.00392109 -0.00470702 -0.0109987
internal_weight=2457.31 215.868 198.937 31.9516 22.1755 15.4622 2241.44 166.985 2231.43 165.614 97.4095 84.2932 52.5945 44.6452
internal_count=24550 3269 2796 402 335 233 21281 2394 21048 1345 876 777 544 480
is_linear=0
shrinkage=0.04


Tree=205
num_leaves=15
num_cat=0
split_feature=86 2 3 56 53 83 41 5 11 19 54 1 55 86
split_gain=4.76853 3.65947 8.67175 5.54868 5.4023 6.33685 8.79882 10.5831 6.44166 8.84631 6.77643 7.01621 6.17905 8.43521
threshold=0.8479000000000001 0.26950000000000007 0.47400000000000003 0.33150000000000007 0.19900000000000004 1.4119500000000003 1.0000000180025095e-35 1.0000000180025095e-35 0.62500000000000011 -0.44999999999999996 0.47650000000000003 3.2565000000000004 0.55100000000000016 0.072450000000000014
decision_type=2 2 2 2 2 2 2 2 2 2 2 2 2 2
left_child=1 2 4 -3 5 8 7 -7 10 -10 11 -1 -6 -14
right_child=-2 3 -4 -5 12 6 -8 -9 9 -11 -12 -13 13 -15
leaf_value=-0.0024587686214557142 0.020876259745092964 0.020697283119958106 0.010904787380823362 -0.0039960249735026491 0.00098568110151006009 -0.031399441800475138 -0.022256646999263312 0.013238193332521296 -0.03251951653962163 0.0025592257528313112 -0.012288652190769562 0.023010054054712185 0.023935542219835435 0.0022289737571147541
leaf_weight=447.55987904092763 16.479363505728543 14.049103373661636 123.17076388094574 463.36411691317335 317.85930642252788 10.341116227209566 51.078927599359304 32.936870815232396 10.69261385546997 719.1442484355066 115.06563136610202 17.004465830046684 50.115836603101343 65.67771961633116
leaf_count=6661 138 96 902 3288 2446 66 333 178 132 8108 1297 114 359 452
internal_value=5.82944e-05 -9.09201e-05 0.000674115 -0.00322762 -1.72318e-05 -0.00122299 -0.0111785 0.00210394 -0.000497638 0.0020015 -0.00364244 -0.00147911 0.00387988 0.0117481
internal_weight=2454.54 2438.06 1960.65 477.413 1837.48 1403.82 94.3569 43.278 1309.47 729.837 579.63 464.564 433.653 115.794
internal_count=24570 24432 21048 3384 20146 16889 577 244 16312 8240 8072 6775 3257 811
is_linear=0
shrinkage=0.04


Tree=206
num_leaves=15
num_cat=0
split_feature=59 2 57 57 46 57 57 43 70 83 34 26 82 3
split_gain=4.33958 6.01788 6.74603 6.14463 5.57714 7.79073 8.61352 5.24585 5.28318 4.73388 5.90424 4.68436 4.4112 4.95522
threshold=0.63335000000000008 0.43450000000000005 0.72250000000000003 0.50300000000000011 1.0000000180025095e-35 0.37850000000000006 0.44850000000000007 1.0000000180025095e-35 0.80815000000000015 -0.78179999999999994 0.83335000000000015 0.48000000000000004 1.2082500000000003 0.19050000000000003
decision_type=2 2 2 2 2 2 2 2 2 2 2 2 2 2
left_child=1 2 -1 -3 9 7 -7 8 -6 10 -2 12 13 -8
right_child=4 3 -4 -5 5 6 11 -9 -10 -11 -12 -13 -14 -15
leaf_value=-0.0023068011403347241 -0.0052687552123091962 0.0067459426818567824 0.015576835963409332 -0.027600242129445413 -0.017915575116420831 -0.016019965489066892 0.022505200263606102 0.042206962913245188 0.015716537123729956 0.00074134570702967214 -0.041433122639270084 0.012175494373034801 0.014972545567142975 -0.010879627196306916
leaf_weight=1087.9121572650038 121.57985499128699 11.33149437792599 33.838304101489484 27.318512257188559 7.5551382927224031 35.159119581338018 7.228682637680321 9.939462870359419 67.193417160306126 855.71527567016892 6.7231660061515859 82.611948655452579 19.051893386989832 53.670909221284091
leaf_count=12888 1837 103 256 205 54 256 64 59 477 7132 90 467 113 434
internal_value=-0.000530835 -0.00229692 -0.00175394 -0.0176144 0.00108792 0.00603217 0.00165742 0.0161075 0.0121256 -0.000335746 -0.00746957 0.00555524 -0.00135122 -0.00661735
internal_weight=2426.83 1160.4 1121.75 38.65 1266.43 282.411 197.723 84.688 74.7486 984.018 128.303 162.563 79.9515 60.8996
internal_count=24435 13452 13144 308 10983 1924 1334 590 531 9059 1927 1078 611 498
is_linear=0
shrinkage=0.04


Tree=207
num_leaves=15
num_cat=0
split_feature=57 80 60 57 71 35 78 50 4 84 80 4 78 82
split_gain=4.01303 3.26008 5.57218 4.55146 4.0007 3.05062 3.26742 3.66702 3.05684 2.94446 2.93158 2.85911 2.74818 4.936
threshold=0.087500000000000008 1.1190000000000004 0.26625000000000004 0.41950000000000004 -1.2364999999999997 -0.99029999999999985 0.60315000000000007 0.71875000000000011 0.43350000000000005 0.52015000000000011 -0.0084999999999999989 0.51550000000000018 -0.30959999999999993 -0.011749999999999998
decision_type=2 2 2 2 2 2 2 2 2 2 2 2 2 2
left_child=10 4 -3 9 5 -2 7 -7 -9 -4 -1 -5 13 -6
right_child=1 2 3 11 12 6 -8 8 -10 -11 -12 -13 -14 -15
leaf_value=0.0088340567326456541 0.01694220187585533 -0.019307586650751548 0.057834827417344629 -0.025639831461110704 -0.0077666829408086771 -0.027420912371093755 0.0093380458100977264 0.028009503827991406 -0.012254367985077211 0.016812656364020344 -0.033536258012635684 0.017163237714931327 0.00063982522472717351 0.0149266335517382
leaf_weight=3.1122567097190759 4.8068337962031356 5.5436523258686092 5.4275226630270499 3.1565707698464376 126.48385576577857 25.269604284025263 7.3289464339613906 3.1209550225175908 10.281077353283761 7.0839193528518081 8.5189733316656184 5.2533629573881626 2218.2265817644075 16.496462439186871
leaf_count=53 74 43 17 34 2698 824 72 52 144 55 264 35 20063 148
internal_value=9.10254e-05 0.000207428 0.0139107 0.023192 5.13703e-05 -0.0109443 -0.0141568 -0.0187326 -0.00158426 0.0375716 -0.0223971 8.01473e-05 0.000292503 -0.00506294
internal_weight=2450.11 2438.48 26.465 20.9214 2412.01 50.8074 46.0006 38.6716 13.402 12.5114 11.6312 8.40993 2361.21 142.98
internal_count=24576 24259 184 141 24075 1166 1092 1020 196 72 317 69 22909 2846
is_linear=0
shrinkage=0.04


Tree=208
num_leaves=15
num_cat=0
split_feature=86 37 52 52 18 70 35 18 56 82 35 49 71 86
split_gain=3.59971 7.04329 5.80451 7.19912 7.32533 5.8136 6.96681 4.80727 6.72771 10.3167 6.56322 5.2628 5.25203 5.06591
threshold=0.39385000000000003 1.0000000180025095e-35 0.52505000000000013 0.55780000000000018 -0.87499999999999989 -0.30539999999999995 -0.88774999999999993 -0.72499999999999987 0.47850000000000004 -0.12754999999999997 -1.1503999999999999 0.18335000000000004 -0.13649999999999998 0.32095000000000007
decision_type=2 2 2 2 2 2 2 2 2 2 2 2 2 2
left_child=7 2 5 -4 -5 6 -2 8 9 13 -9 12 -11 -1
right_child=1 -3 3 4 -6 -7 -8 10 -10 11 -12 -13 -14 -15
leaf_value=-0.0081729214819317719 0.044724040686153065 0.0070621622967187107 -0.045147363876580075 -0.038555250895048784 -0.0060606917174688872 -0.0019010483291045967 -0.0050209874306125588 -0.019414960396968155 -0.0011398961380106004 -0.015347561541291002 0.00028365454215321879 0.034486054684726701 0.037141698145754284 0.036130966647986894
leaf_weight=28.580195823917165 8.6865921989083308 95.550741889514029 7.3890046402811995 10.631243946962057 269.7263119216077 237.22238641697913 8.0798486890271288 26.521499196067452 77.523117246106267 7.7790654934942722 1621.2259075996117 35.705147148109972 3.6816410273313505 3.8022802025079718
leaf_count=603 43 555 37 75 1626 1364 50 295 697 59 18866 203 16 20
internal_value=-0.00031858 -0.00290051 -0.00466749 -0.0085472 -0.00742555 -0.000255849 0.0218183 0.000594208 0.00725753 0.0153537 -4.499e-05 0.0270931 0.00314162 -0.00204435
internal_weight=2442.1 637.286 541.735 287.747 280.358 253.989 16.7664 1804.82 157.071 79.5483 1647.75 47.1659 11.4607 32.3825
internal_count=24509 3750 3195 1738 1701 1457 93 20759 1598 901 19161 278 75 623
is_linear=0
shrinkage=0.04


Tree=209
num_leaves=15
num_cat=0
split_feature=35 3 56 80 78 83 6 28 2 53 58 53 84 85
split_gain=3.651 5.87782 7.73991 4.9727 5.27521 4.94333 5.5607 5.30316 5.50306 5.22205 6.40052 5.12611 4.83447 6.58023
threshold=-0.35354999999999998 0.42600000000000005 0.39350000000000007 0.75550000000000017 1.0225000000000002 1.2800500000000004 0.95835000000000015 0.62500000000000011 0.25850000000000006 0.055500000000000008 0.18335000000000004 0.30950000000000005 0.76215000000000011 1.0000000180025095e-35
decision_type=2 2 2 2 2 2 2 2 2 2 2 2 2 2
left_child=5 3 -3 4 -2 6 9 -8 -9 -1 11 -11 13 -7
right_child=1 2 -4 -5 -6 12 7 8 -10 10 -12 -13 -14 -15
leaf_value=-0.0093125713811821453 -0.0036373099937009306 0.025128412005760499 0.0013803515196789047 0.0075790712891222025 -0.048743491245954632 -0.0091153653162344955 0.030859093123540304 -0.0033133997243763374 -0.027285281887011577 -0.00044818898487183347 0.0061040073303245861 -0.024466648516257423 0.012960335191720252 0.0016390012030840318
leaf_weight=44.554030255647376 789.54685653850902 25.543240773491561 127.91071034781635 64.688670642673969 3.1778126368299118 178.85063795698807 5.1898761810734859 95.007593227550387 17.359457795508206 129.48500000545755 733.57889185892418 14.976502477191387 29.302620094269514 183.8085875781253
leaf_count=593 10777 211 1179 578 23 1100 29 764 126 2003 5491 167 265 1210
internal_value=0.000123631 -0.00171595 0.00547044 -0.003007 -0.00387931 0.0014224 0.00286436 -0.00529738 -0.0072248 0.00390894 0.00458967 -0.00308929 -0.00240169 -0.00367515
internal_weight=2442.98 1010.87 153.454 857.413 792.725 1432.11 1040.15 117.557 112.367 922.594 878.04 144.462 391.962 362.659
internal_count=24516 12768 1390 11378 10800 11748 9173 919 890 8254 7661 2170 2575 2310
is_linear=0
shrinkage=0.04


Tree=210
num_leaves=15
num_cat=0
split_feature=20 28 83 2 69 22 56 56 50 53 74 18 57 26
split_gain=4.30482 3.42642 5.41667 7.93039 6.53255 7.03139 5.95369 5.73117 5.51486 7.14964 7.60306 7.0197 6.39116 12.3185
threshold=0.31665000000000004 0.97500000000000009 0.16310000000000005 0.098000000000000018 0.77500000000000013 0.22500000000000003 0.25550000000000006 0.59900000000000009 0.71875000000000011 0.17950000000000002 1.0000000180025095e-35 1.0000000180025095e-35 0.54600000000000015 0.3050000000000001
decision_type=2 2 2 2 2 2 2 2 2 2 2 2 2 2
left_child=1 -1 3 -3 5 -5 -4 -6 9 11 -11 -8 -12 -14
right_child=-2 2 6 4 7 -7 8 -9 -10 10 12 -13 13 -15
leaf_value=-0.00096689506495433526 0.021627799014557591 -0.00021121884212600375 -0.0307590236782148 0.012497465986048404 0.025498268218784405 -0.021630032158957011 -0.0080098444259270492 -0.0074155067950870644 -0.0054670226693235126 -0.010581158985109744 0.021649983514370103 0.017558149427126551 -0.051373353562181479 0.010068561204768131
leaf_weight=1767.594807152811 13.743438037112353 115.46578210708685 9.0282676331698877 30.193050268571824 66.727404420729727 12.999262961558996 93.444164269603789 9.2254469674080593 155.80852383235469 23.048104853369296 70.983227648772299 20.027294852770865 4.9587990138679734 41.272681409493089
leaf_count=19219 113 1334 78 328 452 168 624 63 995 165 449 135 36 267
internal_value=7.91697e-05 -5.20481e-05 0.00242134 0.00727273 0.014467 0.00196934 -0.000308738 0.0214561 0.000435818 0.00406776 0.0100768 -0.00338322 0.014194 0.00253013
internal_weight=2434.52 2420.78 653.182 234.611 119.145 43.1923 418.571 75.9529 409.543 253.734 140.263 113.471 117.215 46.2315
internal_count=24426 24313 5094 2345 1011 496 2749 515 2671 1676 917 759 752 303
is_linear=0
shrinkage=0.04


Tree=211
num_leaves=15
num_cat=0
split_feature=54 24 45 55 3 34 1 22 6 82 19 5 50 55
split_gain=4.19191 5.84447 7.99652 6.46529 6.38304 7.57959 9.23757 8.42523 7.57344 6.67871 6.36477 7.6854 6.07198 5.94513
threshold=0.5675 1.0000000180025095e-35 0.3000000000000001 0.85450000000000015 0.32850000000000007 0.50000000000000011 3.3205000000000005 0.14165000000000003 0.54165000000000008 1.0515000000000001 0.15000000000000002 0.29165000000000002 0.36460000000000009 0.45350000000000007
decision_type=2 2 2 2 2 2 2 2 2 2 2 2 2 2
left_child=1 2 4 10 8 -6 7 -7 -1 13 12 -12 -4 -9
right_child=-2 -3 3 -5 5 6 -8 9 -10 -11 11 -13 -14 -15
leaf_value=0.026189607590428227 -0.0034931602466494816 -0.00078447189076201506 -0.025571841843850231 0.024758001948917269 0.021730052641490669 -0.043847417506585544 0.031263281068535528 0.00028049240819198555 -0.0063918826186555276 0.020554991831115019 -0.034654054669383275 0.013861810505275947 0.0023663120836367973 -0.038430409219551279
leaf_weight=60.270285746781155 547.55446323612705 1427.4176785678137 12.0896965470165 15.768730849027632 25.245747989974916 9.093254092615096 8.8141852375119907 17.167920636013154 13.604796960949896 12.333022909238933 16.396899280603979 6.8186937493737778 252.91789367597084 9.0581845473498088
leaf_count=417 4124 15918 299 176 176 71 47 112 107 61 168 89 2775 82
internal_value=-0.000415291 0.000479199 0.00439725 0.000612442 0.011741 0.00395586 -0.00423069 -0.0113036 0.0201842 -0.00271452 -0.0007896 -0.0204204 0.00100043 -0.0140102
internal_weight=2434.55 1887 459.579 303.992 155.587 81.7123 56.4666 47.6524 73.8751 38.5591 288.223 23.2156 265.008 26.2261
internal_count=24622 20498 4580 3507 1073 549 373 326 524 255 3331 257 3074 194
is_linear=0
shrinkage=0.04


Tree=212
num_leaves=15
num_cat=0
split_feature=2 28 52 4 4 46 82 73 66 82 71 20 2 35
split_gain=3.70538 3.36626 6.89889 4.68633 9.55002 7.86587 4.98368 4.1731 6.0972 7.06846 7.12513 5.01059 4.35249 4.44464
threshold=0.8045000000000001 0.93500000000000016 0.13715000000000002 0.46700000000000008 0.47450000000000003 1.0000000180025095e-35 1.0000000180025095e-35 0.45835000000000009 1.0000000180025095e-35 0.21395000000000003 -0.39749999999999996 0.15000000000000002 0.30850000000000005 0.17720000000000002
decision_type=2 2 2 2 2 2 2 2 2 2 2 2 2 2
left_child=1 -1 -3 5 -5 -4 -7 11 -9 10 -10 12 13 -6
right_child=-2 2 3 4 7 6 -8 8 9 -11 -12 -13 -14 -15
leaf_value=-0.00086907579992193443 0.02878054234680421 -0.0099993016798679678 0.004057222142051245 -0.048638181635400936 0.0022704542400215333 -0.0057652682991266458 0.02545359043664671 0.0067759034700377507 -0.023139639194470939 -0.030166284626984383 0.040427366955219465 0.031578652461298228 -0.025842084595881536 -0.020387553052928341
leaf_weight=1773.0118836435722 6.1978521551936856 63.12365915812552 215.63783963350579 5.1997053800150743 54.443084866274148 9.3708713296800834 49.521041207015514 199.26052652904764 4.2769365152344108 15.163769151084123 5.2236711103469151 4.5005660001188508 16.333193255588412 17.506029539741576
leaf_count=19351 60 718 1941 35 365 131 263 1256 47 104 30 29 117 105
internal_value=0.000123364 3.85533e-05 0.00247604 0.00381089 0.000531626 0.00764019 0.0204727 0.00148945 0.00444079 -0.0139532 0.0123326 -0.00560483 -0.00783288 -0.0034464
internal_weight=2438.77 2432.57 659.561 596.437 321.907 274.53 58.8919 316.708 223.925 24.6644 9.50061 92.7829 88.2823 71.9491
internal_count=24552 24492 5141 4423 2088 2335 394 2053 1437 181 77 616 587 470
is_linear=0
shrinkage=0.04


Tree=213
num_leaves=15
num_cat=0
split_feature=57 46 87 52 54 35 60 26 5 57 11 84 86 26
split_gain=2.91207 6.64176 3.69705 4.21159 5.51667 6.80277 4.61367 3.93725 2.84102 2.8365 2.83035 2.80003 6.4093 2.77728
threshold=0.72250000000000003 0.53985000000000005 0.41455000000000003 0.9245000000000001 0.77700000000000014 -0.86089999999999989 0.25650000000000006 0.70500000000000007 0.79165000000000008 0.76250000000000007 0.62500000000000011 0.59525000000000017 0.74825000000000008 0.84500000000000008
decision_type=2 2 2 2 2 2 2 2 2 2 2 2 2 2
left_child=13 2 3 6 10 -6 7 -2 -7 -3 -5 -8 -13 -1
right_child=1 9 -4 4 5 8 11 -9 -10 -11 -12 12 -14 -15
leaf_value=0.00027764700553976408 -0.015574230552149132 0.045154439560984409 0.030559296851904009 0.03595658067696636 0.031533953897671496 -0.0043774659007391747 -0.0045514827085644024 0.024703346036415282 -0.044414782590646518 0.0091514520276144515 0.0023614623116910683 -0.040910939305568987 0.022462073511314701 -0.0031508157159253181
leaf_weight=1807.6880882917321 4.5655150692909965 7.8126160074025375 6.0717942789196959 13.28302820492536 4.6499765180051318 6.9343641614541394 61.895411264151335 13.210077974945307 4.1082428768277168 6.8555863751098514 5.7856275252997866 8.8418462332338077 2.7245894460938862 476.9644300697837
leaf_count=19652 42 32 29 153 42 67 509 90 24 45 41 70 35 3727
internal_value=-8.74098e-05 0.00535531 0.00241502 0.000828815 0.0124757 -0.00499909 -0.00369575 0.0140799 -0.021724 0.0299855 0.0263891 -0.00812825 -0.0253833 -0.000439175
internal_weight=2431.39 146.739 132.07 125.999 34.7612 15.6926 91.2374 17.7756 11.0426 14.6682 19.0687 73.4618 11.5664 2284.65
internal_count=24558 1179 1102 1073 327 133 746 132 91 77 194 614 105 23379
is_linear=0
shrinkage=0.04


Tree=214
num_leaves=15
num_cat=0
split_feature=2 71 60 1 43 46 86 75 83 82 5 55 40 1
split_gain=2.91928 3.09272 4.34562 3.83245 3.6996 3.11391 3.14327 6.4252 5.10739 4.4786 5.30621 6.44696 6.94543 6.71456
threshold=0.8045000000000001 -1.2364999999999997 0.72625000000000017 0.55550000000000022 1.0000000180025095e-35 -2.3427999999999995 0.49950000000000006 0.18335000000000004 -1.0683499999999999 0.8811500000000001 1.0000000180025095e-35 0.7340000000000001 1.0000000180025095e-35 -0.19449999999999998
decision_type=2 2 2 2 2 2 2 2 2 2 2 2 2 2
left_child=1 2 4 -4 -1 -3 -7 -8 -9 -10 -11 12 -12 -14
right_child=-2 5 3 -5 -6 6 7 8 9 10 11 -13 13 -15
leaf_value=-0.020144376169752395 0.027498426368115253 -0.028471149596148663 -0.024922257646072005 0.021765852279501039 0.022301876769335337 0.00092354071175555503 0.028136132595963335 -0.036141206110383226 0.002553584188082846 0.0060801213293251834 -0.0064635410263850579 0.0087180000650170526 0.013762290364055249 -0.02851992836427638
leaf_weight=34.729679488460533 5.1796034099534145 5.054128758609294 2.8949546439107499 9.7037813286297006 2.7972418786957851 1959.8343159650685 9.4210764020681363 6.6208309009671202 144.73304443061352 45.338437561877072 128.08875629771501 28.049528907984495 6.2438510162755838 48.112260001711547
leaf_count=870 59 91 101 158 32 20690 52 40 823 308 822 184 35 289
internal_value=4.05595e-05 -2.92086e-05 -0.00976341 0.00999401 -0.0164837 0.000179688 0.000252572 -0.0028985 -0.00368372 -0.00305857 -0.00623113 -0.00889907 -0.0116403 -0.0235021
internal_weight=2436.8 2431.62 50.1257 12.5987 37.5269 2381.5 2376.44 416.608 407.187 400.566 255.833 210.494 182.445 54.3561
internal_count=24554 24495 1161 259 902 23334 23243 2553 2501 2461 1638 1330 1146 324
is_linear=0
shrinkage=0.04


Tree=215
num_leaves=15
num_cat=0
split_feature=3 71 60 55 70 59 1 83 55 60 28 70 56 83
split_gain=3.98278 2.75796 5.06694 3.35903 5.45502 3.54205 2.97385 2.91326 5.01384 6.56548 7.53517 6.42431 6.74286 6.62723
threshold=0.88150000000000006 -0.98549999999999993 0.72625000000000017 0.52300000000000013 1.7796500000000004 0.70835000000000015 0.45550000000000007 -0.69169999999999987 0.44050000000000006 0.20600000000000004 0.8650000000000001 2.2928500000000005 0.80150000000000021 2.2039000000000004
decision_type=2 2 2 2 2 2 2 2 2 2 2 2 2 2
left_child=1 2 3 -1 5 -5 -4 -3 9 10 -9 12 13 -10
right_child=-2 7 6 4 -6 -7 -8 8 11 -11 -12 -13 -14 -15
leaf_value=-0.014535209910782233 0.021818999472163807 -0.0030236485283614651 -0.018627066923343365 -0.010898938469552097 -0.020163550779618206 0.031162355509657735 0.015224396186133195 0.00071533791066952387 -0.004172123856568003 0.0035091953214478454 -0.026102301501228227 0.0031284538885913995 0.016197732148436582 -0.031302577249091301
leaf_weight=72.086106800241396 12.191553128883241 397.33299682033248 4.1857204921543625 4.0293405600823471 8.7215516269206983 9.3717779703438282 21.799073774833232 46.284067467786372 534.14665491995402 957.65028430405073 25.237839346751571 313.32316866656765 24.363503487315029 13.83891317155212
leaf_count=1673 126 6226 169 113 177 79 372 404 4237 8493 203 2067 221 112
internal_value=-0.000100592 -0.000219379 -0.00610132 -0.0103977 0.00312998 0.0186371 0.00928328 8.88867e-05 0.000735983 0.00263359 -0.0089772 -0.00146956 -0.00398773 -0.00491305
internal_weight=2444.56 2432.37 120.194 94.2088 22.1227 13.4011 25.9848 2312.18 1914.84 1029.17 71.5219 885.672 572.349 547.986
internal_count=24672 24546 2583 2042 369 192 541 21963 15737 9100 607 6637 4570 4349
is_linear=0
shrinkage=0.04


Tree=216
num_leaves=15
num_cat=0
split_feature=55 78 4 78 35 87 83 18 7 60 83 55 52 4
split_gain=3.08381 5.52498 9.33977 3.93678 3.60467 3.80288 3.58259 3.94138 3.42227 3.71397 3.11316 3.94004 3.26933 3.04182
threshold=0.19100000000000003 0.16915000000000005 0.48050000000000004 -0.0021499999999999996 -0.16494999999999996 0.39435000000000003 -0.82799999999999985 -0.62499999999999989 0.37500000000000006 0.72100000000000009 -1.46295 0.35850000000000004 0.5797500000000001 0.37950000000000006
decision_type=2 2 2 2 2 2 2 2 2 2 2 2 2 2
left_child=1 3 4 8 -3 -6 -5 -8 9 -1 11 -2 -13 -12
right_child=10 2 -4 6 5 -7 7 -9 -10 -11 13 12 -14 -15
leaf_value=0.014161627901972408 -0.028502754536238233 -0.040011227138043996 0.032688074137208346 0.0076464415144377618 -0.030094792907878143 0.022723022429686855 -0.00095409770613913165 -0.041496378297877688 -0.034306017231548476 -0.026188356489246827 0.002457087750737285 -0.013107819936385174 0.019372467266178212 -0.00072312026640532548
leaf_weight=13.854776123305788 12.778167779091747 4.768864780664444 10.936481562443076 3.7879781501833376 2.5960765071213263 4.5530496370047331 4.9636722728610065 16.646060626255348 3.5403467863798133 3.8589332138653836 676.30572761595249 11.574935196433218 7.1864925180561832 1661.2292734223884
leaf_count=273 223 43 61 113 52 25 96 288 36 95 9370 248 92 13494
internal_value=-0.000218641 -0.00846233 0.00743341 -0.0162422 -0.0164778 0.00220378 -0.0265677 -0.032638 -0.00326416 0.00444168 2.66889e-05 -0.0122605 -0.000315637 0.000197648
internal_weight=2438.58 69.5062 22.8545 46.6518 11.918 7.14913 25.3977 21.6097 21.2541 17.7137 2369.07 31.5396 18.7614 2337.54
internal_count=24509 1082 181 901 120 77 497 384 404 368 23427 563 340 22864
is_linear=0
shrinkage=0.04


Tree=217
num_leaves=15
num_cat=0
split_feature=28 13 57 1 67 83 53 4 53 56 78 19 86 46
split_gain=3.41763 5.4888 6.80967 5.90686 6.2351 5.89572 6.01711 5.56094 5.5366 8.98774 8.62618 5.43625 5.16882 5.11198
threshold=0.93500000000000016 1.0000000180025095e-35 0.18250000000000002 -0.23549999999999996 1.0000000180025095e-35 -0.57419999999999993 0.16600000000000004 0.84900000000000009 0.19750000000000004 0.43550000000000005 0.48415000000000002 0.31665000000000004 0.097050000000000011 1.0773500000000003
decision_type=2 2 2 2 2 2 2 2 2 2 2 2 2 2
left_child=-1 2 -2 5 7 -4 -7 8 11 -10 12 -5 -11 -14
right_child=1 -3 3 4 -6 6 -8 -9 9 10 -12 -13 13 -15
leaf_value=-0.00077690757567435581 -0.029815585008987223 0.010827547407891158 0.027590221419759517 -0.00062679912619632708 0.019199330126404453 -0.03838936708349882 0.0012001134360683722 -0.024754702325384959 0.02183636184961165 -0.034989964129411105 0.03028121536963686 -0.030335024074107004 -0.0017579251464999595 0.021519326282608373
leaf_weight=1786.3728535237024 10.261153907049446 107.20303375972435 3.4615400766488191 249.44497251417488 32.823294943198562 14.628375135827811 10.02284905919805 11.644934483803807 48.493665644899011 5.6869799923151723 15.008134807460008 9.2628920134156925 127.58786819688976 16.105516834184527
leaf_count=19467 138 768 55 2034 326 204 108 88 296 101 93 56 817 84
internal_value=0.000132786 0.00258636 0.000976254 0.00161051 0.00259476 -0.0159257 -0.0228736 0.00142959 0.00212717 0.00688969 0.00237513 -0.00180319 -0.000611289 0.00098174
internal_weight=2448.01 661.635 554.432 544.171 516.058 28.1128 24.6512 483.235 471.59 212.882 164.388 258.708 149.38 143.693
internal_count=24635 5168 4400 4262 3895 367 312 3569 3481 1391 1095 2090 1002 901
is_linear=0
shrinkage=0.04


Tree=218
num_leaves=15
num_cat=0
split_feature=71 78 56 19 53 57 57 53 5 5 53 53 84 75
split_gain=3.10694 6.095 3.62521 4.88876 4.5251 7.25652 5.61373 4.23313 4.34444 3.72954 5.46588 5.64265 6.49718 5.5774
threshold=-1.2364999999999997 0.54525000000000012 0.74150000000000016 -1.0000000180025095e-35 0.40100000000000008 0.42650000000000005 0.84500000000000008 0.46250000000000008 0.45835000000000009 0.62500000000000011 0.097500000000000017 0.08950000000000001 0.32055000000000006 0.63335000000000008
decision_type=2 2 2 2 2 2 2 2 2 2 2 2 2 2
left_child=1 -1 4 -4 6 -6 9 -7 -9 -2 11 12 -11 -14
right_child=2 -3 3 -5 5 7 -8 8 -10 10 -12 -13 13 -15
leaf_value=-0.016491942558582565 -0.00086052072169154445 0.017169019708267539 -0.0094540590943229773 0.011141570806094299 0.030593025795273787 0.013135740698053301 -0.03381455100661844 0.0024467133790589081 -0.030126309537311925 -0.033021834737423227 0.0062327958899253055 -0.044893267485369863 -0.0022342303028470927 0.04270986243999287
leaf_weight=40.337784153409302 1906.83385809639 9.9975972981192154 22.043896058574319 94.420681089628488 18.576782898977399 27.436624356545508 6.9859055839478961 19.024657318834219 8.8870142549276334 7.9357883180491617 249.35301910969429 5.1112396884709588 23.932467946782712 4.3942876402288666
leaf_count=1090 19385 103 185 782 123 180 66 132 57 144 2036 47 219 21
internal_value=0.000134827 -0.009602 0.000343392 0.00719602 -9.88468e-06 0.00965744 -0.000338291 0.00221252 -0.00860776 -0.00021654 0.0039957 -0.00931579 -0.0032309 0.00595649
internal_weight=2445.27 50.3354 2394.94 116.465 2278.47 73.9251 2204.55 55.3483 27.9117 2197.56 290.727 41.3738 36.2625 28.3268
internal_count=24570 1193 23377 967 22410 492 21918 369 189 21852 2467 431 384 240
is_linear=0
shrinkage=0.04


Tree=219
num_leaves=15
num_cat=0
split_feature=82 18 82 57 84 82 80 56 22 22 4 55 18 55
split_gain=4.50876 5.42974 6.21617 9.37592 7.3529 5.99276 6.79683 5.91337 6.96739 5.47476 5.26861 6.0768 8.85162 7.51854
threshold=1.0076000000000003 -0.62499999999999989 -0.14014999999999997 0.55950000000000022 0.61075000000000013 -0.54134999999999989 -0.24249999999999997 0.77050000000000007 0.27500000000000008 0.54165000000000008 0.68050000000000022 0.7965000000000001 -0.42499999999999999 0.74250000000000005
decision_type=2 2 2 2 2 2 2 2 2 2 2 2 2 2
left_child=1 2 4 7 5 6 -1 8 -4 -5 11 13 -13 -3
right_child=-2 10 3 9 -6 -7 -8 -9 -10 -11 -12 12 -14 -15
leaf_value=-0.031389243888615019 -0.0027356918780950534 -0.00083158917189428752 0.011513177549114462 0.0018106425753444031 0.035096610923411257 -0.014536333066457439 0.007158377392727712 -0.020342300844643828 0.031825779715900684 -0.032486403790859035 0.010049600116646041 0.015748030569268205 -0.036347746131622706 0.021590492387459425
leaf_weight=7.1614050022326401 758.33108381228521 1227.1874384585535 95.495686511974782 60.277651095762849 7.3594168704003087 48.38441239669919 70.540658108657226 6.1434997953474513 37.959107581526041 7.4832324497401705 75.216795029584318 6.8425373835489181 16.041715203784406 23.403478864580393
leaf_count=143 4462 16095 648 410 43 503 1057 40 179 51 569 62 139 174
internal_value=-0.000175332 0.000974824 0.00547791 0.00979521 -0.00125364 -0.0036348 0.00325194 0.015687 0.0174845 -0.00239435 -0.000166289 -0.000777095 -0.0207636 -0.000395069
internal_weight=2447.83 1689.5 340.805 207.359 133.446 126.086 77.7021 139.598 133.455 67.7609 1348.69 1273.48 22.8843 1250.59
internal_count=24575 20113 3074 1328 1746 1703 1200 867 827 461 17039 16470 201 16269
is_linear=0
shrinkage=0.04


Tree=220
num_leaves=15
num_cat=0
split_feature=53 69 2 54 75 50 50 56 64 70 54 3 84 55
split_gain=3.6107 5.32545 5.10739 7.90924 8.474 5.85094 5.09023 6.2882 6.55391 6.4527 6.12767 5.10859 6.5104 4.91516
threshold=0.28500000000000003 0.36665000000000009 0.30450000000000005 0.39550000000000007 0.43650000000000005 0.55210000000000015 0.78125000000000011 0.23450000000000001 1.0000000180025095e-35 0.91025000000000011 0.69950000000000012 0.33650000000000008 0.26825000000000004 0.32350000000000007
decision_type=2 2 2 2 2 2 2 2 2 2 2 2 2 2
left_child=2 -2 6 5 13 -4 10 -8 11 -10 -1 -9 -13 -5
right_child=1 -3 3 4 -6 -7 7 8 9 -11 -12 12 -14 -15
leaf_value=-0.00091787599405628159 -0.032660903414436129 0.0043899741280872383 0.042771570849508604 0.0071628079009920052 -0.0062194811708301649 -0.00073424555563251213 -0.026434347167413805 0.017127163471833712 0.01574351196190505 -0.015139763506954037 0.02549800879284447 -0.013877165460076599 0.0096176891030071831 -0.038061021831930754
leaf_weight=1639.0519062313251 5.3237495562061659 368.44786893576384 4.2886630417779079 4.1387861976400044 60.868921441026032 75.875054886564612 8.5504810875281674 87.689812954515219 14.463347037322817 35.509061540476978 13.172377477400003 24.04255769494921 76.01358387991786 26.413627341389656
leaf_count=18682 54 2527 37 27 389 657 67 652 124 280 107 293 471 186
internal_value=0.000163667 0.00377651 -0.000490173 -0.00707834 -0.0150547 0.00209157 0.000108676 0.00546137 0.00671455 -0.00606782 -0.000691979 0.010131 0.00389064 -0.0319019
internal_weight=2443.85 373.772 2070.08 171.585 91.4213 80.1637 1898.49 246.269 237.718 49.9724 1652.22 187.746 100.056 30.5524
internal_count=24553 2581 21972 1296 602 694 20676 1887 1820 404 18789 1416 764 213
is_linear=0
shrinkage=0.04


Tree=221
num_leaves=15
num_cat=0
split_feature=71 79 81 3 3 71 60 83 83 2 55 71 73 73
split_gain=4.13485 4.90412 10.446 6.25504 5.67848 9.79998 5.65052 5.476 5.95021 6.9429 4.94251 4.37913 6.11165 9.83681
threshold=-0.017499999999999998 1.0000000180025095e-35 1.0000000180025095e-35 0.38750000000000007 0.28050000000000008 0.51550000000000018 0.84075000000000011 0.79505000000000015 0.31495000000000006 0.10600000000000001 0.30150000000000005 0.094500000000000015 0.54165000000000008 1.0000000180025095e-35
decision_type=2 2 2 2 2 2 2 2 2 2 2 2 2 2
left_child=-1 2 11 4 7 -6 -3 8 9 10 -4 12 13 -2
right_child=1 6 3 -5 5 -7 -8 -9 -10 -11 -12 -13 -14 -15
leaf_value=0.0014921311767243195 -0.032790825943336099 0.00075066867294122696 0.0095104168543909892 4.6726196786951886e-05 -0.052017155209516927 -0.0010967307603341266 -0.01780166051046422 0.01840746746367438 -0.059705403514891363 0.025450453231885221 -0.028985321776822816 0.0011431163090103603 -0.026739527622622102 0.017978768786854313
leaf_weight=1345.2258510569809 8.0896518807858246 702.59409933257848 6.3562530623748925 26.576411867514253 19.036509507801387 8.7241161502897722 26.285743033047765 6.5728476643562308 4.1124214716255656 5.4840631601400665 22.653190907556564 209.00972181023099 22.713867744896561 17.609624647535384
leaf_count=16085 90 5655 76 172 120 62 210 37 30 40 268 1453 140 100
internal_value=1.05246e-05 -0.00182473 -0.00565902 -0.0165951 -0.0225774 -0.0366093 5.8139e-05 -0.0133493 -0.0190843 -0.0126956 -0.0205147 -0.00138343 -0.0120935 0.00136786
internal_weight=2431.04 1085.82 356.939 99.5158 72.9394 27.7606 728.88 45.1788 38.6059 34.4935 29.0094 257.423 48.4131 25.6993
internal_count=24538 8453 2588 805 633 182 5865 451 414 384 344 1783 330 190
is_linear=0
shrinkage=0.04


Tree=222
num_leaves=15
num_cat=0
split_feature=78 1 2 57 82 71 56 87 54 71 71 56 84 80
split_gain=4.0699 4.63896 3.48123 3.41107 3.72773 6.55353 5.83136 3.97642 3.74237 6.9929 5.6523 4.29338 3.53714 3.48499
threshold=-0.22314999999999999 -0.66149999999999987 0.75500000000000012 0.096000000000000016 -0.83744999999999992 -0.61349999999999982 0.46550000000000008 0.68955000000000011 0.56050000000000011 0.23750000000000002 0.55350000000000021 0.50850000000000006 0.12115000000000002 -0.52749999999999997
decision_type=2 2 2 2 2 2 2 2 2 2 2 2 2 2
left_child=1 -1 -3 -2 5 6 -5 -6 11 -10 -11 -9 13 -8
right_child=3 2 -4 4 7 -7 12 8 9 10 -12 -13 -14 -15
leaf_value=0.019585838100687019 -0.019798475682862086 -0.006129546960733606 0.032215405509138068 -0.0130877352541041 0.00030399623716182491 0.019264754519867248 -0.026209641675891352 0.0087119866239467655 -0.041803433084548924 0.026124026760687459 -0.014115736549173532 0.037614551969474087 -0.012277152147767385 0.030005181656852762
leaf_weight=11.373072776244951 11.582753064809365 241.23744676401839 2.8699412271380416 28.295861986232921 1949.2066192559432 46.941852389601991 1.230468442663551 80.071543502621353 5.4078925326466587 9.9994291421026009 10.431041020900009 8.3573726061731559 5.1827225810848168 13.667801603907719
leaf_count=307 305 4323 15 1418 16022 920 48 534 28 58 83 53 73 295
internal_value=0.000407211 -0.00435822 -0.00554914 0.00096991 0.00109046 0.00878246 -0.00157305 0.000731055 0.00795011 -0.00528647 0.0058791 0.0118336 0.0145033 0.0240058
internal_weight=2425.86 255.48 244.107 2170.38 2158.79 95.3187 48.3769 2063.47 114.267 25.8384 20.4305 88.4289 20.081 14.8983
internal_count=24482 4645 4338 19837 19532 2754 1834 16778 756 169 141 587 416 343
is_linear=0
shrinkage=0.04


Tree=223
num_leaves=15
num_cat=0
split_feature=60 28 13 18 83 31 80 78 73 82 26 35 53 57
split_gain=3.95057 3.87224 6.81405 6.75037 6.53401 5.90606 5.56156 6.76536 5.30383 5.26651 10.4926 5.78863 6.38647 6.60453
threshold=1.0000000180025095e-35 0.93500000000000016 1.0000000180025095e-35 -0.72499999999999987 1.3377000000000001 1.0000000180025095e-35 0.27850000000000008 -0.076849999999999988 0.45835000000000009 1.3533000000000002 0.96500000000000019 -0.80919999999999992 0.15450000000000003 0.42650000000000005
decision_type=2 2 2 2 2 2 2 2 2 2 2 2 2 2
left_child=-1 -2 3 4 -3 -6 9 -8 -4 11 -11 -5 -13 -14
right_child=1 2 8 6 5 -7 7 -9 -10 10 -12 12 13 -15
leaf_value=-0.018842091564598519 -0.00086983362618952187 0.020068611839821338 -0.002074976550770036 -0.0098625191232288596 0.0069036143469656287 -0.030256639911060045 -0.0048523092104454839 0.013713573306644857 0.016999546131753418 -0.0018142963449887745 -0.039106190043099967 -0.0062203543714867962 0.025459339765943001 0.0026838960271328071
leaf_weight=16.763461352325976 1782.45803263993 50.769170560175553 32.290508195292205 90.57752343127504 27.043561125174165 8.0582488477230054 53.692965640686452 73.301180174574256 81.153490073047578 32.756156831979752 18.213605408556759 75.353292552288622 27.436071306932718 72.841286901384592
leaf_count=165 19292 359 268 780 187 49 511 425 519 210 112 891 218 538
internal_value=-4.71018e-05 9.04832e-05 0.00274778 0.000834988 0.0110332 -0.00222898 -0.00115697 0.00588736 0.0115995 -0.00398707 -0.0156363 -0.00170647 0.00253184 0.00910515
internal_weight=2442.71 2425.95 643.487 530.043 85.871 35.1018 444.172 126.994 113.444 317.178 50.9698 266.208 175.631 100.277
internal_count=24524 24359 5067 4280 595 236 3685 936 787 2749 322 2427 1647 756
is_linear=0
shrinkage=0.04


Tree=224
num_leaves=15
num_cat=0
split_feature=28 80 60 83 56 60 59 36 60 70 35 73 82 54
split_gain=3.26121 4.74644 4.50799 8.26009 6.42412 7.47129 6.49869 5.63462 5.45 7.98291 5.15097 4.82858 5.86983 4.77869
threshold=0.93500000000000016 -0.79449999999999987 0.46175000000000005 1.9720500000000001 0.38950000000000007 0.58020000000000016 0.63335000000000008 1.0000000180025095e-35 0.16500000000000004 3.3421500000000006 0.64145000000000019 0.37500000000000006 1.1128000000000002 0.37550000000000006
decision_type=2 2 2 2 2 2 2 2 2 2 2 2 2 2
left_child=1 -1 3 8 5 -4 13 10 9 11 -6 -2 -13 -7
right_child=2 -3 4 -5 7 6 -8 -9 -10 -11 -12 12 -14 -15
leaf_value=-0.025100819041618198 0.014180496880016862 -0.00080806791174793322 -0.011288745494444981 -0.013027361699525369 -0.017159297311108379 0.014623564741482107 0.024349139467214131 0.02246840264436472 0.0072032046633415149 0.032138316395498419 0.0068144870381888325 -0.043979844171040221 0.0029777725741967432 -0.017174562440702614
leaf_weight=11.96461121784523 4.4994465708732667 1768.9783564439276 30.382409631274641 38.882787391543388 74.266253117937595 13.959813177119942 33.311814030166715 7.0365140116773537 402.23589964630082 4.7309385240077964 17.136041895952076 12.5399859668687 6.0378623716533175 14.299910367466508
leaf_count=237 42 19122 294 287 608 140 247 53 3004 26 160 149 34 110
internal_value=-9.55213e-05 -0.000985264 0.00230569 0.0044106 -0.00287455 0.00470331 0.0126489 -0.00992933 0.00601384 -0.0108428 -0.0126396 -0.0206229 -0.0293459 -0.00150389
internal_weight=2440.26 1780.94 659.32 468.927 190.393 91.9539 61.5715 98.4388 430.044 27.8082 91.4023 23.0773 18.5778 28.2597
internal_count=24513 19359 5154 3542 1612 791 497 821 3255 251 768 225 183 250
is_linear=0
shrinkage=0.04


Tree=225
num_leaves=15
num_cat=0
split_feature=23 84 58 54 82 3 49 43 86 35 75 3 1 56
split_gain=3.0741 4.2878 4.31283 4.45655 4.27745 3.37256 3.37283 3.08056 4.02066 5.60359 5.51308 8.76373 6.1038 5.31422
threshold=0.34500000000000003 0.25985000000000008 0.45000000000000007 0.50650000000000006 -0.58064999999999989 0.11750000000000001 1.0000000180025095e-35 1.0000000180025095e-35 0.079650000000000012 1.0453500000000002 0.47220000000000006 0.37950000000000006 1.5275000000000001 0.47850000000000004
decision_type=2 2 2 2 2 2 2 2 2 2 2 2 2 2
left_child=7 4 -3 5 -2 6 -4 -1 13 10 -10 -12 -13 -9
right_child=1 2 3 -5 -6 -7 -8 8 9 -11 11 12 -14 -15
leaf_value=0.00012555183577921103 -0.018168340631306689 -0.045835169464185123 -0.03368179556944742 0.0129767958119329 0.024049596537070679 -0.031359036946045971 0.017112641156520291 0.017606673361662214 0.014934359204370586 -0.04215239888681846 -0.034872478102044906 0.022011058250216382 -0.022738348300285271 -0.0043435949365592174
leaf_weight=2235.4038863803726 5.2594149603974065 5.763364524813368 2.0448656252119752 8.826064268127082 9.192624226678161 13.056421400047837 5.6875870604999363 62.777217980939895 26.576715919189155 4.0421141609549514 12.019044218584897 13.387187579646708 6.4328322606161228 23.926622963510454
leaf_count=22593 198 58 52 58 112 115 42 700 175 27 92 104 49 230
internal_value=0.000290872 -0.00944306 -0.0168067 -0.00984484 0.00850408 -0.0196848 0.0013611 0.000498155 0.00604413 -0.00168673 0.00177564 -0.00932851 0.00709254 0.0115689
internal_weight=2434.4 49.8303 35.3783 29.6149 14.452 20.7889 7.73245 2384.57 149.162 62.4579 58.4158 31.8391 19.82 86.7038
internal_count=24605 635 325 267 310 209 94 23970 1377 447 420 245 153 930
is_linear=0
shrinkage=0.04


Tree=226
num_leaves=15
num_cat=0
split_feature=19 78 55 55 78 5 86 49 71 71 35 71 23 45
split_gain=3.11722 4.86164 5.75329 9.61758 5.11817 4.23155 3.82066 3.71942 3.69122 10.5521 6.11419 5.64983 6.52032 5.44889
threshold=-0.38334999999999997 1.0000000180025095e-35 0.61650000000000016 0.44050000000000006 0.6472500000000001 0.29165000000000002 0.20385000000000003 1.0000000180025095e-35 -0.065499999999999989 -0.087499999999999981 -0.76539999999999986 -0.11249999999999999 0.085000000000000006 0.3000000000000001
decision_type=2 2 2 2 2 2 2 2 2 2 2 2 2 2
left_child=1 5 3 4 -3 7 -5 -1 9 11 13 -2 -13 -11
right_child=8 2 -4 6 -6 -7 -8 -9 -10 10 -12 12 -14 -15
leaf_value=-0.016085888829938933 0.0015990888039081666 -0.023918683515645311 -0.035560069561810674 -0.0013950546758189858 0.017624680907094722 -0.017472227413923618 0.026567940886679974 0.015328188517181141 -0.0013615369914779696 0.018549640827738027 0.027405369737603845 -0.022509136998889536 0.013698468110994866 -0.032060450531084417
leaf_weight=6.4574013263918451 1115.8184201780241 38.579142702743411 12.548926045186816 19.851665305905048 4.6609604321420184 10.561850181082262 11.797767030075191 33.398294142913073 1094.033958918415 6.4051175620406848 37.788060494698584 30.33572901552543 9.9109411821700615 5.3320349333807826
leaf_count=172 13900 354 90 173 23 149 54 482 8489 29 266 250 92 36
internal_value=-3.11889e-05 -0.00585135 -0.0115084 -0.00706273 -0.0191435 0.00399267 0.00952302 0.00996935 0.000320105 0.001846 0.0197398 0.00106305 -0.0134769 -0.00515387
internal_weight=2437.48 137.856 87.4385 74.8895 43.2401 50.4175 31.6494 39.8557 2299.62 1205.59 49.5252 1156.07 40.2467 11.7372
internal_count=24559 1497 694 604 377 803 227 654 23062 14573 331 14242 342 65
is_linear=0
shrinkage=0.04


Tree=227
num_leaves=15
num_cat=0
split_feature=52 82 46 87 2 22 3 60 60 22 70 25 82 86
split_gain=3.29989 5.07309 5.33584 6.04813 5.07575 8.08354 4.97302 4.82472 4.68231 5.51854 4.52147 4.46046 4.05729 3.89555
threshold=0.12770000000000001 1.6477000000000002 0.66980000000000006 0.093050000000000008 0.28050000000000008 0.041650000000000013 0.40950000000000003 0.83500000000000008 0.25650000000000006 0.4250000000000001 2.2727500000000007 1.0000000180025095e-35 0.17880000000000004 0.69590000000000007
decision_type=2 2 2 2 2 2 2 2 2 2 2 2 2 2
left_child=1 2 4 -4 6 -6 7 13 -7 -10 12 -3 -8 -1
right_child=-2 11 3 -5 5 8 10 -9 9 -11 -12 -13 -14 -15
leaf_value=-0.009184538126248953 0.00021631956843404517 -0.00079786633853334453 0.025716033036708087 -0.0094650991547425567 0.024827503405153051 -0.001451334053121089 0.0037574380797548855 0.024478829894603839 -0.054380837066610267 0.0019452144546599746 -0.015495632773069467 -0.042784218994290593 0.048699095266943423 0.028632886423831928
leaf_weight=111.87483547080774 2220.5323255548719 6.7954691741615507 18.596121038310233 12.315659212879835 4.1653067469596889 6.1261958014220026 6.0424383906647581 6.9607238393509752 12.184821771923451 3.4421881427988401 4.3960453933104864 9.157487154006958 6.3357752189040184 3.5785881355404845
leaf_count=2340 21243 37 165 104 34 59 89 128 114 31 43 47 27 20
internal_value=-0.000239755 -0.00499599 -0.00316318 0.011842 -0.00602687 -0.0219351 -0.00292923 -0.00575895 -0.0315869 -0.042603 0.0168835 -0.0260014 0.0286815 -0.00777654
internal_weight=2432.5 211.972 196.019 30.9118 165.107 25.9185 139.188 122.414 21.7532 15.627 16.7743 15.953 12.3782 115.453
internal_count=24481 3238 3154 269 2885 238 2647 2488 204 145 159 84 116 2360
is_linear=0
shrinkage=0.04


Tree=228
num_leaves=15
num_cat=0
split_feature=2 35 2 3 84 3 35 73 35 56 2 2 79 40
split_gain=2.69739 2.33283 2.3021 4.83346 4.29111 4.17774 4.31552 4.33181 3.91075 6.59883 4.66484 4.93599 4.56271 3.90404
threshold=0.8045000000000001 2.4437500000000005 0.51900000000000013 0.69800000000000006 0.50400000000000011 0.50550000000000017 -1.1503999999999999 0.95835000000000015 -0.86089999999999989 0.64050000000000018 0.23600000000000002 0.24650000000000002 0.62500000000000011 1.0000000180025095e-35
decision_type=2 2 2 2 2 2 2 2 2 2 2 2 2 2
left_child=1 2 5 -4 -5 -1 7 -7 9 -8 -10 -12 -11 -13
right_child=-2 -3 3 4 -6 6 8 -9 10 12 11 13 -14 -15
leaf_value=-5.2436300365487213e-05 0.026126268459183893 -0.018053560866266812 -0.026837502483288499 -0.0091072203550892263 0.018655937373445317 0.0040481788075841301 0.027774135396958905 -0.042268091680552795 0.017424391724923393 -0.030633818448316096 -0.035117772764027742 0.00040775377005409803 0.010397478807122169 0.019990956014524133
leaf_weight=2101.9238523830427 5.477073084563016 10.056692933663724 14.296499412506817 27.092830234207213 12.043226396664975 6.6456730198115093 29.907851429656148 5.0106512270867825 33.262532369699329 5.2798857316374788 4.7717461194843045 153.04230973939411 13.044186545535922 17.234007705003023
leaf_count=21947 62 169 128 203 189 44 187 39 248 43 36 1092 87 113
internal_value=0.000347087 0.000278361 0.000361846 -0.00777171 -0.000311789 0.00054841 0.00524006 -0.0176282 0.00634352 0.0164951 0.00392546 0.00127599 -0.0023987 0.00249495
internal_weight=2439.09 2433.61 2423.56 53.4326 39.1361 2370.12 268.199 11.6563 256.543 48.2319 208.311 175.048 18.3241 170.276
internal_count=24587 24525 24356 520 392 23836 1889 83 1806 317 1489 1241 130 1205
is_linear=0
shrinkage=0.04


Tree=229
num_leaves=15
num_cat=0
split_feature=4 2 2 60 5 19 20 55 80 83 45 83 2 78
split_gain=2.97434 5.1176 5.44302 4.03633 8.07176 5.74039 5.59917 3.67468 4.10381 3.46454 3.15525 3.04334 5.14569 7.63455
threshold=0.68050000000000022 0.48050000000000004 0.55750000000000022 0.27900000000000008 0.62500000000000011 -0.14999999999999997 0.15000000000000002 0.85450000000000015 0.27050000000000007 0.18965000000000001 0.3000000000000001 1.9720500000000001 0.23400000000000001 -0.06724999999999999
decision_type=2 2 2 2 2 2 2 2 2 2 2 2 2 2
left_child=11 3 -3 4 9 -5 -7 8 10 -2 -4 -1 -13 -14
right_child=1 2 7 5 -6 6 -8 -9 -10 -11 -12 12 13 -15
leaf_value=-0.00064836571768666544 -0.0032461901793955214 -0.016819953295988808 0.014029521372193425 -0.01567650982546211 -0.024744872067375651 0.0053996534188514569 0.044488483515539787 0.028276588713897169 0.019471952929500262 0.031463885316676314 -0.016370019964533081 -0.024845812743779339 -0.026182605718632731 0.0052792465690889813
leaf_weight=2096.7461213574279 5.2646875004284075 33.212460391223431 6.4044288452714708 18.993417525663972 5.0626729708164921 108.61465841671452 5.2361079026013604 7.3511674068868151 10.248096660710869 27.834713017102331 21.138142570853233 21.333157716318965 15.388909655623136 49.061732870526612
leaf_count=22034 41 261 79 147 44 848 28 76 100 148 195 151 117 321
internal_value=-0.000479196 0.00365064 -0.00477363 0.00751592 0.0188166 0.00415326 0.00756909 0.00426172 -0.00101826 0.0260097 -0.00905739 -0.000952498 -0.00829304 -0.00251817
internal_weight=2431.89 249.361 78.3543 171.006 38.1621 132.844 113.851 45.1418 37.7907 33.0994 27.5426 2182.53 85.7838 64.4506
internal_count=24590 1967 711 1256 233 1023 876 450 374 189 274 22623 589 438
is_linear=0
shrinkage=0.04


Tree=230
num_leaves=15
num_cat=0
split_feature=53 19 31 71 22 78 60 76 4 69 56 80 87 6
split_gain=3.35443 4.7474 4.76552 4.63532 4.73546 5.94408 5.47512 3.72726 3.61166 3.5778 3.29112 3.23685 3.83962 3.9792
threshold=0.36650000000000005 -0.28334999999999994 1.0000000180025095e-35 -1.1934999999999998 0.25835000000000002 -0.092599999999999988 0.22325000000000003 0.70000000000000007 0.67100000000000015 0.70835000000000015 0.72250000000000003 -1.0000000180025095e-35 0.46195000000000003 0.12500000000000003
decision_type=2 2 2 2 2 2 2 2 2 2 2 2 2 2
left_child=-1 8 3 9 5 7 -7 -5 -2 -3 -8 -4 13 -13
right_child=1 2 11 4 -6 6 10 -9 -10 -11 -12 12 -14 -15
leaf_value=-0.00044950600734484822 0.0081383256430997766 0.013029360209836239 0.013586918059905645 -4.806866517934129e-05 0.022288201134550302 -0.025582970650795605 0.03010565436491746 -0.042071008750147007 -0.029367555666377693 -0.036697261962760387 -0.00084675923138635559 -0.028684893337108445 0.02558202451194088 -0.0014162696645546623
leaf_weight=2244.3720133942552 6.1536832968704394 3.3680099276825777 13.737673515453933 8.2432443797588331 55.228545052930713 3.8696291958913234 17.792798415757719 4.7233440689742556 9.5303063727915269 4.3680502744391561 7.6925955917686215 13.712102729827164 3.7947308514267197 20.747819798067212
leaf_count=23280 55 36 98 50 401 24 96 37 64 43 55 100 29 141
internal_value=-3.49435e-05 0.00531611 0.00742889 0.0122852 0.014671 0.00444578 0.0142918 -0.017272 -0.0150462 -0.0160347 0.0210837 -0.00245163 -0.00841064 -0.0127698
internal_weight=2417.33 172.963 157.279 105.286 97.5502 42.3216 29.355 12.9666 15.684 7.73606 25.4854 51.9923 38.2547 34.4599
internal_count=24509 1229 1110 742 663 262 175 87 119 79 151 368 270 241
is_linear=0
shrinkage=0.04


Tree=231
num_leaves=15
num_cat=0
split_feature=2 1 55 2 34 53 78 57 22 86 60 1 45 79
split_gain=2.76247 6.1469 5.73769 6.01583 9.35328 6.28066 6.33931 5.70753 7.01165 5.57763 7.10934 6.66628 5.33397 5.33202
threshold=0.067000000000000018 2.5855000000000001 0.42000000000000004 0.084000000000000019 0.83335000000000015 0.20850000000000002 -0.10184999999999998 0.56850000000000012 0.041650000000000013 0.25215000000000004 0.74350000000000016 0.24650000000000002 0.90000000000000013 1.0000000180025095e-35
decision_type=2 2 2 2 2 2 2 2 2 2 2 2 2 2
left_child=1 12 3 4 -2 6 -5 8 -7 10 -9 -11 13 -1
right_child=2 -3 -4 5 -6 7 -8 9 -10 11 -12 -13 -14 -15
leaf_value=-0.012721473693237968 0.016582463734116006 0.012555415716993321 -0.0012553384692158037 -0.010682295607806775 -0.028151163391517204 -5.7838838534791012e-05 0.0012759080788387858 0.015693189642394596 0.01603895709476123 -0.039816635727599553 -0.025633794832169633 -0.0025303581232457434 0.036417329040293434 -0.0020239173861709803
leaf_weight=89.601095267455094 85.030331203248352 40.172010455280542 974.59187843650579 85.541926080128178 7.2875855159945777 64.884157519321889 392.35430005053058 46.929843732621521 129.09680420975201 7.5283574890345326 6.8138541104271999 78.222651976160705 4.3092111633159211 424.05733258253895
leaf_count=1904 966 350 7677 1235 86 475 3425 374 876 61 70 531 39 6553
internal_value=0.000138702 -0.00232962 0.000873023 0.00316722 0.0127874 0.00205825 -0.000882409 0.00626248 0.0106821 8.42822e-05 0.010081 -0.00622508 -0.00350602 -0.00391106
internal_weight=2436.42 558.14 1878.28 903.69 92.3179 811.372 477.896 333.476 193.981 139.495 53.7437 85.751 517.968 513.658
internal_count=24622 8846 15776 8099 1052 7047 4660 2387 1351 1036 444 592 8496 8457
is_linear=0
shrinkage=0.04


Tree=232
num_leaves=15
num_cat=0
split_feature=57 56 4 19 80 60 60 11 2 2 80 54 83 40
split_gain=3.15203 3.34075 6.00204 2.62684 6.44866 3.59422 3.82776 3.42599 4.93202 4.48832 4.29454 3.31417 4.30992 3.23252
threshold=0.087500000000000008 0.14400000000000002 0.092500000000000013 -0.38334999999999997 0.088500000000000009 0.6049000000000001 0.23200000000000004 0.62500000000000011 0.29450000000000004 0.21550000000000002 0.18550000000000003 0.6605000000000002 1.0742000000000003 1.0000000180025095e-35
decision_type=2 2 2 2 2 2 2 2 2 2 2 2 2 2
left_child=-1 2 -2 4 5 6 -3 8 9 10 -6 12 -9 -7
right_child=1 3 -4 -5 7 13 -8 11 -10 -11 -12 -13 -14 -15
leaf_value=-0.020527457634371752 -0.023327511217130375 0.024639385865120454 0.021207797000327377 0.00043291433169082244 -0.033240935348505175 0.0028937946674717817 -0.0076886741946315075 -0.021407979767160627 0.036215981774306537 -0.041284517135068484 0.0083753658657391254 -0.050325574071611444 0.011843338594551001 0.035469508951359772
leaf_weight=10.705547487130387 5.0663953153416541 6.0435576708987346 25.252932184375823 2254.1035372816259 4.0518316710367897 10.531075094360858 34.058697600616142 33.562943879049271 3.5536665618419638 4.4358982350677243 17.486872627399862 4.3149323072284451 6.9313325136899939 8.3971526282839477
leaf_count=315 214 64 373 22271 44 208 405 357 12 31 128 24 47 118
internal_value=0.000179398 0.000279533 0.0132587 0.000109224 -0.00532409 0.00450896 -0.00233578 -0.0130886 -0.002378 -0.00880501 -0.000580925 -0.0199407 -0.0155682 0.0184001
internal_weight=2428.5 2417.79 30.3193 2387.47 133.368 59.0305 40.1023 74.3375 29.5283 25.9746 21.5387 44.8092 40.4943 18.9282
internal_count=24611 24296 587 23709 1438 795 469 643 215 203 172 428 404 326
is_linear=0
shrinkage=0.04


Tree=233
num_leaves=15
num_cat=0
split_feature=83 3 45 84 57 84 39 1 70 57 71 57 71 78
split_gain=3.3582 4.42428 4.56722 7.8431 5.38002 5.28558 4.31725 5.94047 7.68195 3.64939 3.62788 7.07503 6.39627 4.43146
threshold=1.7844500000000003 0.76250000000000007 0.3000000000000001 0.31735000000000008 0.40150000000000008 0.14635000000000004 1.0000000180025095e-35 0.21300000000000002 -0.33679999999999993 0.5655 -0.5914999999999998 0.23150000000000004 -0.62049999999999994 0.48415000000000002
decision_type=2 2 2 2 2 2 2 2 2 2 2 2 2 2
left_child=10 2 3 9 5 -4 7 8 -5 -2 11 -1 13 -13
right_child=1 -3 4 6 -6 -7 -8 -9 -10 -11 -12 12 -14 -15
leaf_value=-0.022875565817803284 0.033913550165117171 0.011241244384123501 0.012192987763723363 0.009804142048025025 -0.0067306228400064571 -0.033456394129429183 -0.038264784726592664 0.00707604830257824 -0.039006177990462111 -0.0033658602871808859 0.001061917604163104 -0.0020695071729535382 -0.022065171132798343 0.011944983155140688
leaf_weight=26.372393320547417 13.064113257452847 24.158543493133038 4.3155768066644695 8.106822896748783 104.24220785778016 23.846298020333052 4.990850079804658 36.493507883511484 11.749673172831534 5.7510040141642085 1827.1171606180724 272.06794030754827 22.020592652261257 40.600435729604214
leaf_count=981 82 270 43 46 760 166 32 268 77 37 16000 5068 357 300
internal_value=-0.000152814 -0.00466817 -0.00652052 0.00101381 -0.0110551 -0.0262828 -0.00596662 -0.00248868 -0.0195638 0.022924 0.000337569 -0.00332074 -0.00171633 -0.000217426
internal_weight=2424.9 236.719 212.56 80.156 132.404 28.1619 61.3409 56.35 19.8565 18.8151 2188.18 361.061 334.689 312.668
internal_count=24487 1781 1511 542 969 209 423 391 123 119 22706 6706 5725 5368
is_linear=0
shrinkage=0.04


Tree=234
num_leaves=15
num_cat=0
split_feature=2 3 82 5 18 84 35 55 2 80 83 55 71 26
split_gain=4.89647 11.6448 6.56096 4.87829 4.65965 5.3486 5.29735 5.99616 6.76538 6.15393 6.64884 6.56991 5.10999 6.59997
threshold=0.26950000000000007 0.47400000000000003 0.03815000000000001 0.20835000000000001 -0.87499999999999989 0.8438500000000001 -0.8174499999999999 0.78700000000000014 0.32350000000000007 -0.16149999999999998 1.7545500000000003 0.62700000000000011 -0.0084999999999999989 0.7350000000000001
decision_type=2 2 2 2 2 2 2 2 2 2 2 2 2 2
left_child=1 -1 -2 -3 -4 6 12 9 -9 -8 11 -11 -6 -14
right_child=2 3 4 -5 5 -7 7 8 -10 10 -12 -13 13 -15
leaf_value=9.9268949799628025e-05 0.0041986959288248232 0.021082532084005928 0.01134550136221929 0.0052154723138295566 -0.031588961991400828 0.023866031352013515 0.0099460028157493299 -0.036276757804474771 0.021656138787362677 -0.00052290034886612997 -0.021504632434396535 -0.023412365932361935 -0.02505501845223003 0.002673696627898237
leaf_weight=1832.8515948293498 124.19641088298522 57.895372497849166 21.058251838199794 67.341511531732976 26.167495058849454 7.4279367630369952 27.029442141763866 2.8638243116438415 20.552622980438173 101.85561807081103 56.608974604867399 23.999908957630396 24.235933881253004 29.756162826903164
leaf_count=20250 1122 417 163 485 157 86 163 20 170 598 432 156 140 204
internal_value=3.14947e-05 0.000908658 -0.00365027 0.0126595 -0.00650823 -0.00771294 -0.00853579 -0.0054405 0.0133754 -0.00759722 -0.010236 -0.00503794 -0.0173516 -0.0100024
internal_weight=2423.84 1958.09 465.753 125.237 341.556 320.498 313.07 232.91 23.4164 209.494 182.465 125.856 80.1596 53.9921
internal_count=24563 21152 3411 902 2289 2126 2040 1539 190 1349 1186 754 501 344
is_linear=0
shrinkage=0.04


Tree=235
num_leaves=15
num_cat=0
split_feature=71 3 5 71 24 52 18 4 56 18 80 55 83 84
split_gain=2.70103 6.2047 4.60684 4.657 6.56219 6.12435 7.73237 6.55742 5.7264 6.60796 5.61129 6.01626 5.59817 4.78131
threshold=-0.5914999999999998 0.52650000000000008 0.20835000000000001 -0.13049999999999998 1.0000000180025095e-35 0.44590000000000007 -0.3249999999999999 0.51550000000000018 0.44050000000000006 -0.67499999999999993 0.63400000000000012 0.53200000000000014 0.81820000000000015 0.17645000000000002
decision_type=2 2 2 2 2 2 2 2 2 2 2 2 2 2
left_child=1 -1 3 4 5 6 -2 -8 12 -10 13 -12 -7 -5
right_child=2 -3 -4 10 -6 8 7 -9 9 -11 11 -13 -14 -15
leaf_value=-0.0052240695804044055 -0.014418021619711585 0.0095553371947356899 -0.0018011684188705252 0.014630551957060318 0.0019620946429718183 0.014551195158973374 0.037447367679258499 -0.015966190263277943 -0.01089343515310583 0.020369901799170424 0.0035821101793614193 0.028659799850437376 0.044252352489130446 -0.0021258708668687541
leaf_weight=352.04360968526453 23.48691709106788 51.231307679321617 932.39017294533551 27.618881235830486 271.05711111566052 22.555452522356063 10.640005392953752 4.6965116932988158 16.764286489225924 27.133323435671628 63.121590045746416 19.363826395943761 19.986630711704493 569.75399705278687
leaf_count=6684 297 425 7465 267 3152 202 81 37 152 236 602 129 95 4755
internal_value=-0.000344425 -0.00332753 0.000255872 0.00203809 0.00547848 0.0130118 -0.000203823 0.0211144 0.0188819 0.00845388 2.74279e-05 0.00974199 0.0292009 -0.001328
internal_weight=2411.84 403.275 2008.57 1076.18 396.32 125.263 38.8234 15.3365 86.4397 43.8976 679.858 82.4854 42.5421 597.373
internal_count=24579 7109 17470 10005 4252 1100 415 118 685 388 5753 731 297 5022
is_linear=0
shrinkage=0.04


Tree=236
num_leaves=15
num_cat=0
split_feature=50 86 4 82 56 46 82 50 50 18 2 59 56 86
split_gain=2.67427 3.44454 2.34494 4.50387 4.16009 3.64924 3.02229 2.75443 2.74923 2.73004 2.18533 4.61251 4.26554 5.82612
threshold=0.98960000000000015 0.093250000000000013 0.13400000000000004 0.23645000000000002 0.12600000000000003 0.78655000000000008 1.6002500000000002 0.48960000000000009 0.51040000000000008 -1.0249999999999997 0.48250000000000004 0.63335000000000008 0.74150000000000016 0.6906500000000001
decision_type=2 2 2 2 2 2 2 2 2 2 2 2 2 2
left_child=2 -2 3 7 8 6 -5 -1 -4 -6 12 -12 -11 -14
right_child=1 -3 4 5 9 -7 -8 -9 -10 10 11 -13 13 -15
leaf_value=-0.0079285254895001787 -0.022851005570734814 0.022384402309078164 -0.0010408544132335729 -0.040383685723371643 0.026072896594905939 0.011996039900931111 -0.00068510015766890279 0.015448931182887614 0.032112703774690991 -0.00043094424854086085 -0.022667634217272213 -0.00055133615459674007 0.012602638088014666 -0.026097002774463442
leaf_weight=21.330971288611181 2.4056100416928556 14.722012650687246 6.3334456647280595 11.991276287473744 5.2846501991152754 3.3180716298520556 4.0628883279860011 11.623494857922195 9.5934465508908016 2182.2704221870517 20.569576792418957 50.383328295312822 68.675220394507051 5.9026279030367723
leaf_count=912 20 181 118 159 25 23 37 304 91 21563 164 438 516 58
internal_value=-0.000185163 0.0151209 -0.000300583 -0.00859488 -0.00011224 -0.0233801 -0.0309663 0.000529174 0.0196463 -0.000255482 -0.000326423 -0.00718888 -0.000107587 0.0092349
internal_weight=2418.47 17.1276 2401.34 52.3267 2349.01 19.3722 16.0542 32.9545 15.9269 2333.09 2327.8 70.9529 2256.85 74.5778
internal_count=24609 201 24408 1435 22973 219 196 1216 209 22764 22739 602 22137 574
is_linear=0
shrinkage=0.04


Tree=237
num_leaves=15
num_cat=0
split_feature=85 2 53 55 18 2 5 84 15 5 50 74 5 71
split_gain=2.66492 7.34576 6.24287 6.82934 6.38881 6.0838 5.97093 5.22735 4.71882 4.55258 5.62911 4.53477 4.33654 4.28956
threshold=1.0000000180025095e-35 0.30150000000000005 0.20850000000000002 0.6140000000000001 -0.57499999999999984 0.57250000000000012 0.95835000000000015 0.43395000000000006 1.0000000180025095e-35 0.12500000000000003 0.51040000000000008 1.0000000180025095e-35 0.95835000000000015 -0.77449999999999986
decision_type=2 2 2 2 2 2 2 2 2 2 2 2 2 2
left_child=1 -1 4 7 13 6 -3 8 -4 -10 -11 -5 -13 -2
right_child=2 5 3 11 -6 -7 -8 -9 9 10 -12 12 -14 -15
leaf_value=0.00026381060844752431 -0.0086732266834594375 -0.0090422595355114897 0.012670505737674136 0.018415577007281591 -0.002036032366569177 0.014042819206177724 -0.042719894819965319 0.028369833029052053 -0.0073804209723888833 0.026357265386008476 0.002837216517622821 -0.013102640632312111 0.022786979751899465 0.0094354770655659913
leaf_weight=1032.2385051283054 23.782813588390127 149.54383693635464 129.95504928077571 9.8808431932702643 671.34938696247991 16.31961727514863 8.0419218931347114 18.703481036238372 50.840795491589233 18.733256887178868 94.93234737124294 54.06819066638127 5.0592707237228742 139.55524951731786
leaf_count=7841 595 986 1156 88 10215 253 50 88 429 146 743 429 26 1493
internal_value=0.000311655 -0.00102037 0.0016317 0.00585858 -0.000308328 -0.00860071 -0.0110194 0.00836484 0.00700245 0.00247536 0.00690962 -0.00547205 -0.00970382 0.00676203
internal_weight=2423 1206.14 1216.86 382.173 834.687 173.905 157.586 313.165 294.461 164.506 113.666 69.0083 59.1275 163.338
internal_count=24538 9130 15408 3105 12303 1289 1036 2562 2474 1318 889 543 455 2088
is_linear=0
shrinkage=0.04


Tree=238
num_leaves=15
num_cat=0
split_feature=1 56 24 84 70 50 31 71 55 52 54 2 1 56
split_gain=3.41213 4.61048 4.79201 3.93014 3.51182 6.28594 3.37787 5.79603 3.65956 5.42343 3.47976 6.23622 5.77113 3.64011
threshold=3.2825000000000002 0.65150000000000008 1.0000000180025095e-35 0.46985000000000005 3.5144000000000006 0.63540000000000008 1.0000000180025095e-35 -0.070499999999999993 0.52750000000000019 0.5698000000000002 0.49450000000000005 0.14450000000000002 3.6145000000000005 0.52450000000000008
decision_type=2 2 2 2 2 2 2 2 2 2 2 2 2 2
left_child=-1 2 4 -3 5 -2 10 -8 9 -9 11 -4 -13 -12
right_child=1 3 6 -5 -6 -7 7 8 -10 -11 13 12 -14 -15
leaf_value=-0.00028194079878546946 0.028174390194349336 -0.028140594728254073 0.014498261563764809 0.0076113179442339933 0.037802471330436495 -0.02630117332456584 -0.022230854254648911 -0.028422902064314127 0.020173910032266748 0.021315468820234395 0.020749196695457134 -0.046068171363761908 0.0060718100038129373 0.0021458351572526645
leaf_weight=2227.7386312161107 7.7106724102050084 10.491511533968152 13.723214861936869 7.9990777596831313 12.285972444340585 4.5935335094109178 16.90741522423923 7.5576350241899508 14.319989070296286 5.0216751173138618 41.588258498348296 6.6430836208164674 5.7400222271680832 28.241515999659896
leaf_count=23309 35 84 119 52 57 42 151 49 66 28 239 65 42 181
internal_value=0.000150143 0.00538806 0.00753228 -0.0130772 0.0234678 0.00738875 0.00458134 -0.0045509 0.00696025 -0.00845978 0.00875527 -0.00360498 -0.0232516 0.0133619
internal_weight=2410.56 182.824 164.333 18.4906 24.5902 12.3042 139.743 43.8067 26.8993 12.5793 95.9361 26.1063 12.3831 69.8298
internal_count=24519 1210 1074 136 134 77 940 294 143 77 646 226 107 420
is_linear=0
shrinkage=0.04


Tree=239
num_leaves=15
num_cat=0
split_feature=71 78 82 1 40 56 55 86 18 80 70 86 80 2
split_gain=2.74379 4.88478 5.87942 5.20187 4.0907 6.56651 4.27249 8.23464 6.12811 6.08861 4.11442 4.67761 3.88547 5.02073
threshold=-0.5914999999999998 0.48415000000000002 1.1289000000000002 2.0385000000000004 1.0000000180025095e-35 0.5375000000000002 0.51800000000000013 0.072450000000000014 -0.17499999999999996 0.17750000000000002 -0.27274999999999999 0.21745 0.27050000000000007 0.10600000000000001
decision_type=2 2 2 2 2 2 2 2 2 2 2 2 2 2
left_child=1 2 4 -3 6 10 8 12 -1 -10 -6 -12 13 -8
right_child=-2 3 -4 -5 5 -7 7 -9 9 -11 11 -13 -14 -15
leaf_value=-0.0018427840975109278 0.00062398996616359458 -0.0034638472338443293 -0.034588939479757025 0.023239226541044222 0.013206110288589666 0.023496873643004762 -0.0059532984803035392 -0.011779305551601489 -0.02329071503068111 -0.0011181018637840706 -0.0019691093074879137 -0.030420081259778398 -0.014415815402690955 0.0318034452544593
leaf_weight=84.751712899887934 2027.108137312578 24.171514650806785 9.1588087454438192 21.175929753109813 20.594026206294075 19.13661852106452 7.2757918247953084 32.599518027156591 65.468069659546018 28.380898004164919 52.943848919123411 10.244978739880024 4.8876962987706056 20.336256509181112
leaf_count=1640 17464 202 67 135 389 174 238 426 1996 446 923 105 55 268
internal_value=2.55248e-05 -0.00299288 -0.00457336 0.00923808 -0.00368303 0.00298333 -0.00649905 0.00224879 -0.00968238 -0.016668 -0.00192399 -0.006984 0.0162515 0.0219942
internal_weight=2428.23 401.126 355.778 45.3474 346.619 102.919 243.7 65.0993 178.601 93.849 83.7829 63.1888 32.4997 27.612
internal_count=24528 7064 6727 337 6660 1591 5069 987 4082 2442 1417 1028 561 506
is_linear=0
shrinkage=0.04


Tree=240
num_leaves=15
num_cat=0
split_feature=80 78 71 1 18 3 28 56 4 35 84 35 73 84
split_gain=4.13887 2.60088 2.85568 4.26733 2.90168 3.3654 2.85185 2.6942 4.78639 2.72877 4.82161 3.26595 8.50453 8.31789
threshold=0.95250000000000001 -0.43589999999999995 -1.2364999999999997 1.9865000000000002 0.22500000000000003 0.44050000000000006 0.93500000000000016 0.13550000000000004 0.092500000000000013 2.4141500000000007 0.28135000000000004 2.2258500000000003 0.62500000000000011 0.41265000000000002
decision_type=2 2 2 2 2 2 2 2 2 2 2 2 2 2
left_child=1 6 3 4 -3 -6 -1 8 -4 11 -11 -9 13 -13
right_child=-2 2 7 -5 5 -7 -8 9 -10 10 -12 12 -14 -15
leaf_value=-0.0036223562513675945 0.010122259096315591 -0.028793324827444029 -0.018988901228450386 0.0083110845896993066 -0.013059801113292965 0.037381333152584829 -0.023895433670195563 -0.00017966690508667036 0.019938037854773202 0.012642590599060073 -0.030772634019319046 0.011764549063358333 0.026694013175671331 -0.037998774018423866
leaf_weight=49.115201084176078 61.17849939269945 17.186814181273807 5.5382670167600763 12.517725658137349 8.4640718396985886 1.7281510308384884 13.535629958380012 2152.0361963266041 23.177869854262099 5.6163180686999139 10.651317743118851 12.96260223304853 23.471615967806429 7.7996583795174947
leaf_count=1348 484 454 257 229 314 14 242 20123 320 99 99 216 194 66
internal_value=-6.36323e-05 -0.000333711 -0.00011113 -0.0105859 -0.019214 -0.00193143 -0.00830893 7.99705e-05 0.0120441 -8.06811e-05 -0.0159196 4.38288e-05 0.0106808 -0.00781686
internal_weight=2404.98 2343.8 2281.15 39.8968 27.379 10.1922 62.6508 2241.25 28.7161 2212.54 16.2676 2196.27 44.2339 20.7623
internal_count=24459 23975 22385 1011 782 328 1590 21374 577 20797 198 20599 476 282
is_linear=0
shrinkage=0.04


Tree=241
num_leaves=15
num_cat=0
split_feature=80 26 56 4 2 3 4 1 19 2 2 53 35 3
split_gain=2.80507 3.39244 2.49394 2.27655 4.73954 5.29935 3.47297 8.24807 6.52095 5.70871 5.50285 5.74098 5.50022 5.45242
threshold=0.97650000000000003 0.96500000000000019 0.44500000000000006 0.64100000000000013 0.057500000000000009 0.35500000000000004 0.45550000000000007 2.8125000000000004 -0.28334999999999994 0.36900000000000005 0.15650000000000003 0.20750000000000002 -0.59224999999999983 0.33650000000000008
decision_type=2 2 2 2 2 2 2 2 2 2 2 2 2 2
left_child=3 -2 -3 6 5 -5 7 13 9 -8 -9 -12 -13 -1
right_child=1 2 -4 4 -6 -7 8 10 -10 -11 11 12 -14 -15
leaf_value=-0.0012395305123182351 0.012859793913530891 0.013249644306510584 -0.028855664653830524 -0.047806249769557045 0.0035362394943872222 0.010329069384511723 -0.017579555348363737 0.017479458427976626 -0.0016481092944697379 0.030514450636921455 -0.016067218399895295 0.032553950581810293 -0.0019070363878120548 0.011258122018460326
leaf_weight=925.54268201754894 47.365379711613059 2.8143656342290333 5.1359182773157954 5.1013949075713736 338.05888387467712 3.752585656940937 61.856078665237874 72.192249060608447 817.73528343928047 3.3186603710055342 19.735323427245021 10.853706710040571 19.49658748973161 58.438391020521522
leaf_count=12773 379 27 45 44 2598 41 537 538 6601 18 165 58 136 462
internal_value=-2.38378e-05 0.00879776 -0.0141355 -0.000236398 0.00274896 -0.024619 -0.000758167 0.000734865 -0.0026276 -0.0147065 0.0104885 0.000266969 0.011062 -0.000486622
internal_weight=2391.4 55.3157 7.95028 2336.08 346.913 8.85398 1989.17 1106.26 882.91 65.1747 122.278 50.0856 30.3503 983.981
internal_count=24422 451 72 23971 2683 85 21288 14132 7156 555 897 359 194 13235
is_linear=0
shrinkage=0.04


Tree=242
num_leaves=15
num_cat=0
split_feature=54 4 54 35 57 86 70 35 2 1 55 57 84 84
split_gain=2.33198 6.54571 6.57703 8.15457 7.69016 8.4854 6.46692 6.35047 6.6049 6.03073 4.55477 4.37744 4.32954 7.06253
threshold=0.5675 0.30450000000000005 0.59900000000000009 -1.0954999999999997 0.51750000000000018 0.7037000000000001 2.4726000000000004 -0.87144999999999995 0.10100000000000002 3.4810000000000003 0.40800000000000003 0.5445000000000001 0.31115000000000004 0.36945000000000006
decision_type=2 2 2 2 2 2 2 2 2 2 2 2 2 2
left_child=-1 10 3 -3 6 11 7 -5 -9 -8 -2 -6 -4 -14
right_child=1 2 12 4 5 -7 9 8 -10 -11 -12 -13 13 -15
leaf_value=0.00041908769092486843 -0.0081010768550088558 -0.052016953070084616 0.0052788290718417267 0.027210137205268162 -0.039836158195031598 0.024413050599795004 0.038768925754098994 0.014389091707787155 -0.025027538082687734 -0.012382022890082833 0.036770636884743843 -0.014914387375993246 -0.020223917969947224 -0.001005568709327744
leaf_weight=1849.970150408335 4.8909575669094911 6.2814168659970155 131.10686680302024 6.6255115214735261 13.74463666602969 6.7407585848122826 11.289411427453159 8.9191445340402442 21.83914227085188 4.699986493214964 10.184042096137999 60.955090519739315 34.380979658104479 227.09243774833158
leaf_count=20278 70 45 1180 39 103 35 59 87 208 34 87 475 211 1503
internal_value=-0.000260442 -0.00254789 -0.00329962 -0.0106738 -0.00837865 -0.0160409 0.00339287 -0.00576777 -0.0135045 0.0238896 0.0226141 -0.0199656 -0.000628932 -0.0036
internal_weight=2398.72 548.75 533.675 141.095 134.814 81.4405 53.3732 37.3838 30.7583 15.9894 15.075 74.6997 392.58 261.473
internal_count=24414 4136 3979 1085 1040 613 427 334 295 93 157 578 2894 1714
is_linear=0
shrinkage=0.04


Tree=243
num_leaves=15
num_cat=0
split_feature=82 73 5 52 35 1 2 1 84 73 84 20 84 54
split_gain=3.07232 6.84086 3.70186 4.08144 4.11539 2.99204 3.46291 3.06558 2.82523 2.73548 3.08195 2.48628 2.40889 1.97358
threshold=1.8391000000000004 0.87500000000000011 0.29165000000000002 0.39650000000000002 -0.58814999999999984 1.4555000000000002 0.28250000000000003 0.43400000000000005 0.45475000000000004 0.29165000000000002 0.59095000000000009 -0.54999999999999993 0.74490000000000012 0.60100000000000009
decision_type=2 2 2 2 2 2 2 2 2 2 2 2 2 2
left_child=11 2 3 4 -2 7 8 -5 -7 10 -4 -1 -11 -3
right_child=1 13 9 5 -6 6 -8 -9 -10 12 -12 -13 -14 -15
leaf_value=0.028679936931226186 -0.050108033336557514 0.018928763563716228 0.010729693088580532 0.0092483683839693406 -0.0020873173352856443 0.038602772133485175 -0.017706998741871607 -0.02490660334124678 0.0044523749836634496 -0.047339601177526863 -0.030872892839023291 5.4739575601669165e-05 -0.0054012892534699422 -0.010933393229285708
leaf_weight=3.8650354724377385 5.0657392647117376 15.887543402612211 5.3381641358137149 6.042628817260268 5.5669476836919767 5.84258905053139 4.6475100573152295 10.240343159064649 9.6417235061526281 9.4660716857761127 4.3194237239658833 2314.7432178152958 3.1267545288428655 3.7715631271712473
leaf_count=31 25 117 33 65 35 23 48 77 58 58 29 23857 30 64
internal_value=-0.000166547 -0.00741943 -0.0132994 -0.00667989 -0.0273066 -8.82685e-05 0.0100097 -0.0124299 0.0188982 -0.0264068 -0.00902826 0.0001148 -0.0380899 0.0129478
internal_weight=2407.57 88.957 69.2979 47.0475 10.6327 36.4148 20.1318 16.283 15.4843 22.2504 9.65759 2318.61 12.5928 19.6591
internal_count=24550 662 481 331 60 271 129 142 81 150 62 23888 88 181
is_linear=0
shrinkage=0.04


Tree=244
num_leaves=15
num_cat=0
split_feature=35 35 3 60 3 69 86 25 80 82 82 35 65 46
split_gain=2.94447 3.19283 6.47981 8.521 4.72448 4.80486 4.76843 5.2012 4.4206 3.80332 3.79674 3.74769 6.0234 4.45599
threshold=2.4437500000000005 1.9893000000000003 0.39350000000000007 0.33950000000000008 0.34550000000000003 0.70835000000000015 0.38935000000000003 1.0000000180025095e-35 0.58150000000000002 0.92790000000000006 -0.28264999999999996 1.7088500000000002 1.0000000180025095e-35 1.0773500000000003
decision_type=2 2 2 2 2 2 2 2 2 2 2 2 2 2
left_child=1 11 3 8 5 -5 7 -7 -3 10 -4 -1 13 -13
right_child=-2 2 9 4 -6 6 -8 -9 -10 -11 -12 12 -14 -15
leaf_value=0.0003937635747049209 -0.021264073969685066 -0.032454071442858584 0.00062720619942043963 -0.0049797018078755837 -0.024408168628754501 0.0043765883400032372 -0.015786263777063447 0.036484824173565071 0.016632188769789395 -0.0043572415025516778 0.043712011149095641 -0.0075491370764203926 -0.035107996642708285 0.030643742703822301
leaf_weight=2243.5459739398211 9.0417349666822684 13.411354461917655 4.2650844329036834 17.813675875077024 5.3677751659415653 13.063579405657945 4.6294392962008706 21.491061951499432 3.0197572042234233 5.0544537166133514 13.491388268768786 41.857919813366607 11.027626468800007 4.5258594825863829
leaf_count=22401 159 224 50 346 47 217 37 205 25 40 65 566 171 34
internal_value=0.000351276 0.000441436 0.00734519 0.00179585 0.00858752 0.0120622 0.0197408 0.0248106 -0.0229962 0.025634 0.0339483 0.000133516 -0.00986919 -0.00325443
internal_weight=2411.61 2402.56 101.608 78.7966 62.3655 56.9978 39.1841 34.5546 16.4311 22.8109 17.7565 2300.96 57.4114 46.3838
internal_count=24587 24428 1256 1101 852 805 459 422 249 155 115 23172 771 600
is_linear=0
shrinkage=0.04


Tree=245
num_leaves=15
num_cat=0
split_feature=56 2 54 57 4 84 50 80 4 84 50 53 73 1
split_gain=3.0989 5.42788 3.51777 3.85076 4.30722 5.98643 4.23022 6.07265 4.67599 4.43424 4.10994 4.27393 3.95973 3.88013
threshold=0.13550000000000004 0.031500000000000007 0.34550000000000003 0.62400000000000011 0.32050000000000006 0.40530000000000005 0.67710000000000015 -0.037499999999999992 0.37650000000000006 0.73380000000000012 0.44790000000000002 0.026500000000000003 0.29165000000000002 1.6975000000000002
decision_type=2 2 2 2 2 2 2 2 2 2 2 2 2 2
left_child=1 -1 3 4 5 12 -6 8 -8 13 -7 -12 -2 -9
right_child=2 -3 -4 -5 6 10 7 9 -10 -11 11 -13 -14 -15
leaf_value=-0.005309662059152548 0.0017143471256450412 0.027919529381649339 0.00069413690237982357 0.023188708265719137 -0.012930380745465387 -0.0082170283597851525 0.012356040054875277 0.018207358644310154 -0.041185492559496412 -0.028098108038289823 -0.020817086893002514 0.013382835084526644 -0.015001955795366789 -0.0030705815492506516
leaf_weight=14.094861630233938 41.526824990985915 16.052418105769902 1985.6559775830247 7.5070405928418031 117.99610717804171 22.391294591128826 3.1372008705511671 28.198717571562156 7.9859982659108937 4.9745605932548633 5.4470429355278602 75.519557690713555 48.451180706382729 25.383933503180742
leaf_count=466 1073 166 17916 76 1700 374 43 313 110 63 85 895 1043 228
internal_value=0.000177109 0.0127121 1.26551e-05 -0.00346312 -0.00404757 0.00014755 -0.00834706 -0.000512585 -0.026311 0.00474743 0.006685 0.0108561 -0.00735297 0.00825569
internal_weight=2404.32 30.1473 2374.18 388.519 381.012 193.336 187.677 69.6804 11.1232 58.5572 103.358 80.9666 89.978 53.5827
internal_count=24551 632 23919 6003 5927 3470 2457 757 153 604 1354 980 2116 541
is_linear=0
shrinkage=0.04


Tree=246
num_leaves=15
num_cat=0
split_feature=87 84 35 65 78 56 70 57 3 5 20 73 53 3
split_gain=3.05803 3.58051 3.38426 3.43457 4.49465 2.94185 2.77655 4.45898 4.16215 2.82148 2.48964 5.18863 5.23969 3.3913
threshold=0.73280000000000012 0.78560000000000008 -0.71424999999999994 1.0000000180025095e-35 0.11960000000000001 0.55850000000000011 1.2114000000000003 0.43750000000000006 0.10350000000000001 0.29165000000000002 -1.0000000180025095e-35 0.29165000000000002 0.098500000000000018 0.20650000000000002
decision_type=2 2 2 2 2 2 2 2 2 2 2 2 2 2
left_child=10 2 -2 4 -4 6 8 -8 -3 -10 11 13 -13 -1
right_child=1 5 3 -5 -6 -7 7 -9 9 -11 -12 12 -14 -15
leaf_value=0.0085376171473184864 0.040174262416804142 -0.025033226669849733 -0.01940729159884411 0.026235878742511085 0.017760910575948752 0.029837227025503715 0.0057422811179227004 -0.035046995811982389 0.022377311200313121 -0.010117944042402268 -0.00026743884957614283 -0.016621354386865371 0.016114824302540486 -0.023344403987194309
leaf_weight=8.2627559858374315 6.9645830718800417 4.8216196820139912 9.2553601395338791 11.836340845562519 9.5728577561676484 3.7344010751694432 7.6688888706266871 8.0751483794301731 14.011511435732247 5.2993205804377785 2232.1970161965583 8.1745112310163659 58.781887478660792 12.213376191910355
leaf_count=162 44 45 76 68 66 30 64 62 107 44 23020 125 475 136
internal_value=0.000261959 0.00784204 0.0167101 0.0102805 -0.00056713 -1.27531e-05 -0.00346973 -0.0160223 0.00503123 0.0134008 -6.78193e-06 0.00657569 0.0119324 -0.0106805
internal_weight=2400.87 81.24 37.6291 30.6646 18.8282 43.6109 39.8765 15.744 24.1325 19.3108 2319.63 87.4325 66.9564 20.4761
internal_count=24524 606 254 210 142 352 322 126 196 151 23918 898 600 298
is_linear=0
shrinkage=0.04


Tree=247
num_leaves=15
num_cat=0
split_feature=55 11 55 45 83 5 60 4 46 86 86 19 55 53
split_gain=3.20119 3.67927 3.06297 3.87603 2.76155 2.62942 4.24666 5.57281 4.64745 4.4607 4.98217 8.02499 7.45252 4.34145
threshold=0.11300000000000002 0.62500000000000011 0.93800000000000006 0.55000000000000016 -0.30859999999999993 0.37500000000000006 0.39950000000000002 0.35750000000000004 1.0773500000000003 0.8479000000000001 0.32795000000000007 0.28335000000000005 0.69650000000000001 0.10750000000000001
decision_type=2 2 2 2 2 2 2 2 2 2 2 2 2 2
left_child=1 -1 5 -4 -3 -2 7 8 -7 10 13 12 -12 -9
right_child=2 4 3 -5 -6 6 -8 9 -10 -11 11 -13 -14 -15
leaf_value=-0.038710166479616434 0.001188664609867558 0.022197918538220947 -0.032926137829408557 0.0097233786426229023 -0.025064557830275076 0.016386371606503764 0.00077364985859305381 -0.025897660099067795 -0.031868446791001849 0.031432681918670491 -0.02119229955776674 0.026023181902010185 0.0083689696767059747 -9.1700105723193322e-05
leaf_weight=6.2426397304516268 1699.2583521741908 3.7669066477101296 8.6012891926802677 4.7081943368539205 2.3907890869304538 25.490415697218854 414.36134130228311 10.561601321212946 2.6943392008543006 3.6118987472727886 93.358309848234057 6.5420490540564051 15.399964581243692 106.71507774339989
leaf_count=166 18061 76 79 35 29 347 3917 160 16 30 565 26 86 931
internal_value=0.000128116 -0.0193679 0.000237268 -0.0182138 0.0029097 0.000348151 -0.00175479 -0.00570567 0.0108395 -0.0077174 -0.00845737 -0.0143263 -0.0169684 -0.00261502
internal_weight=2403.7 12.4003 2391.3 13.3095 6.1577 2377.99 678.735 264.374 28.1848 236.189 232.577 115.3 108.758 117.277
internal_count=24524 271 24253 114 105 24139 6078 2161 363 1798 1768 677 651 1091
is_linear=0
shrinkage=0.04


Tree=248
num_leaves=15
num_cat=0
split_feature=20 73 22 60 73 19 22 23 82 7 84 23 57 79
split_gain=2.27938 6.79788 4.08132 5.28838 3.4694 3.09414 2.88996 2.84189 2.75575 3.15608 3.65429 3.21179 4.01081 2.67027
threshold=1.0000000180025095e-35 0.45835000000000009 0.27500000000000008 0.74350000000000016 0.95835000000000015 0.55000000000000016 0.54165000000000008 0.055000000000000007 -0.8738999999999999 1.0000000180025095e-35 0.46595000000000003 0.045000000000000005 0.5375000000000002 0.45835000000000009
decision_type=2 2 2 2 2 2 2 2 2 2 2 2 2 2
left_child=5 8 3 4 -3 13 -4 -6 -2 11 -11 12 -10 -1
right_child=1 2 6 -5 7 -7 -8 -9 9 10 -12 -13 -14 -15
leaf_value=-0.0013610279894206987 -0.01211766032791858 -0.023709040122483444 0.019848836501539378 0.017716883751137117 -0.01176430283799129 -0.03440153694562384 -0.010492822711612506 0.021389693519229383 -0.034625197894986103 0.039241224496781621 0.0074254122809610428 0.020181819390689634 0.01896834486306272 0.0013788113688597864
leaf_weight=1197.4266001728829 4.0586910825222722 24.920283409766853 16.705477576702837 9.1042758235707861 10.723945111036302 3.205504178069531 6.2817930327728382 5.3921565301716319 4.2968454528600004 16.839992915280167 9.3592898352071625 9.9945429898798448 3.0209908727556467 1082.913508037338
leaf_count=12913 81 215 106 73 93 32 48 49 45 100 67 69 20 10611
internal_value=0.000161101 0.00549509 -0.00218136 -0.00853971 -0.0146479 -0.000123112 0.0114655 -6.99792e-05 0.0170977 0.0200339 0.0285664 0.00626664 -0.0128799 -5.98683e-05
internal_weight=2404.24 120.698 73.1279 50.1407 41.0364 2283.55 22.9873 16.1161 47.5704 43.5117 26.1993 17.3124 7.31784 2280.34
internal_count=24522 966 584 430 357 23556 154 142 382 301 167 134 65 23524
is_linear=0
shrinkage=0.04


Tree=249
num_leaves=15
num_cat=0
split_feature=80 74 70 75 35 85 79 22 3 35 71 83 56 4
split_gain=2.48277 3.79856 5.41862 3.16225 2.9693 2.86974 4.81086 7.59686 4.47234 4.6255 4.32635 4.22481 4.10117 4.28096
threshold=0.73750000000000016 1.0000000180025095e-35 1.1231500000000001 0.56350000000000011 -0.61004999999999987 1.0000000180025095e-35 0.45835000000000009 0.4250000000000001 0.045500000000000006 -0.70834999999999992 0.76350000000000018 2.2737000000000003 0.23750000000000002 0.45850000000000007
decision_type=2 2 2 2 2 2 2 2 2 2 2 2 2 2
left_child=5 2 3 -2 -4 6 7 -1 9 -7 -10 12 -8 -14
right_child=1 -3 4 -5 -6 8 11 -9 10 -11 -12 -13 13 -15
leaf_value=-0.0032368990778576952 -0.013019429309871161 0.0071255604238343708 -0.014461739502081983 -0.057960863968324831 0.023475923087376505 0.015769624845928847 -0.011667847064416122 -0.022778030983741062 0.0013593945217297071 -0.019405982015891322 0.038519698305988115 -0.022327189536735365 0.0065350579070547667 -0.00094112226134190099
leaf_weight=493.47086911846418 9.2099670525640267 146.69460230623372 4.5617131553590298 2.9606614541262379 7.4488198673352581 6.653513256693258 34.911475212778896 33.082038233056664 1129.1404299344867 29.218922225176357 4.0368635933846226 11.294700406957416 216.86517319618724 279.60627785464749
leaf_count=3556 85 1217 37 28 62 173 383 257 13818 1089 26 111 1892 1883
internal_value=6.7093e-05 0.00470007 -0.0097128 -0.0275227 0.0090628 -0.00028854 -0.00178533 -0.00450547 0.0010808 -0.012631 0.00152562 0.000857422 0.00139123 0.00233114
internal_weight=2409.16 170.876 24.1812 12.1706 12.0105 2238.28 1069.23 526.553 1169.05 35.8724 1133.18 542.678 531.383 496.471
internal_count=24617 1429 212 113 99 23188 8082 3813 15106 1262 13844 4269 4158 3775
is_linear=0
shrinkage=0.04


Tree=250
num_leaves=15
num_cat=0
split_feature=84 55 71 71 56 83 54 55 20 57 55 57 78 84
split_gain=3.07941 4.57944 3.76944 3.23828 3.09595 4.72483 3.98899 3.67545 3.09015 2.58609 5.83291 4.85701 4.72021 5.14185
threshold=0.029550000000000003 0.26500000000000007 0.087500000000000008 -0.76649999999999985 0.38950000000000007 -0.17514999999999997 0.44450000000000006 0.46550000000000008 -0.51664999999999994 0.36450000000000005 0.20350000000000004 0.45250000000000007 0.57225000000000004 0.58165000000000011
decision_type=2 2 2 2 2 2 2 2 2 2 2 2 2 2
left_child=1 3 4 -1 -3 7 -7 -6 -2 10 -10 12 13 -11
right_child=8 2 -4 -5 5 6 -8 -9 9 11 -12 -13 -14 -15
leaf_value=-0.015494915750609864 0.026610077471360922 -0.02997773001241617 0.010336050099548629 0.03193924574748485 -0.011715762061167824 -0.0030052445668554018 -0.05210466819306725 0.034432704856297985 -0.013073886321667052 -0.006111865747663309 0.0025602687365470834 0.00035557729361451832 -0.022628787492356084 0.0040569923703456584
leaf_weight=2.7811366536188871 5.9348146035335949 20.050712879630737 7.6040502255782476 5.6419373236130905 4.6376327455509472 6.0317683639004809 3.9093153881840408 4.6773861437104642 39.278941303258762 324.6644655840937 737.00490406132303 1105.274599727476 21.061806030571461 104.50290828361176
leaf_count=253 38 1012 45 142 189 118 55 107 663 3426 8367 9104 138 902
internal_value=-0.000274386 -0.0095158 -0.0143937 0.0162951 -0.0193155 -0.00728135 -0.0253111 0.0125486 -5.16668e-05 -0.000130904 0.0017534 -0.0010718 -0.00456891 -0.00363206
internal_weight=2393.06 55.3339 46.9109 8.42307 39.3068 19.2561 9.94108 9.31502 2337.72 2331.79 776.284 1555.5 450.229 429.167
internal_count=24559 1921 1526 395 1481 469 173 296 22638 22600 9030 13570 4466 4328
is_linear=0
shrinkage=0.04


Tree=251
num_leaves=15
num_cat=0
split_feature=50 19 82 83 85 23 60 60 57 54 44 53 4 58
split_gain=2.41738 3.37239 2.84705 6.19065 6.46251 9.28865 8.02673 6.4381 9.74069 6.13134 5.85818 7.15317 6.30534 5.62296
threshold=0.98960000000000015 0.18335000000000004 0.79055000000000009 0.57475000000000009 1.0000000180025095e-35 0.03500000000000001 0.67500000000000016 0.18275000000000005 0.5445000000000001 0.61550000000000005 0.11805000000000002 0.079500000000000015 0.45550000000000007 0.70835000000000015
decision_type=2 2 2 2 2 2 2 2 2 2 2 2 2 2
left_child=2 -2 -1 4 9 -6 -7 8 13 -4 11 -9 -12 -5
right_child=1 -3 3 7 5 6 -8 10 -10 -11 12 -13 -14 -15
leaf_value=0.00039172860433809128 0.02222648644206459 -0.019970825897507011 -0.00092635817581147319 0.028683909196628905 0.016148503303027681 0.0057638636181114302 -0.021483636153818021 0.02381914958614758 0.03808900200515164 -0.019203629410300013 0.018653939313470702 -0.012250338486277506 -0.0046647690691455097 -0.017391223050458326
leaf_weight=1428.6325983356219 13.838700269814582 2.9753987253643563 338.1124214604497 4.6868081763386735 84.408308275043964 53.550793336704373 24.355294269509614 8.2182348174974305 11.854664593935011 31.173423724249005 21.818533193320036 248.55541713535786 98.261293745134026 15.890541711822152
leaf_count=18618 164 32 1858 23 502 400 226 43 63 184 113 1511 666 98
internal_value=-0.000623529 0.0140574 -0.000733591 -0.00244087 0.000407303 0.00703499 -0.00291867 -0.00613219 0.010738 -0.00251694 -0.00760862 -0.011008 -0.000308685 -0.00605391
internal_weight=2386.33 16.8141 2369.52 940.886 531.6 162.314 77.9061 409.285 32.432 369.286 376.853 256.774 120.08 20.5773
internal_count=24501 196 24305 5687 3170 1128 626 2517 184 2042 2333 1554 779 121
is_linear=0
shrinkage=0.04


Tree=252
num_leaves=15
num_cat=0
split_feature=35 86 57 60 60 35 53 57 3 18 71 87 87 69
split_gain=2.19358 7.18063 7.72262 4.91067 4.5366 3.80026 3.45428 3.89199 3.51904 3.00125 2.79617 7.61081 5.20024 7.85144
threshold=-1.2665999999999997 0.17735000000000004 0.37850000000000006 0.42695000000000005 0.24550000000000002 -1.1503999999999999 0.12050000000000001 0.51750000000000018 0.44050000000000006 -0.074999999999999997 0.25450000000000006 0.47185000000000005 0.60225000000000006 0.90000000000000013
decision_type=2 2 2 2 2 2 2 2 2 2 2 2 2 2
left_child=1 -1 9 4 -4 6 -2 -8 -9 -3 11 -7 -12 -14
right_child=5 2 3 -5 -6 10 7 8 -10 -11 12 -13 13 -15
leaf_value=-0.030377000619672738 0.0046955817064400513 0.018121782099633194 -0.018701547239411875 -0.032759599146913655 0.022369581989258706 -0.00027646484124731787 -0.033991409853830735 0.016126538925508225 -0.020463545882118961 0.051480160046737583 -0.00030435194480513952 -0.0087295295690641966 -0.015146736471578189 0.011562416835645897
leaf_weight=5.9159071417525402 12.872818460455163 14.822340077254923 5.7894340772181812 5.4628069857135406 11.01975157484412 1535.5011040506652 14.284475582186134 6.4063251614570609 8.8268199786543828 6.5210184119641772 427.48814797424711 190.70723386760801 19.301774507388473 137.30521310307086
leaf_count=90 120 88 34 43 59 17961 113 42 61 25 3770 1085 144 937
internal_value=-0.000449029 0.0077974 0.0135401 -0.00299996 0.00796802 -0.00062588 -0.0123542 -0.0196999 -0.00503003 0.0301616 -0.000405432 -0.00121485 0.00198468 0.0081953
internal_weight=2402.23 49.5313 43.6154 22.272 16.8092 2352.69 42.3904 29.5176 15.2331 21.3434 2310.3 1726.21 584.095 156.607
internal_count=24572 339 249 136 93 24233 336 216 103 113 23897 19046 4851 1081
is_linear=0
shrinkage=0.04


Tree=253
num_leaves=15
num_cat=0
split_feature=57 18 36 35 5 18 59 78 57 56 60 52 56 70
split_gain=3.61237 3.90819 5.25978 4.10071 3.24765 3.42469 4.42228 3.79279 3.1672 3.09382 3.06372 10.6697 5.02978 4.76449
threshold=0.72250000000000003 -0.62499999999999989 1.0000000180025095e-35 -0.88774999999999993 0.29165000000000002 -0.37499999999999994 0.22500000000000003 0.010150000000000001 0.067500000000000018 0.55650000000000011 0.2737500000000001 0.7965500000000002 0.6925 3.1512000000000007
decision_type=2 2 2 2 2 2 2 2 2 2 2 2 2 2
left_child=8 2 -2 -3 -5 9 -7 -8 -1 -6 11 12 -10 -13
right_child=1 3 -4 4 5 6 7 -9 10 -11 -12 13 -14 -15
leaf_value=-0.027607161009002616 0.0049673476580785062 -0.017076656284338142 -0.021231382753165131 0.023121153165001105 0.044639292414997346 0.024506835020848591 0.0091410048288358223 -0.04050427755099574 -0.0016479599580334478 -0.0018957466445307877 1.2102891568947895e-05 -0.019123549019086892 0.021927921866236776 0.017524109010353197
leaf_weight=6.0195156732806927 58.095768456347287 5.7533434433862558 14.471391642466186 37.484204437583685 3.7304176539182681 3.4880490778014055 3.3438192009925825 5.8919392693787813 320.18868759623729 4.2725544031709433 1825.9480931378203 77.240004876162857 14.163008601870386 5.3554110489785662
leaf_count=172 481 47 122 353 16 27 34 48 3367 36 18968 674 103 32
internal_value=-0.000394767 0.00589868 -0.000474802 0.0130254 0.0162387 0.00330048 -0.00943312 -0.0233931 -0.000779294 0.0223445 -0.000695021 -0.00378437 -0.000586885 -0.0165661
internal_weight=2385.45 136.531 72.5672 63.9643 58.211 20.7268 12.7238 9.23576 2248.91 8.00297 2242.9 416.947 334.352 82.5954
internal_count=24480 1164 603 561 514 161 109 82 23316 52 23144 4176 3470 706
is_linear=0
shrinkage=0.04


Tree=254
num_leaves=15
num_cat=0
split_feature=54 80 60 56 86 60 53 55 55 1 53 70 70 30
split_gain=2.39194 2.10831 3.00372 2.77805 2.04964 2.44962 2.33492 5.1742 4.75896 3.92738 3.56044 3.37142 5.76811 4.27398
threshold=0.89000000000000012 0.23150000000000004 0.33300000000000007 0.77850000000000008 0.79130000000000011 0.23200000000000004 0.067500000000000018 0.55400000000000016 0.53450000000000009 2.5855000000000001 0.058500000000000003 2.0874000000000001 1.8493500000000003 0.78500000000000014
decision_type=2 2 2 2 2 2 2 2 2 2 2 2 2 2
left_child=4 2 -2 -3 6 -6 7 8 9 11 -9 12 13 -1
right_child=1 3 -4 -5 5 -7 -8 10 -10 -11 -12 -13 -14 -15
leaf_value=-0.0039289990445570532 0.022315819925213708 0.050664513130464377 -0.019380611280023087 0.0052529372529725709 -0.012684668969495581 0.013337805027602822 0.00060475380135719249 0.02242157307288636 -0.043980858912174806 0.016787957400435177 -0.012409813258998242 -0.02296251590120299 0.024417771050218584 -0.025022884703771058
leaf_weight=107.70114165986888 4.4182206932455319 3.5638787439092976 4.6463205730542541 4.5790180298499763 6.0965428100898853 34.348964245524257 2156.5854376597563 16.934719810727987 4.2589524784125379 11.108189805410801 5.6310978112742296 17.515344241634011 9.13517919462174 17.047337957192212
leaf_count=1797 43 24 41 44 49 289 21094 182 47 105 66 308 117 251
internal_value=0.000496443 0.0149398 0.00114093 0.0284957 0.000386082 0.0092039 0.000230199 -0.00401693 -0.00646367 -0.00521746 0.0135719 -0.00693156 -0.00467962 -0.00698762
internal_weight=2403.57 17.2074 9.06454 8.1429 2386.36 40.4455 2345.92 189.332 166.766 162.507 22.5658 151.399 133.884 124.748
internal_count=24457 152 84 68 24305 338 23967 2873 2625 2578 248 2473 2165 2048
is_linear=0
shrinkage=0.04


Tree=255
num_leaves=15
num_cat=0
split_feature=80 74 18 79 60 2 53 84 21 71 86 3 50 50
split_gain=2.78345 3.06195 2.73263 2.4514 2.41053 2.32155 4.11036 4.27811 4.03731 3.05838 3.19507 2.81974 2.7409 2.31767
threshold=0.97650000000000003 1.0000000180025095e-35 0.32500000000000001 0.70835000000000015 0.77675000000000016 0.47650000000000003 0.70350000000000013 0.73975000000000013 0.81500000000000006 -0.13649999999999998 0.53760000000000008 0.68250000000000022 0.76040000000000008 0.80210000000000015
decision_type=2 2 2 2 2 2 2 2 2 2 2 2 2 2
left_child=5 -2 4 -4 -3 11 7 8 9 -7 -11 -1 -13 -10
right_child=1 2 3 -5 -6 6 -8 -9 13 10 -12 12 -14 -15
leaf_value=0.00015613680030167196 -0.015911416379760152 0.012018009107980815 0.011226524820170848 -0.028369403130871593 0.038583289399474301 0.015525152102757503 0.018195375981198556 0.027259051415027873 -0.010391918666773114 -0.022542777237891689 0.012078169163748025 -0.010750281368995078 0.022504450662114511 -0.030678743470505667
leaf_weight=2257.8060225084191 5.9753922438248983 32.816498729865998 4.5634284531697613 3.6552557898685336 6.0981423435732713 10.455410227179529 8.4873944008722884 3.7195144295692435 19.800018027424812 11.346829280257227 5.7372901747003189 4.5459502469748285 15.57760865613818 18.348522840067744
leaf_count=23253 53 257 60 38 37 85 96 93 139 89 84 41 124 165
internal_value=0.000264836 0.00923473 0.012687 -0.00755085 0.0170433 5.87898e-05 -0.00668705 -0.00994498 -0.0124288 -0.000669622 -0.0108912 0.0002923 0.0148389 -0.0206838
internal_weight=2408.93 53.1087 47.1333 8.21868 38.9146 2355.82 77.895 69.4076 65.6881 27.5395 17.0841 2277.93 20.1236 38.1485
internal_count=24614 445 392 98 294 24169 751 655 562 258 173 23418 165 304
is_linear=0
shrinkage=0.04


Tree=256
num_leaves=15
num_cat=0
split_feature=3 54 4 53 54 75 84 54 86 60 71 65 71 57
split_gain=2.35788 2.08371 7.89983 5.46102 5.01858 4.87305 4.77069 5.10156 4.97142 4.8673 8.09005 7.0518 6.84238 4.60249
threshold=0.88150000000000006 0.55650000000000011 0.30450000000000005 0.30050000000000004 0.41750000000000004 0.56350000000000011 0.30425000000000008 0.57950000000000002 0.28905000000000008 0.46175000000000005 0.22150000000000003 1.0000000180025095e-35 -0.22949999999999998 0.77900000000000014
decision_type=2 2 2 2 2 2 2 2 2 2 2 2 2 2
left_child=1 3 5 -1 -5 -3 7 8 -4 10 11 13 -13 -8
right_child=-2 2 6 4 -6 -7 9 -9 -10 -11 -12 12 -14 -15
leaf_value=0.00025540440825785779 0.018449547738559634 -0.0061687456093805779 -0.017242370109316986 -0.027503958768655207 0.01976060043693674 0.037912915912454104 -0.022636682488355615 0.0057264685041032029 0.029980994970818332 9.4314949932808933e-05 -0.00022959399895843761 0.022326394078254652 -0.013567132068694244 0.0048724882697326298
leaf_weight=1734.9136910894886 10.019276987761257 5.5542191220447448 28.493785691913221 3.116655755788087 35.256132697686553 11.43775742407888 97.779296640306711 144.08635730901733 3.1359528545290223 158.10594278294593 100.49244187865406 13.317862215451894 19.908972930163145 10.440272472798823
leaf_count=19538 115 63 374 26 246 103 571 1376 15 1062 666 77 123 72
internal_value=-1.06469e-05 -9.65801e-05 -0.00214767 0.000589859 0.0153207 0.0239618 -0.00295843 0.00252546 -0.011785 -0.00536747 -0.00892242 -0.0150534 0.00105156 -0.0199625
internal_weight=2376.06 2366.04 592.753 1773.29 38.3728 16.992 575.761 175.716 31.6297 400.045 241.939 141.446 33.2268 108.22
internal_count=24427 24312 4502 19810 272 166 4336 1765 389 2571 1509 843 200 643
is_linear=0
shrinkage=0.04


Tree=257
num_leaves=15
num_cat=0
split_feature=78 78 70 71 78 28 86 76 85 78 56 56 3 84
split_gain=3.18626 4.33265 3.90842 3.02897 5.30437 2.87265 2.69015 2.82042 2.55962 2.53449 4.21914 9.61393 4.94209 5.09731
threshold=-0.43589999999999995 -0.40039999999999992 -0.09934999999999998 -1.2364999999999997 0.58685000000000009 0.97500000000000009 0.52355000000000007 0.90000000000000013 0.37500000000000006 0.18360000000000001 0.46550000000000008 0.48350000000000004 0.21500000000000002 0.26505000000000006
decision_type=2 2 2 2 2 2 2 2 2 2 2 2 2 2
left_child=2 -2 -1 4 8 6 7 -4 -3 10 -5 12 -12 -14
right_child=1 3 5 9 -6 -7 -8 -9 -10 -11 11 -13 13 -15
leaf_value=0.02595516348746291 0.018638288854937544 -0.034062181168366436 -0.01115556830574492 -0.0002710974639234502 0.015818303278408868 -0.027136816571430633 0.022492007954582897 0.02854423097360019 -0.0094910206671108641 -0.0012598401647742822 -0.012078065322041561 0.0022132475521930055 0.00089170704680163347 0.026902215156935375
leaf_weight=4.092866215389221 20.00999947451055 9.7832001084461826 46.634878031909466 856.10210106510203 8.8088495247066003 12.489391015842555 3.8336019515991202 2.1022192132659248 21.615814307937399 779.32911724969745 7.5023107193410388 553.33482948574238 15.7684831158258 51.172232308890671
leaf_count=134 319 180 1326 10837 88 229 21 27 751 5230 114 4766 214 317
internal_value=0.000302495 0.000555855 -0.00809658 0.000390752 -0.0103569 -0.0105992 -0.00623711 -0.00890369 -0.0179619 0.000586183 0.0015559 0.00404386 0.0174411 0.0208785
internal_weight=2392.58 2323.43 69.153 2303.42 40.2079 65.0601 52.5707 48.7371 31.399 2263.21 1483.88 627.778 74.443 66.9407
internal_count=24553 22816 1737 22497 1019 1603 1374 1353 931 21478 16248 5411 645 531
is_linear=0
shrinkage=0.04


Tree=258
num_leaves=15
num_cat=0
split_feature=7 56 3 11 60 86 2 56 73 82 83 2 19 86
split_gain=3.34177 5.46488 5.21835 4.67325 5.51147 4.65545 6.34894 4.4245 4.28767 4.17851 3.89091 4.10928 3.73648 4.21188
threshold=1.0000000180025095e-35 0.22750000000000004 0.23600000000000002 0.62500000000000011 0.13800000000000004 0.38475000000000009 0.15650000000000003 0.58350000000000002 0.45835000000000009 1.6768000000000003 1.9412500000000004 0.030500000000000003 -0.18334999999999999 0.079650000000000012
decision_type=2 2 2 2 2 2 2 2 2 2 2 2 2 2
left_child=3 2 9 5 -5 7 -7 -1 -4 12 11 -6 -2 -14
right_child=1 -3 8 4 10 6 -8 -9 -10 -11 -12 -13 13 -15
leaf_value=-0.0056002723504112971 -0.013866420157575927 0.00068470151272553197 0.017239650529470251 -0.02627433570139602 -0.0056670196650321992 -0.04630013251346117 0.0047502644584830047 0.0094429717878045209 -0.034036082553598683 -0.015716618978920426 -0.023483862018719437 0.0030651773127806955 0.0064676409419645231 0.038483003094371367
leaf_weight=356.8192225365201 3.0241630587261161 1356.2852733009495 3.7914729616604728 11.122509045526384 105.26595527934842 8.8444964904338104 6.1694183684885493 33.37691988190636 4.9913629172369838 3.8690962567925444 9.2188878329470736 456.98111267178319 9.887054744409399 21.824730145744979
leaf_count=5284 57 11390 33 174 1918 57 37 295 50 19 74 4749 291 164
internal_value=-9.7577e-05 0.00115647 0.0143658 -0.00187896 0.000416547 -0.00517222 -0.0263361 -0.00429264 -0.0124012 0.0206148 0.000981024 0.00142314 0.0249882 0.0290042
internal_weight=2391.47 1403.67 47.3879 987.799 582.588 405.21 15.0139 390.196 8.78284 38.605 571.466 562.247 34.7359 31.7118
internal_count=24592 12004 614 12588 6915 5673 94 5579 83 531 6741 6667 512 455
is_linear=0
shrinkage=0.04


Tree=259
num_leaves=15
num_cat=0
split_feature=50 38 56 87 70 87 35 56 56 3 2 80 78 46
split_gain=2.78553 4.09363 5.50506 5.07296 4.82446 3.27333 3.21395 4.38125 3.12704 3.06898 4.54867 4.29759 3.78959 3.6581
threshold=0.46875000000000006 1.0000000180025095e-35 0.58350000000000002 0.62695000000000012 2.6635000000000004 0.31035000000000007 -0.72694999999999987 0.61050000000000015 0.41750000000000004 0.14850000000000002 0.059000000000000004 -0.0054999999999999988 0.18360000000000001 1.4976500000000001
decision_type=2 2 2 2 2 2 2 2 2 2 2 2 2 2
left_child=1 2 3 9 5 -3 -4 -8 -7 10 12 -12 -1 -11
right_child=-2 4 6 -5 -6 8 7 -9 -10 13 11 -13 -14 -15
leaf_value=0.0016627297046058237 0.00043408328379663629 -0.010856514094751383 0.036374099220957148 0.016997661984690295 0.0089546441162063183 -0.048446438390652158 0.029402947902487448 -0.023308791123576485 -0.010883943224544617 -0.01062865060467888 0.04275401655831941 0.0018107339596103624 -0.024078173884550594 0.015096004121171404
leaf_weight=43.490069263614714 2097.1123618615093 43.423973944270983 8.440330193378033 17.840505424886942 13.688732231035827 7.9391374979168159 3.7923187576234323 4.332465554587543 7.1034902576357126 110.80118352756836 6.446757440455257 9.3392486900556815 10.552857418078927 8.7364082532003504
leaf_count=1054 19916 1475 55 127 127 88 28 46 48 1264 61 132 112 49
internal_value=-7.91286e-05 -0.00370526 -0.00101511 -0.00282491 -0.0119202 -0.016876 0.0204951 0.00182086 -0.0324926 -0.00477191 0.0018764 0.0200822 -0.00370977 -0.00863892
internal_weight=2393.04 295.927 223.772 207.207 72.1553 58.4666 16.5651 8.12478 15.0426 189.367 69.8289 15.786 54.0429 119.538
internal_count=24582 4666 2928 2799 1738 1611 129 74 136 2672 1359 193 1166 1313
is_linear=0
shrinkage=0.04


Tree=260
num_leaves=15
num_cat=0
split_feature=46 11 57 86 40 73 70 54 57 75 1 5 57 57
split_gain=2.01117 5.25818 4.34963 5.63052 5.39963 4.2218 4.20282 5.41342 6.44241 4.30549 4.13087 3.33924 3.04319 4.67602
threshold=-0.60494999999999988 0.62500000000000011 0.38150000000000006 0.06925000000000002 1.0000000180025095e-35 0.20835000000000001 0.96435000000000015 0.49250000000000005 0.40150000000000008 0.69050000000000011 0.90350000000000008 0.87500000000000011 0.43250000000000005 0.58850000000000013
decision_type=2 2 2 2 2 2 2 2 2 2 2 2 2 2
left_child=1 2 -1 -4 12 -3 7 8 10 11 -7 -8 -5 -14
right_child=-2 5 3 4 -6 6 9 -9 -10 -11 -12 -13 13 -15
leaf_value=-0.021354485216130245 0.00045915251830915509 -0.021322226377864933 -0.020367942422092181 0.023369945559386707 0.029894484257722009 -0.0014886987521478287 -0.0025490316948071673 0.028189683440429145 -0.026467719392876381 0.017958296769176197 0.032471244754109126 -0.029030170950450813 -0.024616113664080327 0.0046665883989895698
leaf_weight=35.234713472309522 2151.450805481174 10.989300285931675 22.34843090781942 5.0019301031716159 8.9174066977575404 13.361929883249109 69.544051446253434 19.955286184325814 8.2982307109050435 13.922819070983676 8.9270627149380726 7.5948930736631146 13.824145881924776 20.584272282198071
leaf_count=850 20767 237 482 61 64 324 991 157 150 150 61 68 162 150
internal_value=5.81204e-05 -0.00326845 -0.0100718 -0.00422744 0.00349808 0.00148836 0.0033957 0.0125253 0.0017368 -0.00175254 0.012923 -0.00549445 -0.00306662 -0.00746116
internal_weight=2409.96 258.504 105.911 70.6762 48.3278 152.594 141.604 50.5425 30.5872 91.0618 22.289 77.1389 39.4103 34.4084
internal_count=24674 3907 1769 919 437 2138 1901 692 535 1209 385 1059 373 312
is_linear=0
shrinkage=0.04


Tree=261
num_leaves=15
num_cat=0
split_feature=84 84 26 56 78 56 86 5 84 53 71 82 78 82
split_gain=2.72255 6.23927 8.52693 4.82344 5.38126 5.08074 10.0206 4.58035 4.20616 5.08582 4.09103 4.08672 5.78454 4.41392
threshold=0.46985000000000005 0.46235000000000004 0.78500000000000014 0.34550000000000003 0.48415000000000002 0.22750000000000004 0.066100000000000006 0.20835000000000001 0.47690000000000005 0.18950000000000003 -0.38549999999999995 1.6477000000000002 0.38815000000000005 1.1289000000000002
decision_type=2 2 2 2 2 2 2 2 2 2 2 2 2 2
left_child=1 3 -3 4 5 6 -1 10 9 -2 -6 13 -13 -5
right_child=8 2 -4 11 7 -7 -8 -9 -10 -11 -12 12 -14 -15
leaf_value=-0.009537014319886062 -0.030211215763027714 0.029455870345810892 -0.023340550409259135 0.0014117974343531427 -0.021803937648828386 -0.0090446338823649153 0.022578460256616022 0.035183448464101409 -0.0011435705592317495 0.0060439712792430805 0.024485153716432371 -0.02897392183189142 0.0052483340326227633 0.0094424568696279895
leaf_weight=35.64340685820207 16.196029139682654 23.512522527948025 5.3179267719387999 972.58631397027057 6.2477813232690096 183.0069184678141 26.047624664846808 8.9174730386584979 952.8180464154575 9.2213982325047237 4.2884923908859509 15.189105309545996 14.931108532473443 122.49080426618457
leaf_count=1211 129 149 40 10960 77 3139 299 51 7640 53 23 92 77 652
internal_value=4.11e-05 0.00116055 0.0192613 0.000771355 -0.00408317 -0.00571047 0.00416686 0.0156641 -0.00158133 -0.017327 -0.00247399 0.00191362 -0.0123858 0.00231787
internal_weight=2396.41 1418.18 28.8304 1389.35 264.152 244.698 61.691 19.4537 978.235 25.4174 10.5363 1125.2 30.1202 1095.08
internal_count=24592 16770 189 16581 4800 4649 1510 151 7822 182 100 11781 169 11612
is_linear=0
shrinkage=0.04


Tree=262
num_leaves=15
num_cat=0
split_feature=18 7 53 82 3 52 9 28 84 84 3 78 18 84
split_gain=3.11612 5.23898 4.90788 5.42603 3.40827 3.3445 4.24445 3.27621 3.74372 4.04968 3.24184 3.19184 2.86665 2.80173
threshold=-0.87499999999999989 0.62500000000000011 0.19900000000000004 -0.22624999999999998 0.032500000000000008 0.62285000000000013 1.0000000180025095e-35 0.97500000000000009 0.35760000000000008 0.52015000000000011 0.71650000000000003 0.33940000000000009 0.22500000000000003 0.12575000000000003
decision_type=2 2 2 2 2 2 2 2 2 2 2 2 2 2
left_child=1 7 -3 10 5 12 -7 8 13 -10 -4 -5 -2 -1
right_child=4 2 3 11 -6 6 -8 -9 9 -11 -12 -13 -14 -15
leaf_value=-4.2483398997715936e-05 -0.027592628613471188 -0.040811242624758569 -0.032314590228293472 0.027606106581283627 -0.00034093227668073747 0.031378114660296809 -0.017533276400641729 0.037045983047020961 -0.039302621016783626 0.011622223290980525 0.011860848924240807 -0.012391007828757759 -0.0019722994891051772 0.029531702994282802
leaf_weight=7.9712178809568348 18.825436314684342 4.0149289891123798 7.1900523416698032 11.144661240279669 2277.3928921659244 4.8233309336937946 4.6330756631214172 9.3600282073020917 3.4692747816443426 4.9051516447216272 3.3028237391263247 3.6703646359965196 11.043284969287923 13.341253429651259
leaf_count=202 542 42 71 66 22732 58 129 53 21 40 23 33 473 76
internal_value=-0.000295289 0.00805859 -0.00464641 0.00242411 -0.000545195 -0.0120726 0.00802942 0.0174774 0.0103014 -0.0114165 -0.0185874 0.01754 -0.0184908 0.0189643
internal_weight=2385.09 68.3698 29.3228 25.3079 2316.72 39.3251 9.45641 39.0469 29.6869 8.37443 10.4929 14.815 29.8687 21.3125
internal_count=24561 627 235 193 23934 1202 187 392 339 61 94 99 1015 278
is_linear=0
shrinkage=0.04


Tree=263
num_leaves=15
num_cat=0
split_feature=86 71 80 85 84 5 21 4 56 83 7 78 82 38
split_gain=3.08382 2.92451 3.27366 3.25002 2.84624 4.69678 6.31823 5.20293 6.0855 4.40657 5.14784 4.29498 3.39121 3.36012
threshold=0.8479000000000001 -1.2364999999999997 0.39450000000000007 0.37500000000000006 0.12575000000000003 0.12500000000000003 0.65000000000000013 0.60200000000000009 0.37250000000000005 0.97430000000000005 0.37500000000000006 1.0000000180025095e-35 -0.78129999999999988 1.0000000180025095e-35
decision_type=2 2 2 2 2 2 2 2 2 2 2 2 2 2
left_child=1 2 3 -1 5 9 -7 8 -8 11 -11 -3 -9 -10
right_child=-2 4 -4 -5 -6 6 7 12 13 10 -12 -13 -14 -15
leaf_value=-0.033066883864241031 0.017148007133059247 -0.001353144690235307 0.010426110249651703 -0.0071709200059670974 -0.00040890824068702335 0.00023209337624193046 0.0028430055093125813 0.015998691970694319 0.036438896566498541 0.02892886517462602 -0.01514871035926595 -0.023066050341138268 -0.021882419063281602 0.0050327717845230673
leaf_weight=10.575011569540946 15.630474592093377 61.305079909972847 9.2186456387862545 25.942707753623836 2086.9933456669096 68.318427528487518 17.81471147807315 5.9744330570101738 32.099429401103407 12.101214609108867 5.5128304036334148 18.180948278866708 7.3350985972210747 6.946934788953512
leaf_count=188 134 1910 115 854 18030 1693 352 67 388 120 61 404 81 149
internal_value=-1.65853e-05 -0.000137058 -0.0100438 -0.0153515 6.22652e-05 0.0042203 0.0089245 0.0172653 0.0224606 -0.00251166 0.0150608 -0.00654445 -0.00494847 0.0311165
internal_weight=2383.95 2368.32 45.7364 36.5177 2322.58 235.589 138.489 70.1706 56.8611 97.1001 17.614 79.486 13.3095 39.0464
internal_count=24546 24412 1157 1042 23255 5225 2730 1037 889 2495 181 2314 148 537
is_linear=0
shrinkage=0.04


Tree=264
num_leaves=15
num_cat=0
split_feature=23 5 35 83 43 13 35 20 84 56 56 75 3 82
split_gain=3.04379 6.27662 4.17827 7.47487 4.37272 4.94463 4.01069 3.73113 6.12269 3.39929 4.58819 5.58201 4.2724 5.29665
threshold=0.085000000000000006 0.87500000000000011 0.19840000000000005 1.7545500000000003 1.0000000180025095e-35 1.0000000180025095e-35 2.3406500000000006 -0.21664999999999998 0.65250000000000008 0.50250000000000006 0.5335000000000002 0.58570000000000011 0.26150000000000007 0.6422500000000001
decision_type=2 2 2 2 2 2 2 2 2 2 2 2 2 2
left_child=7 2 3 4 5 -2 -3 8 -1 12 -11 -12 13 -4
right_child=1 6 9 -5 -6 -7 -8 -9 -10 10 11 -13 -14 -15
leaf_value=0.016881018210728911 -0.0013410864992227881 -0.026381903076326641 0.0068416711454701556 0.02814319597153124 0.017928632682092327 -0.020392512968766416 0.021769679283369221 0.00067729899927582323 -0.020531827458229249 0.022464130365518375 -0.0074464809971036151 0.01960420941358778 -0.0073098133325744941 -0.0059848352474809073
leaf_weight=45.406917873071507 34.136669822270051 23.367606972577054 135.99657201126684 7.3636374007910481 6.7632846236228934 60.035294882021844 2.3646846842020741 1771.629108842928 7.3678138814866534 23.052853364497423 36.421360155567527 17.119168543256819 121.37315712147392 81.61507367528975
leaf_count=428 607 261 2968 45 70 618 16 16878 78 180 348 134 1169 634
internal_value=0.00020655 -0.00240031 -0.00143275 -0.00839185 -0.0113072 -0.0135732 -0.0213082 0.000992761 0.0113732 0.000396574 0.00795017 0.00140363 -0.00132852 0.00202573
internal_weight=2374.01 549.609 523.877 108.299 100.935 94.172 25.7323 1824.4 52.7747 415.578 76.5934 53.5405 338.985 217.612
internal_count=24434 7050 6773 1340 1295 1225 277 17384 506 5433 662 482 4771 3602
is_linear=0
shrinkage=0.04


Tree=265
num_leaves=15
num_cat=0
split_feature=70 8 57 11 54 54 7 19 49 84 1 3 54 18
split_gain=3.12755 6.98752 5.10361 3.29798 3.22492 5.16899 5.44997 5.18729 4.49257 6.59635 5.86911 5.37821 6.20511 4.29741
threshold=3.5752500000000005 1.0000000180025095e-35 0.6645000000000002 0.62500000000000011 0.45550000000000007 0.49450000000000005 0.37500000000000006 -0.28334999999999994 0.36665000000000009 0.45115000000000005 2.8735000000000004 0.35500000000000004 0.46950000000000003 -0.3249999999999999
decision_type=2 2 2 2 2 2 2 2 2 2 2 2 2 2
left_child=4 -2 3 -3 -1 6 -6 -7 11 10 13 12 -8 -10
right_child=1 2 -4 -5 5 7 8 -9 9 -11 -12 -13 -14 -15
leaf_value=0.00099980096990920494 -0.0024127099130129234 0.036010231916177464 -0.010953973157980057 0.00048962532070234591 -0.0023095686713483737 -0.010492845118226382 -0.041216205511720373 0.00029760002408881913 -0.017543580093480084 -0.039624584288772989 -0.046337140224181818 0.015263941078446426 -0.00028022318245886916 0.016054226819992738
leaf_weight=1207.9040256750304 45.186824778094888 20.741071683354683 5.6939586438238612 5.2127956142649046 128.00138575467281 77.121091002598405 8.491079833358528 813.73843869799748 10.963244291488085 21.033252526074648 4.5778775708749881 13.034556693397461 15.80329268472269 11.410576289519668
leaf_count=15288 364 96 42 44 1135 655 81 6403 102 114 35 85 136 88
internal_value=-0.000162838 0.00772384 0.0218274 0.0291588 -0.000428152 -0.00198974 -0.0075672 -0.000647239 -0.0153374 -0.0233165 -0.00962728 -0.00473982 -0.0156515 -0.000455036
internal_weight=2388.91 76.8347 31.6478 25.9539 2312.08 1104.17 213.315 890.86 85.3139 47.985 26.9517 37.3289 24.2944 22.3738
internal_count=24668 546 182 140 24122 8834 1776 7058 641 339 225 302 217 190
is_linear=0
shrinkage=0.04


Tree=266
num_leaves=15
num_cat=0
split_feature=56 4 71 53 11 84 7 52 64 52 71 52 40 55
split_gain=2.87651 3.94107 2.98402 2.74349 3.28453 4.21187 3.21478 3.15786 3.06459 2.44744 2.40573 6.22443 5.76572 3.69286
threshold=0.13550000000000004 0.077000000000000013 -0.91249999999999998 0.031500000000000007 0.62500000000000011 0.8207000000000001 0.12500000000000003 0.77600000000000013 1.0000000180025095e-35 0.74240000000000006 -0.42449999999999993 0.52250000000000008 1.0000000180025095e-35 0.51800000000000013
decision_type=2 2 2 2 2 2 2 2 2 2 2 2 2 2
left_child=1 -1 -3 4 8 6 7 -6 9 -2 11 -5 13 -13
right_child=3 2 -4 10 5 -7 -8 -9 -10 -11 -12 12 -14 -15
leaf_value=-0.019310367143014571 0.0039191493828435314 -0.026336085740657322 0.023439147393468765 -0.0056226797284194318 -0.0055433291003967027 0.02445218117884182 -0.049394974994365327 -0.045078855940385847 0.035868866218552932 -0.03757643790652751 0.00090556994636921666 -0.0057538020670189352 0.011398721932461432 0.0070346293638840172
leaf_weight=4.2285375666106146 10.22740186587907 1.2897829613648379 21.177373636281118 332.89236563292798 15.149894460570076 2.4629700924269846 5.1443492965772739 3.2427543853409579 2.8326286689843974 1.8720999620854861 1738.8858076804318 109.67209697072394 81.359087534248829 52.671990745700896
leaf_count=245 178 97 313 6093 378 35 50 54 42 30 14188 1523 863 492
internal_value=0.000130145 0.012946 0.0195812 -2.04762e-05 -0.0101606 -0.0185039 -0.0238123 -0.0144788 0.0046165 -0.00487968 0.000163085 -0.00207378 0.0027771 -0.00158697
internal_weight=2383.11 26.6957 22.4672 2356.41 40.9321 26 23.537 18.3926 14.9321 12.0995 2315.48 576.596 243.703 162.344
internal_count=24581 655 410 23926 767 517 482 432 250 208 23159 8971 2878 2015
is_linear=0
shrinkage=0.04


Tree=267
num_leaves=15
num_cat=0
split_feature=80 86 19 26 4 75 4 57 56 5 22 82 35 80
split_gain=3.32824 3.47675 5.35208 5.01627 4.76262 5.16408 9.46148 6.6032 9.85705 5.89395 5.73549 5.42361 5.47329 5.30423
threshold=0.73750000000000016 0.38935000000000003 0.31665000000000004 0.15000000000000005 0.20700000000000002 0.56350000000000011 0.36050000000000004 0.49700000000000005 0.52650000000000008 0.79165000000000008 0.14165000000000003 1.3749500000000003 -0.61619999999999986 0.11350000000000002
decision_type=2 2 2 2 2 2 2 2 2 2 2 2 2 2
left_child=1 2 -1 -3 -5 7 -7 10 -9 -10 13 12 -8 -6
right_child=-2 3 -4 4 5 6 11 8 9 -11 -12 -13 -14 -15
leaf_value=0.00064630771074337251 0.0052120633411278476 -0.010696408667266623 -0.014219582325709324 0.024592997947591583 -0.027246593758967194 -0.021999527009383197 0.0036642779507331941 -0.030194902705451054 0.0015487777114639976 -0.028307385085472744 0.0064623324991657152 -0.005968218487424232 0.020606204260481768 0.00062815982284657721
leaf_weight=1624.2547385445796 167.36772441864014 116.69471884518862 38.69581844098866 10.012805260717867 18.282895809039474 21.323148235678673 86.328753032721579 36.067022332921624 53.550944687798619 12.156370580196379 78.942693749442697 47.09399085259065 46.669113183394074 25.090795744210482
leaf_count=19447 1403 809 399 52 104 131 475 211 320 79 453 334 243 147
internal_value=-0.000209768 -0.000621584 0.00029205 -0.00336848 -0.001385 -0.00205253 0.00258944 -0.00621775 -0.0136918 -0.0043164 6.17293e-05 0.00560622 0.00971863 -0.0114709
internal_weight=2382.53 2215.16 1662.95 552.213 435.519 425.506 201.415 224.091 101.774 65.7073 122.316 180.092 132.998 43.3737
internal_count=24607 23204 19846 3358 2549 2497 1183 1314 610 399 704 1052 718 251
is_linear=0
shrinkage=0.04


Tree=268
num_leaves=15
num_cat=0
split_feature=2 82 82 69 70 2 80 52 70 53 52 28 54 56
split_gain=2.94284 5.32676 6.66841 5.62182 5.10377 4.87609 5.75844 5.14399 9.25724 5.58296 5.42343 4.80325 4.66816 9.57677
threshold=0.30150000000000005 0.049800000000000004 -0.30584999999999996 0.70835000000000015 0.81615000000000004 0.36700000000000005 -0.61499999999999988 0.5797500000000001 1.3939000000000001 0.38650000000000007 0.7965500000000002 0.94500000000000006 0.49450000000000005 0.5335000000000002
decision_type=2 2 2 2 2 2 2 2 2 2 2 2 2 2
left_child=11 2 3 -2 -5 6 -3 -7 -9 10 -10 -1 -13 -14
right_child=1 5 -4 4 -6 7 -8 8 9 -11 -12 12 13 -15
leaf_value=-0.00051632848266434906 0.01142314593804155 0.032144649542341378 0.019876493309274823 0.013692853143471075 -0.019050588118617331 0.007784123903421627 -0.015070766580705835 0.0033397179549869323 -0.011519787871444588 0.00029018272802020379 -0.049770778662158073 0.001122594537855225 0.016650731421021196 -0.0015759465370693041
leaf_weight=1506.9152892889688 27.098044867627323 3.3971727937459937 29.915386872366071 9.0997053538449091 32.142001764383167 54.850444935727865 98.023640301078558 50.552566983737051 11.443212358281016 11.47864677198231 13.316020650789142 343.32118710165378 108.17454428598285 79.587618120014668
leaf_count=17541 282 13 190 77 286 369 618 515 72 97 68 3008 757 587
internal_value=6.08424e-05 -0.00337104 0.00445697 -0.00248217 -0.0116728 -0.00654072 -0.0131908 -0.00171987 -0.00774652 -0.0228864 -0.0332255 0.000636973 0.00390421 0.00895748
internal_weight=2379.32 341.317 98.2551 68.3398 41.2417 243.062 101.421 141.641 86.7904 36.2379 24.7592 2038 531.083 187.762
internal_count=24480 2587 835 645 363 1752 631 1121 752 237 140 21893 4352 1344
is_linear=0
shrinkage=0.04


Tree=269
num_leaves=15
num_cat=0
split_feature=22 53 83 54 19 85 5 70 75 34 78 71 54 55
split_gain=4.5519 3.69764 3.95211 2.97795 4.8264 4.24779 6.47005 5.08339 5.61011 5.56677 5.41703 5.24775 7.73185 7.23073
threshold=0.84165000000000012 0.16600000000000004 1.04905 0.62850000000000017 0.15000000000000002 0.37500000000000006 0.29165000000000002 1.4766000000000001 0.84520000000000006 0.83335000000000015 0.23315000000000005 0.15650000000000003 0.64350000000000007 0.76350000000000018
decision_type=2 2 2 2 2 2 2 2 2 2 2 2 2 2
left_child=3 -2 -3 -1 5 7 -7 9 11 -5 -11 12 -9 -13
right_child=1 2 -4 4 -6 6 -8 8 -10 10 -12 13 -14 -15
leaf_value=0.00059631344936972644 -0.029822804820338306 0.01962553197778099 -0.022988048269396835 0.0084459486825097085 0.0096047517148952297 -0.03283735210798959 -0.0021886470747864441 0.024154320284615033 0.010522984716910771 -0.036264823916896276 0.0085225779959584077 -0.032628809484027993 -0.012204333486364058 0.015636369074215208
leaf_weight=2057.3559297053143 13.86854103440419 6.5655102999880892 5.4517540642991662 73.662171924952418 36.62043091841042 20.401177483145148 23.037262292113155 10.524650656618176 19.00753303989768 8.8492565061897022 7.1376927755773059 29.440044522285461 49.429855228401721 5.3117051012814036
leaf_count=21946 208 65 52 548 258 225 242 51 94 74 58 216 331 33
internal_value=-0.000121716 -0.0164867 1.25933e-05 6.62209e-05 -0.00377028 -0.00578562 -0.0169981 -0.00331919 -0.00890114 0.00378123 -0.016944 -0.0128688 -0.00553023 -0.0250206
internal_weight=2366.66 25.8858 12.0173 2340.78 283.422 246.801 43.4384 203.363 113.714 89.6491 15.9869 94.7063 59.9545 34.7517
internal_count=24401 325 117 24076 2130 1872 467 1405 725 680 132 631 382 249
is_linear=0
shrinkage=0.04


Tree=270
num_leaves=15
num_cat=0
split_feature=51 70 83 5 52 84 71 84 60 52 54 1 38 55
split_gain=2.87162 2.45231 4.47359 4.89934 4.11574 3.28616 4.31111 2.42998 2.93518 2.27549 7.12909 5.29232 6.44311 5.0929
threshold=0.58350000000000013 -2.1594999999999995 0.44825000000000009 0.12500000000000003 0.71655000000000013 0.23765000000000003 -0.081499999999999989 0.26825000000000004 0.44555000000000006 0.13715000000000002 0.23150000000000004 2.4080000000000008 1.0000000180025095e-35 0.53200000000000014
decision_type=2 2 2 2 2 2 2 2 2 2 2 2 2 2
left_child=1 2 4 7 5 6 -1 8 -4 10 -3 13 -13 -12
right_child=-2 9 3 -5 -6 -7 -8 -9 -10 -11 11 12 -14 -15
leaf_value=-0.0058566012901743684 0.023283606599860618 -0.026164601924831023 0.032491122876274273 -0.043259767680985849 0.023040635878561835 -0.037891737712635883 0.040622635691205375 -0.025596885656012175 -0.014627646815043291 0.00086392786857308597 -0.0024418661689380671 -0.030708926861919356 0.0079493071055548471 0.013876346967249414
leaf_weight=38.974113661679439 7.6853498038835815 19.115606898907572 3.4343539942055958 8.8128606937825662 8.5564356790855509 3.6014426406472912 2.4726867098361245 3.7975566722452641 3.2169707743450999 2099.6002140513156 116.94252888543997 17.837380123324692 10.341656692791732 40.345092497766018
leaf_count=1316 51 529 21 64 78 22 10 16 34 19853 1833 193 97 394
internal_value=0.000325247 0.00024126 -0.00693312 -0.0229453 -0.000864634 -0.00580694 -0.00219199 -0.00352958 0.0107684 0.000471048 -0.00354561 -0.00108651 -0.0167352 0.00180506
internal_weight=2384.73 2377.05 72.8664 19.2617 53.6047 45.0482 41.4468 10.4489 6.65132 2304.18 204.582 185.467 28.179 157.288
internal_count=24511 24460 1561 135 1426 1348 1326 71 55 22899 3046 2517 290 2227
is_linear=0
shrinkage=0.04


Tree=271
num_leaves=15
num_cat=0
split_feature=35 35 83 3 59 55 74 50 3 70 78 78 69 56
split_gain=2.52715 7.75871 7.58817 6.19378 6.9121 5.04204 4.91323 4.89249 5.27522 4.61021 4.46131 3.92771 5.79532 3.85949
threshold=1.2659500000000004 1.6022000000000003 -0.51024999999999987 0.39350000000000007 0.22500000000000003 0.39350000000000007 1.0000000180025095e-35 0.63540000000000008 0.5395000000000002 0.95485000000000009 0.42115000000000008 0.30775000000000002 0.90000000000000013 0.34350000000000008
decision_type=2 2 2 2 2 2 2 2 2 2 2 2 2 2
left_child=-1 9 5 4 6 10 -4 -5 -9 13 -3 12 -7 -2
right_child=1 2 3 7 -6 11 -8 8 -10 -11 -12 -13 -14 -15
leaf_value=-0.00048136098541810851 0.016704150574937574 0.0039359401847866423 0.019291350016264652 -0.025173276004717728 -0.02029422485916477 -0.011474212838225863 -0.018185676664564623 0.026668190106982383 -0.016395825600234549 0.020879009389893576 -0.033590961305836942 0.042209132565855491 0.023154957077981462 -0.013650406019526787
leaf_weight=2120.6346436829772 11.228883059695365 30.136656770599075 14.218367528170349 4.6808468480594483 58.248538671061397 11.008117111166937 7.9083606195636085 17.389969442971054 5.2947372607886782 52.26879682787694 5.0592130031436673 7.8328331960365167 21.576582475332543 13.828785676741971
leaf_count=21138 191 673 155 45 627 266 102 114 46 556 46 51 331 205
internal_value=-2.39302e-05 0.00368488 -0.000812518 -0.00760166 -0.0131591 0.00883422 0.00568945 0.00860954 0.0163489 0.0142232 -0.00223735 0.0182967 0.0114628 7.1156e-05
internal_weight=2381.32 260.681 183.354 107.741 80.3753 75.6134 22.1267 27.3656 22.6847 77.3265 35.1959 40.4175 32.5847 25.0577
internal_count=24546 3408 2456 1089 884 1367 257 205 160 952 719 648 597 396
is_linear=0
shrinkage=0.04


Tree=272
num_leaves=15
num_cat=0
split_feature=35 1 71 86 73 2 59 83 37 2 40 84 2 82
split_gain=2.46111 7.58745 5.69493 6.04479 6.38991 5.56235 4.56923 3.73386 4.00446 2.51988 3.6969 3.49527 3.28613 9.98152
threshold=-1.1503999999999999 1.3240000000000001 0.22850000000000004 0.45805000000000007 0.37500000000000006 0.18550000000000003 0.45000000000000007 1.8768000000000002 1.0000000180025095e-35 0.48250000000000004 1.0000000180025095e-35 0.71215000000000017 0.57250000000000012 0.85025000000000006
decision_type=2 2 2 2 2 2 2 2 2 2 2 2 2 2
left_child=1 2 3 4 6 -4 -1 8 -3 -2 11 12 13 -11
right_child=9 7 5 -5 -6 -7 -8 -9 -10 10 -12 -13 -14 -15
leaf_value=-0.019557787389654181 0.00017976611544073763 -0.036898209740245588 -0.037147399906021186 0.024441466137888671 -0.021786488971042125 0.011541875741868584 0.02990816041325161 0.0026203512083036772 0.0081800215780000046 -0.0021632431379114965 0.019138151644731288 0.019862073852283044 -0.0035964821747364001 -0.047696473269800511
leaf_weight=3.4321566084399846 2220.4888366031228 19.732054879656069 9.1799974385648948 19.817627914249897 14.257867085747419 5.3408064991235724 9.1477619893848878 6.9501874148845664 3.3375272043049327 17.915876667946581 6.7443501092493525 4.8465384896844617 32.020490194670856 12.647107360884545
leaf_count=45 23238 152 71 103 143 45 59 42 21 137 45 122 295 103
internal_value=-0.000321482 -0.00672938 0.00141919 0.00825123 -0.00415254 -0.0196495 0.0159661 -0.0228455 -0.0303077 -6.39949e-05 -0.00726656 -0.0101486 -0.0127485 -0.0219193
internal_weight=2385.86 91.196 61.1762 46.6554 26.8378 14.5208 12.5799 30.0198 23.0696 2294.66 74.1744 67.43 62.5835 30.563
internal_count=24621 681 466 350 247 116 104 215 173 23940 702 657 535 240
is_linear=0
shrinkage=0.04


Tree=273
num_leaves=15
num_cat=0
split_feature=28 75 57 57 71 78 5 1 71 3 80 84 58 4
split_gain=3.38318 5.47005 4.94871 5.92923 4.17661 6.49899 5.51544 5.43382 3.66759 3.65958 6.286 5.69651 6.06493 4.6659
threshold=0.94500000000000006 0.56350000000000011 0.24550000000000002 0.18250000000000002 0.14750000000000002 0.29060000000000002 0.62500000000000011 0.33350000000000007 0.087500000000000008 0.22750000000000004 0.43950000000000006 0.32945000000000008 0.22500000000000003 0.28350000000000003
decision_type=2 2 2 2 2 2 2 2 2 2 2 2 2 2
left_child=-1 4 3 -3 8 7 -7 -6 -2 10 11 12 -4 -11
right_child=1 2 9 -5 5 6 -8 -9 -10 13 -12 -13 -14 -15
leaf_value=-0.00079442871803739659 0.00026625683622332635 -0.0039792311092585984 -0.024034031874802127 0.040248809070222803 0.010384444459797205 0.0098915210449746892 -0.029853853226242837 -0.023245758182398726 0.021703591571504029 0.043186800744098301 0.023643058561579347 -0.025826923313472229 0.015143888141393589 0.0057927344634440582
leaf_weight=1739.654255602276 167.32961754570715 7.2484086549375233 8.596288753673436 12.701788044301791 8.6690500630065781 34.135866349563003 5.6540793161839238 43.918462611734867 12.826381972059606 4.4748460082337251 9.4452590681612474 20.644813422579318 17.548090967815369 277.57647000835277
leaf_count=19431 1504 98 212 95 67 224 33 296 70 25 71 145 189 2086
internal_value=0.000115638 0.00262288 0.00586526 0.0247567 -0.00164498 -0.00851232 0.00365034 -0.0176115 0.00190389 0.00468146 -0.00457431 -0.0106461 0.00185131 0.00653648
internal_weight=2370.42 630.769 358.236 19.9502 272.533 92.3775 39.7899 52.5875 180.156 338.286 56.2345 46.7892 26.1444 282.051
internal_count=24546 5115 2921 193 2194 620 257 363 1574 2728 617 546 401 2111
is_linear=0
shrinkage=0.04


Tree=274
num_leaves=15
num_cat=0
split_feature=46 49 73 34 2 83 84 80 80 80 80 83 4 82
split_gain=2.36537 5.04252 6.66717 5.31185 3.97367 4.84359 4.13975 3.99151 3.88414 3.70093 3.20829 3.0807 2.98651 2.51193
threshold=-0.84124999999999994 0.36665000000000009 0.37500000000000006 0.83335000000000015 0.085500000000000007 1.4950000000000003 0.28835000000000005 0.063500000000000015 -0.27549999999999997 -0.0024999999999999996 0.52550000000000019 1.4119500000000003 0.62600000000000011 1.2261000000000002
decision_type=2 2 2 2 2 2 2 2 2 2 2 2 2 2
left_child=1 2 13 4 9 6 -6 -7 -4 -3 -10 12 -5 -1
right_child=-2 3 8 11 5 7 -8 -9 10 -11 -12 -13 -14 -15
leaf_value=-0.024272149736148992 0.00042099749896416436 -0.026515598201059667 -0.023850508799067111 0.0064866616534117781 -0.012464188106790064 -0.026140634603990996 -0.042690875882156698 0.0070726612739335218 0.020112927228271418 0.018759477817196852 -0.015466409519278362 0.025413140059654431 -0.033319751394218014 0.024602044860930289
leaf_weight=12.527154109906403 2250.6615077938186 3.2467944244854143 3.4127368135377756 9.5464265649206954 13.401410621125253 8.5836663991212863 18.313924212474376 13.839169254526494 34.233617532765493 8.1338162000756693 3.8428831133060148 7.5117078498005858 3.2559205051511517 1.1062391102313984
leaf_count=466 22248 118 118 104 245 76 179 114 571 188 98 51 29 4
internal_value=0.000105317 -0.00490266 0.00448995 -0.0109169 -0.0163993 -0.0208495 -0.0306899 -0.00621491 0.0124385 0.00474446 0.0162182 0.00670516 -0.00531758 -0.0188962
internal_weight=2391.62 140.955 55.1226 85.8328 65.5188 54.1382 31.7153 22.4228 41.4892 11.3806 38.0765 20.3141 12.8023 13.6334
internal_count=24609 2361 1257 1104 920 614 424 190 787 306 669 184 133 470
is_linear=0
shrinkage=0.04


Tree=275
num_leaves=15
num_cat=0
split_feature=5 55 84 18 78 55 56 54 60 55 69 55 6 87
split_gain=2.73639 4.51758 4.43848 4.05291 7.39536 5.03373 3.86798 4.99671 5.69781 9.02416 5.73132 6.08541 8.9007 7.21049
threshold=0.20835000000000001 0.31100000000000005 0.75575000000000014 -0.82499999999999984 -0.49039999999999995 0.70900000000000007 0.23450000000000001 0.41750000000000004 0.36750000000000005 0.51950000000000018 0.70835000000000015 0.47500000000000003 0.20835000000000001 0.19205000000000003
decision_type=2 2 2 2 2 2 2 2 2 2 2 2 2 2
left_child=3 2 -2 4 -1 -6 -3 -8 10 -10 -9 13 -13 -12
right_child=1 6 -4 -5 5 -7 7 8 9 -11 11 12 -14 -15
leaf_value=0.05016446021162585 0.0073825889065951503 0.010694251823440994 -0.022631896690419907 0.00058194521277305292 0.0095816660460964192 -0.031940502931659717 -0.0075611142730522213 0.0028885518003918661 -0.0027989538227593527 0.0090405079549620918 -0.0098974582849729355 -0.03016358771440316 -0.0023948865548548063 0.016941642953100192
leaf_weight=5.8750495091080657 119.55895099788904 33.175847804173827 7.4720511743798843 1214.9944524258608 53.050327246077359 4.1386318728327742 273.3764885244891 74.090321277733892 283.41948300227523 160.53176049003378 59.903504407498986 43.720218010246754 31.777352166362107 20.750991797074676
leaf_count=24 1394 440 107 13678 502 30 3185 625 2364 1073 484 292 222 118
internal_value=-0.000161335 -0.00161562 0.00545414 0.00109947 0.0109054 0.00607953 -0.00253596 -0.00300995 -0.00115605 0.00149287 -0.00624803 -0.0105739 -0.0186597 -0.00286931
internal_weight=2385.84 1107.78 127.031 1278.06 63.064 57.189 980.746 947.57 674.194 443.951 230.242 156.152 75.4976 80.6545
internal_count=24538 10304 1501 14234 556 532 8803 8363 5178 3437 1741 1116 514 602
is_linear=0
shrinkage=0.04


Tree=276
num_leaves=15
num_cat=0
split_feature=50 3 55 74 71 82 46 54 55 18 70 50 54 4
split_gain=2.63639 6.6563 5.25425 7.84763 7.60848 6.20996 5.26887 4.53261 5.88504 4.69586 4.47108 5.48426 4.31467 5.20096
threshold=0.46875000000000006 0.43800000000000006 0.56100000000000017 1.0000000180025095e-35 -0.35849999999999993 0.30410000000000009 0.78655000000000008 0.38950000000000007 0.27900000000000008 0.37500000000000006 1.8493500000000003 0.55210000000000015 0.41050000000000003 0.48150000000000004
decision_type=2 2 2 2 2 2 2 2 2 2 2 2 2 2
left_child=1 2 5 6 -5 -1 -4 8 9 10 -2 -12 13 -9
right_child=7 -3 3 4 -6 -7 -8 12 -10 -11 11 -13 -14 -15
leaf_value=-0.0017064736039252566 0.006300397905071811 0.017531005391296546 -0.039386538573321604 -0.01401369260492386 0.02315965472654893 -0.015332438601021205 0.021408871076061976 -0.0030937366113248455 0.0048352967740660797 -0.019595500032155856 0.01628691149222463 -0.03575555487099058 0.00013187698293265788 -0.025560754639454512
leaf_weight=123.17308428266551 44.729964024038054 22.016049700789154 7.5918837313074601 11.182353022741152 32.586425202200189 94.018453468102962 2.3816010691225529 61.039487468311563 626.31223588134162 27.513784770853817 4.0880600274540475 8.9861619884613884 1295.2686453312635 21.762896583415568
leaf_count=3132 694 174 118 201 222 805 12 635 7390 588 48 117 10239 200
internal_value=0.000403354 -0.00314389 -0.00488222 0.00623142 0.0135615 -0.00764815 -0.024241 0.000901899 0.00349189 -0.00631174 0.000236803 -0.0194819 -0.000437122 -0.00923328
internal_weight=2382.65 292.95 270.934 53.7423 43.7688 217.192 9.97348 2089.7 711.63 85.318 57.8042 13.0742 1378.07 82.8024
internal_count=24575 4664 4490 553 423 3937 130 19911 8837 1447 859 165 11074 835
is_linear=0
shrinkage=0.04


Tree=277
num_leaves=15
num_cat=0
split_feature=59 18 69 46 60 70 87 53 35 79 56 18 35 35
split_gain=2.74713 4.08864 6.12066 5.24172 5.90397 6.22999 5.27281 5.1295 5.47775 5.35963 4.50432 4.37316 5.16538 7.21723
threshold=0.70835000000000015 0.075000000000000025 0.70835000000000015 1.0773500000000003 0.27900000000000008 -0.13854999999999998 0.33990000000000004 0.20350000000000004 -0.82364999999999988 0.70835000000000015 0.40850000000000003 -0.77499999999999991 -1.1258499999999998 -0.9827999999999999
decision_type=2 2 2 2 2 2 2 2 2 2 2 2 2 2
left_child=1 2 11 4 5 -4 -7 8 -5 -9 -8 -1 -13 -14
right_child=-2 -3 3 7 -6 6 10 9 -10 -11 -12 12 13 -15
leaf_value=0.018933761042658721 0.0018123062167558458 -0.0045416668709068412 0.010777488476049337 -0.025851126717715358 -0.0012698600736636518 -0.020789236609023314 -0.019798183526097742 0.0011165195940759447 0.010073189737888996 0.044726407016808446 0.01963436454706588 -0.02692808750970729 0.024841052068097988 0.0022546189823609421
leaf_weight=29.110718196956441 1031.3054141208995 364.50776034814771 15.75846978696063 8.2717579081654531 437.77594419661909 70.487973260227591 6.8614290747791555 7.7402038071304586 24.386054071597755 9.9793818518519384 10.342107903212307 7.9839232759550205 23.314805942121893 332.81415304285474
leaf_count=257 9093 5713 170 57 4382 651 48 45 157 42 57 92 202 3593
internal_value=0.00025899 -0.000928683 0.000411818 -0.002158 -0.00331171 -0.0118575 -0.0160007 0.0100601 0.000476357 0.0267542 0.00368352 0.00427376 0.00305305 0.00379871
internal_weight=2380.64 1349.33 984.827 591.603 541.226 103.45 87.6915 50.3774 32.6578 17.7196 17.2035 393.224 364.113 356.129
internal_count=24559 15466 9753 5609 5308 926 756 301 214 87 105 4144 3887 3795
is_linear=0
shrinkage=0.04


Tree=278
num_leaves=15
num_cat=0
split_feature=84 11 49 50 49 4 55 54 53 2 56 19 70 53
split_gain=3.00075 4.23408 4.94669 3.28427 4.18298 3.01847 7.69113 6.44168 4.94295 4.71584 8.20771 5.33925 7.26357 5.43999
threshold=0.029550000000000003 0.62500000000000011 0.58335000000000015 0.61460000000000015 0.18335000000000004 0.30850000000000005 0.53700000000000014 0.33150000000000007 0.055500000000000008 0.086500000000000007 0.36650000000000005 -1.0000000180025095e-35 0.65615000000000012 0.28500000000000003
decision_type=2 2 2 2 2 2 2 2 2 2 2 2 2 2
left_child=1 -1 3 4 -3 6 9 8 -8 -2 11 12 -11 -13
right_child=5 2 -4 -5 -6 -7 7 -9 -10 10 -12 13 -14 -15
leaf_value=-0.017387756826588458 0.0031835499940055367 -0.019000598273263739 0.032024620293858067 -0.036579691750250221 0.027840789815285882 -0.00085655800409773864 0.023303847355779072 0.025738914254843561 -0.013620485938245479 -0.034238920305201898 0.0083281166657759934 -0.02938036030280498 0.030138035243741729 0.02758594583928084
leaf_weight=36.569157616351731 250.40451715094969 5.3466554456390458 6.2567988592199972 3.5729151130653909 4.8963612103834748 1924.3395193852484 7.92955497466028 38.279267695266753 15.557816507061942 3.4730371297337097 29.123008949216455 34.312879569362849 6.5909309685230255 2.1307716676965347
leaf_count=1600 4209 137 52 40 73 16836 74 361 215 38 316 440 70 19
internal_value=-0.000432291 -0.00944719 0.00515783 -0.00834957 0.00387521 -0.000207459 0.0030074 0.0158296 -0.000711898 0.000537284 -0.00815142 -0.018429 0.00683514 -0.0254019
internal_weight=2368.78 56.6419 20.0727 13.8159 10.243 2312.14 387.802 61.7666 23.4874 326.035 75.6306 46.5076 10.064 36.4437
internal_count=24480 1902 302 250 210 22578 5742 650 289 5092 883 567 108 459
is_linear=0
shrinkage=0.04


Tree=279
num_leaves=15
num_cat=0
split_feature=53 53 57 34 52 3 3 1 28 56 78 78 21 83
split_gain=2.91603 5.99109 5.01992 6.24899 5.44683 4.78399 4.75924 4.65409 5.14288 6.36121 6.50204 6.29351 5.43603 6.01628
threshold=0.15150000000000002 0.15350000000000003 0.5505000000000001 0.50000000000000011 0.38170000000000009 0.34350000000000008 0.59200000000000008 -0.50849999999999984 0.93500000000000016 0.5675 0.57225000000000004 -0.32214999999999994 0.85500000000000009 0.48245000000000005
decision_type=2 2 2 2 2 2 2 2 2 2 2 2 2 2
left_child=2 5 6 -4 -5 -2 -1 -3 12 11 -11 -10 -9 -14
right_child=1 7 3 4 -6 -7 -8 8 9 10 -12 -13 13 -15
leaf_value=0.00026422451079669376 -0.04325432661676204 0.02099572063908246 0.0029819087505841709 -0.0076280166265766279 0.026425304599149203 0.003511228183566572 0.022979895066736176 -0.00032811435133286646 -0.021630652387245139 -0.0085987691301076148 0.026571481659664227 0.0075373373702576664 -0.015799772647419174 -0.0034661377291606362
leaf_weight=1063.3300110744312 8.6122724534943682 14.330501485383136 114.74600769113749 8.7853832901455444 38.878764861263335 5.2824822971597305 13.965440766885875 458.08528864313848 11.487836563959716 95.359702689573169 8.2445765584707242 243.07965199835598 90.692863217554986 206.85986392013729
leaf_count=13935 92 158 1370 113 270 43 142 3604 160 716 58 1696 821 1403
internal_value=0.000228487 -0.00122919 0.00157123 0.00810421 0.0201209 -0.026433 0.000579736 -0.000895634 -0.00119587 0.00274704 -0.00557274 0.00614159 -0.00306597 -0.00726571
internal_weight=2381.74 1142.04 1239.71 162.41 47.6641 13.8948 1077.3 1128.14 1113.81 358.172 103.604 254.567 755.638 297.553
internal_count=24581 8751 15830 1753 383 135 14077 8616 8458 2630 774 1856 5828 2224
is_linear=0
shrinkage=0.04


Tree=280
num_leaves=15
num_cat=0
split_feature=68 82 5 51 36 86 5 86 83 82 73 35 1 84
split_gain=2.34273 2.86739 2.23848 4.02594 3.81437 4.1882 6.06519 3.58917 4.77015 3.5338 8.91367 6.86294 7.59973 5.46527
threshold=0.83335000000000015 -1.0697499999999998 0.20835000000000001 0.58350000000000013 1.0000000180025095e-35 0.21475000000000002 1.0000000180025095e-35 0.15035000000000001 0.48245000000000005 1.6477000000000002 0.79165000000000008 -0.99029999999999985 2.2615000000000003 0.69375000000000009
decision_type=2 2 2 2 2 2 2 2 2 2 2 2 2 2
left_child=2 -2 3 4 -1 7 -7 8 -6 -4 11 -11 -13 -12
right_child=1 -3 9 -5 5 6 -8 -9 -10 10 13 12 -14 -15
leaf_value=0.0010639335584210815 0.012513711929824031 -0.031425957378457159 -0.0011608760364589512 0.035311412938727187 0.0027092005868808436 -0.00089182450054175262 -0.037207708008727573 0.021115900597615967 -0.028156214667332258 0.017716481743140566 -0.0075337910811971321 -0.0390259693655629 -0.0071608078313952174 0.025635054456244099
leaf_weight=1173.3629288370721 2.7276262207888067 7.0774624706245941 1018.9932289515855 4.3390462798997751 27.724158516386524 14.103400335647168 14.500659158453344 8.6896224832162243 10.183273225091396 6.3968849778175345 16.776539581827823 25.238494168967009 23.034444039687514 13.544609433040021
leaf_count=13073 142 212 9739 18 432 104 118 58 87 37 112 185 133 111
internal_value=-0.000592176 -0.0191757 -0.000506765 0.000650214 0.000501596 -0.00817137 -0.0199369 -0.00068185 -0.0060929 -0.00181921 -0.00960699 -0.0191314 -0.0242748 0.0076283
internal_weight=2366.69 9.80509 2356.89 1252.9 1248.56 75.2011 28.6041 46.5971 37.9074 1103.98 84.991 54.6698 48.2729 30.3211
internal_count=24561 354 24207 13890 13872 799 222 577 519 10317 578 355 318 223
is_linear=0
shrinkage=0.04


Tree=281
num_leaves=15
num_cat=0
split_feature=78 71 14 78 26 73 60 50 56 54 7 57 4 82
split_gain=2.68932 4.79565 4.54497 5.25996 5.67845 5.23242 4.43884 4.23627 8.73322 4.13747 4.06226 4.00217 3.89037 3.80889
threshold=0.037150000000000009 0.78450000000000009 1.0000000180025095e-35 0.068100000000000008 0.69500000000000006 0.37500000000000006 0.55150000000000021 0.61460000000000015 0.45400000000000007 0.31050000000000005 0.70835000000000015 0.57650000000000012 0.63450000000000017 1.6477000000000002
decision_type=2 2 2 2 2 2 2 2 2 2 2 2 2 2
left_child=-1 2 3 4 7 -4 10 8 9 -2 -6 -12 -9 -5
right_child=1 -3 5 13 6 -7 -8 12 -10 -11 11 -13 -14 -15
leaf_value=0.0015325491679307644 0.016472793268625406 0.0092544143096123695 -0.011516711620093288 -0.00053861416747923423 0.021537313779343186 0.018639411200203019 -0.030425214896780756 -0.035621223242052372 0.022428552469774661 -0.03296114697903 -0.030507755795228662 0.011116607533697203 0.0077154362999754368 -0.0077196634143285384
leaf_weight=1127.2438093846431 2.6749376137740972 66.030640367418528 11.846125972457228 924.57546488475055 14.80877979565412 33.047508426941931 4.8388051362708202 24.373388285748664 9.1334425201639515 13.680891274474559 5.7804230172187072 7.2988995835185051 3.4456276614218941 134.53170016827062
leaf_count=15414 39 498 143 6529 95 373 47 223 69 145 58 39 23 851
internal_value=0.000114888 -0.00115758 -0.00174259 -0.00223547 -0.0116893 0.0106045 0.00143007 -0.0196216 -0.0074024 -0.0243931 0.00781909 -0.00813959 -0.0301721 -0.0014572
internal_weight=2383.31 1256.07 1190.04 1145.14 86.0352 44.8936 32.7269 53.3083 25.4893 16.3558 27.8881 13.0793 27.819 1059.11
internal_count=24546 9132 8634 8118 738 516 239 499 253 184 192 97 246 7380
is_linear=0
shrinkage=0.04


Tree=282
num_leaves=15
num_cat=0
split_feature=4 1 2 2 4 22 7 52 4 71 84 71 3 56
split_gain=2.27715 5.75911 4.85431 5.99603 7.5862 5.80998 6.57407 7.09031 5.67162 5.28649 4.64298 6.24074 5.22379 5.99114
threshold=0.37950000000000006 3.4280000000000004 0.19250000000000003 0.11850000000000001 0.40650000000000003 0.32500000000000001 0.62500000000000011 0.21130000000000002 0.63450000000000017 -0.83849999999999991 0.068650000000000003 0.24750000000000003 0.37950000000000006 0.26350000000000007
decision_type=2 2 2 2 2 2 2 2 2 2 2 2 2 2
left_child=1 -1 3 4 -2 6 8 -8 10 -9 -5 -12 13 -13
right_child=2 -3 -4 5 -6 -7 7 9 -10 -11 11 12 -14 -15
leaf_value=0.0014762675329083456 -0.011818182240591387 0.025271411455774238 0.0015526957474756918 0.018153317773027401 0.0028214102308457777 0.0050372165410801232 0.012829171837509413 0.013659492025416078 0.012860093450843588 -0.025189311903878155 -0.012448069244356236 0.040264334545888528 0.018800965748733581 -0.0083052601729200204
leaf_weight=705.99898939125706 66.03519372898154 15.66519707161933 810.23721911502071 10.389843865530564 364.1106614980381 62.464636232703924 9.9269019514322263 5.4811530923470846 24.660792553797364 68.078081866726279 163.68076361739077 3.4012749567627898 19.334643435664475 53.599226227030158
leaf_count=10384 769 102 6029 203 3757 498 76 66 173 516 1464 16 109 421
internal_value=0.000152516 0.00202704 -0.000662454 -0.00277044 0.000551769 -0.00615795 -0.00811688 -0.0178883 -0.00509707 -0.0221502 -0.00690967 -0.00806541 0.00137149 -0.00476283
internal_weight=2383.06 721.664 1661.4 851.163 430.146 421.017 358.553 83.4861 275.067 73.5592 250.406 240.016 76.3351 57.0005
internal_count=24583 10486 14097 8068 4526 3542 3044 658 2386 582 2213 2010 546 437
is_linear=0
shrinkage=0.04


Tree=283
num_leaves=15
num_cat=0
split_feature=83 56 50 2 60 56 26 4 80 82 84 78 57 34
split_gain=3.05184 9.02713 6.38377 5.25809 6.88232 4.66164 5.58127 7.66222 4.94563 4.82538 6.33749 6.51531 6.96784 4.64964
threshold=1.2012000000000003 0.35750000000000004 0.55210000000000015 0.14000000000000004 0.30500000000000005 0.5505000000000001 0.78500000000000014 0.60200000000000009 -0.10949999999999999 1.6002500000000002 0.36055000000000004 -0.098399999999999987 0.68350000000000011 0.83335000000000015
decision_type=2 2 2 2 2 2 2 2 2 2 2 2 2 2
left_child=-1 -2 3 -3 -5 -4 8 -8 -7 10 11 -10 -13 -6
right_child=1 2 5 4 13 6 7 -9 9 -11 -12 12 -14 -15
leaf_value=0.00092667905812954287 0.0078901322216425613 -0.025590529751944785 -0.012273170942479717 -0.010271165918144488 0.0096633263884579306 0.012639253828127826 0.025593955316572131 -0.0020641916984272595 -0.036031663699589045 0.01246375315983806 -0.02549457370253716 0.025190646536798433 -0.023267628817876376 0.038916145136901698
leaf_weight=1838.7374418480322 106.5975036341697 7.1243748459964982 164.35909159388393 21.618807185441256 41.269332461059093 12.686359348706899 19.333217061124742 75.077053667511791 5.405217187479141 9.414088136982171 47.115201737731695 13.893369017168881 6.058519458398222 10.425426523201166
leaf_count=20763 747 51 1060 164 293 90 114 583 52 168 319 71 50 55
internal_value=0.000149916 -0.00249 -0.0050531 0.00506972 0.00835345 -0.00736535 -0.00305488 0.0038085 -0.00987462 -0.013473 -0.016966 -0.000753195 0.0100678 0.0161894
internal_weight=2379.12 540.378 433.78 80.4379 73.3136 353.342 188.983 94.4103 94.5728 81.8864 72.4723 25.3571 19.9519 51.6948
internal_count=24580 3817 3070 563 512 2507 1447 697 750 660 492 173 121 348
is_linear=0
shrinkage=0.04


Tree=284
num_leaves=15
num_cat=0
split_feature=20 50 53 35 40 22 3 83 1 15 56 18 54 82
split_gain=3.46225 4.21439 3.51717 3.95426 3.25739 7.12425 4.02666 3.7545 3.53788 2.53443 2.41091 2.22725 2.0295 2.0168
threshold=-1.0000000180025095e-35 0.34375000000000006 0.070500000000000021 -0.80919999999999992 1.0000000180025095e-35 0.24165000000000003 0.38550000000000006 -0.52764999999999984 0.86150000000000004 0.15000000000000002 0.37400000000000005 0.32500000000000001 0.40100000000000008 1.4584000000000001
decision_type=2 2 2 2 2 2 2 2 2 2 2 2 2 2
left_child=1 -1 3 -3 6 8 7 -4 -6 13 -11 -5 -9 -2
right_child=9 2 4 11 5 -7 -8 12 -10 10 -12 -13 -14 -15
leaf_value=-0.031275398228965648 -0.00014591404370668912 0.026209310357791851 0.01606718114758585 -0.047321608339449622 -0.00075771177815217659 -0.019092238988348859 0.018033202591249159 0.005452834078651372 0.043338991073543318 0.03249053433109763 0.002211010213313692 -0.00012583535130824183 -0.019907540848493107 -0.0037136994275194287
leaf_weight=3.3473739353939882 1981.6276252721436 1.916496548335999 10.309175016125662 3.4120175647549322 3.5440686088986757 4.1946730380877844 25.720143811777234 6.8296276575420078 14.467933541629462 6.1709763839608085 10.567110172472892 2.5184275407809764 15.097927183378486 289.70711236447096
leaf_count=64 21650 13 170 45 51 25 199 88 70 68 91 57 138 1898
internal_value=-0.000178773 0.00741432 0.00922067 -0.0150094 0.0117482 0.0244647 0.00654342 -0.00289047 0.035079 -0.000485056 0.0145768 -0.0301895 -0.0121154 -0.000602417
internal_weight=2379.43 91.3579 88.0105 7.84694 80.1635 22.2067 57.9569 32.2367 18.012 2288.07 16.7381 5.93045 21.9276 2271.33
internal_count=24627 920 856 115 741 146 595 396 121 23707 159 102 226 23548
is_linear=0
shrinkage=0.04


Tree=285
num_leaves=15
num_cat=0
split_feature=46 1 28 55 50 1 78 22 84 55 83 3 59 84
split_gain=1.9909 3.71304 4.93147 3.70467 3.98726 5.79779 3.33109 3.46355 2.98975 3.25298 3.11801 2.91749 2.68895 2.64759
threshold=-0.84124999999999994 1.1335000000000002 0.75500000000000012 0.41300000000000003 0.80210000000000015 1.4690000000000001 -0.55824999999999991 0.15835000000000002 0.47690000000000005 0.35400000000000004 1.5559500000000004 0.28250000000000003 0.63335000000000008 0.60055000000000014
decision_type=2 2 2 2 2 2 2 2 2 2 2 2 2 2
left_child=1 2 12 8 5 -5 -4 11 9 10 -3 -8 -1 -10
right_child=-2 3 6 4 -6 -7 7 -9 13 -11 -12 -13 -14 -15
leaf_value=-0.019251442264334295 0.00039716836980725382 -0.032298884763733812 -0.02302979385655201 -0.026097361935755337 -0.04223275869571122 0.016303449561031663 -0.024327455809054585 0.02244869770618332 0.024396214683861994 0.014511502415527008 0.0043032071924001851 0.016354319599011461 0.0023905718879013052 -0.0051777254666276742
leaf_weight=18.124726235168055 2242.0881009553559 10.986335384659474 3.174738011788576 12.958278967067605 9.1580226598307473 7.340470489114522 4.9186744301114214 25.97024492919445 8.1481413170695323 4.6070250156335524 5.091184075921773 4.445078955963254 17.295578967779875 9.6900727679021639
leaf_count=763 22188 139 58 152 69 50 141 266 56 46 40 51 457 88
internal_value=0.000105566 -0.00447215 0.00173399 -0.0111487 -0.0215813 -0.0107187 0.0115004 0.0151514 -0.00282717 -0.0128925 -0.021135 -0.00530076 -0.00890826 0.00890901
internal_weight=2384 141.909 73.929 67.9795 29.4568 20.2987 38.5087 35.334 38.5228 20.6845 16.0775 9.36375 35.4203 17.8382
internal_count=24564 2376 1736 640 271 202 516 458 369 225 179 192 1220 144
is_linear=0
shrinkage=0.04


Tree=286
num_leaves=15
num_cat=0
split_feature=84 70 56 56 84 57 87 71 59 66 60 40 82 78
split_gain=2.93951 4.9737 4.24602 3.76076 4.00572 10.0732 6.83645 5.45602 4.57139 4.43999 3.85505 3.89915 3.77876 7.22682
threshold=0.39345000000000008 -2.1594999999999995 0.20650000000000002 0.39150000000000007 0.52795000000000014 0.45250000000000007 0.50185000000000013 -0.070499999999999993 0.63335000000000008 1.0000000180025095e-35 0.66700000000000015 1.0000000180025095e-35 1.6477000000000002 0.19775000000000001
decision_type=2 2 2 2 2 2 2 2 2 2 2 2 2 2
left_child=-1 -2 -3 12 5 7 10 -5 -8 -9 -7 -12 -4 -14
right_child=1 2 3 4 -6 6 8 9 -10 -11 11 -13 13 -15
leaf_value=0.0013798385556526959 -0.032634786131202333 -0.013347936774759234 0.003590231463192213 -0.005625390045241976 -0.00015613746981943288 0.0043805550657941552 -0.047327838533945885 -0.02890533374710624 0.0016810473058613482 0.0041411255921817106 -0.0012595215008339082 -0.029446781381723533 -0.044816005766591054 -0.001899055512331282
leaf_weight=1146.6302954722196 7.1248764265328637 43.56827220483683 379.41806856589392 43.498137217480689 451.45736697525717 138.8905935655348 7.0348373120650631 48.470596232451499 4.7965423129498959 7.2224727161228648 24.847761149518192 10.544876747764645 6.2769149020314208 46.476797215174884
leaf_count=14913 37 528 3383 311 3516 820 38 335 27 51 212 71 48 289
internal_value=-7.35538e-05 -0.00143997 -0.00122992 -0.000767237 -0.00250368 -0.00620482 -0.000696066 -0.0164309 -0.0288766 -0.0246223 0.00137083 -0.010236 0.00219198 -0.00774427
internal_weight=2366.26 1219.63 1212.5 1168.93 736.763 285.306 186.115 99.1912 11.8314 55.6931 174.283 35.3926 432.172 52.7537
internal_count=24579 9666 9629 9101 5381 1865 1168 697 65 386 1103 283 3720 337
is_linear=0
shrinkage=0.04


Tree=287
num_leaves=15
num_cat=0
split_feature=68 84 4 57 33 55 55 1 80 22 56 79 82 71
split_gain=3.23625 2.87779 5.24396 4.22013 3.71054 3.55548 4.03892 2.90534 2.72614 3.005 2.55725 3.06092 2.42274 5.05542
threshold=0.83335000000000015 0.016250000000000004 0.32900000000000007 0.53150000000000019 1.0000000180025095e-35 0.37700000000000006 0.63450000000000017 2.0710000000000002 -1.0139999999999998 0.075000000000000011 0.14400000000000002 0.79165000000000008 1.5003500000000003 -0.72349999999999992
decision_type=2 2 2 2 2 2 2 2 2 2 2 2 2 2
left_child=1 2 3 4 7 -4 -7 -1 9 -3 11 -10 -12 -14
right_child=-2 8 5 -5 -6 6 -8 -9 10 -11 12 -13 13 -15
leaf_value=-0.018249599405700638 -0.022825905347383327 0.0086631465941379091 -0.017933970616851449 0.028124486264926949 0.025101332963022735 0.026825543391858608 -0.021568136110840342 -0.056622115482532223 0.018117080219524184 -0.039512223961792776 0.0010117674073306516 -0.013973223462785485 0.026942671738519389 -0.003997239494916479
leaf_weight=8.0844501242972893 8.6108161204028857 2.8239555119071147 7.0881304075010148 1.3050470079760987 0.98140784748829979 10.113880965858696 2.8405050802975884 6.3538737725466499 24.121369251050059 4.5332818350289017 2033.394826845848 5.0826733079738906 7.7399121299386016 262.29118703585118
leaf_count=660 352 69 172 23 25 136 32 62 412 62 20738 85 37 1743
internal_value=0.000339118 0.000432608 -0.0105214 -0.026382 -0.0324271 0.00333853 0.0154291 -0.03771 0.000609145 -0.0221969 0.000690557 0.0122544 0.000538691 -0.00301427
internal_weight=2385.37 2376.75 36.7673 16.7248 15.4197 20.0425 12.9544 14.4383 2339.99 7.35724 2332.63 29.204 2303.43 270.031
internal_count=24608 24256 1110 770 747 340 168 722 23146 131 23015 497 22518 1780
is_linear=0
shrinkage=0.04


Tree=288
num_leaves=15
num_cat=0
split_feature=83 82 80 57 57 57 71 52 65 3 28 3 53 3
split_gain=3.44419 5.60407 2.42572 4.37472 4.27092 3.09694 3.15787 3.04363 3.04179 2.69981 2.64525 3.32221 2.40761 2.63056
threshold=-1.7136499999999997 0.51465000000000016 -0.42849999999999994 0.45550000000000007 0.63250000000000017 0.28350000000000003 0.049500000000000009 0.62285000000000013 1.0000000180025095e-35 0.23150000000000004 0.46000000000000002 0.32050000000000006 0.23750000000000002 0.18800000000000003
decision_type=2 2 2 2 2 2 2 2 2 2 2 2 2 2
left_child=1 -1 3 5 10 9 7 12 -6 -2 -5 -12 13 -7
right_child=2 -3 -4 4 8 6 -8 -9 -10 -11 11 -13 -14 -15
leaf_value=-0.0076989460191330241 -0.013169469675067094 0.043857293570425282 0.00039204898997142204 -0.0063456269929582209 -0.032123517639089598 -0.00438944598279463 -0.037607625501637654 0.0081116626200526763 0.014116756047620445 0.023375883748201952 -0.009210414893607707 0.025183190908970438 0.009396619688672293 -0.038938426150858463
leaf_weight=5.7467990857548994 6.0947673362679762 6.3727463912218809 2280.7052608638769 10.693733714520929 6.8903001018334162 5.8007624006131726 10.523649075068532 8.0432401611469668 2.5305209718644619 4.978670759126544 5.3468605340458479 17.586680992972106 3.0820651319809249 9.2594598860014212
leaf_count=160 192 35 22830 213 88 184 120 108 21 57 69 122 40 205
internal_value=0.000248695 0.0206871 0.000135571 -0.00623859 0.00299186 -0.0144453 -0.0199156 -0.0116836 -0.0195402 0.00383672 0.00968631 0.0171147 -0.020425 -0.0267331
internal_weight=2383.66 12.1195 2371.54 90.8307 43.0481 47.7826 36.7092 26.1855 9.42082 11.0734 33.6273 22.9335 18.1423 15.0602
internal_count=24444 195 24249 1419 513 906 657 537 109 249 404 191 429 389
is_linear=0
shrinkage=0.04


Tree=289
num_leaves=15
num_cat=0
split_feature=55 2 5 86 84 53 3 60 57 79 62 19 78 22
split_gain=2.66909 4.68441 2.53972 8.53333 6.12416 5.56618 6.90441 6.23212 6.06107 5.04101 4.7853 5.13295 4.66293 4.48158
threshold=0.12700000000000003 0.057500000000000009 0.70835000000000015 0.31055000000000005 0.8438500000000001 0.097500000000000017 0.46500000000000008 0.69500000000000006 0.5485000000000001 0.62500000000000011 1.0000000180025095e-35 0.11665000000000002 0.059150000000000001 0.22500000000000003
decision_type=2 2 2 2 2 2 2 2 2 2 2 2 2 2
left_child=1 -1 -2 5 -5 7 8 -4 10 -9 13 -12 -10 -7
right_child=2 -3 3 4 -6 6 -8 9 12 -11 11 -13 -14 -15
leaf_value=0.007640211875794136 0.0004908544141112739 -0.033253340669177622 -0.033321610791870529 -0.015257038735608925 0.031043235159967424 0.0037817128797390832 -0.010190309620760278 0.03771100445168863 0.0065172830561636532 -0.023884489762083627 -0.021774635404652597 0.02233536113309495 0.041309321920268427 0.030973858489706983
leaf_weight=7.4421784844016683 2118.5493806478335 9.2000369653105718 12.364284896757455 91.590316437184811 3.8955374192446461 35.61497657909058 33.204160867258906 3.969671042636036 10.987184939906003 2.8248215741477907 16.08676295471378 4.7152292719110838 14.436741404235361 12.508542832452802
leaf_count=184 22047 139 199 553 30 452 279 41 145 49 207 38 80 104
internal_value=-6.91691e-05 -0.0155698 4.66494e-05 -0.00382493 -0.013066 0.00223722 0.0052875 -0.0173256 0.0107843 0.0123237 0.00446865 -0.0112103 0.0270893 0.0113363
internal_weight=2377.39 16.6422 2360.75 242.198 95.4859 146.712 127.554 19.1588 94.3494 6.79449 68.9255 20.802 25.4239 48.1235
internal_count=24547 323 24224 2177 583 1594 1305 289 1026 90 801 245 225 556
is_linear=0
shrinkage=0.04


Tree=290
num_leaves=15
num_cat=0
split_feature=18 30 4 20 35 82 1 52 86 26 60 78 28 70
split_gain=3.78114 6.68754 3.12114 2.85436 2.79168 4.85879 5.3758 4.35923 3.23468 4.25354 4.32887 3.57378 3.5338 2.9656
threshold=0.62500000000000011 0.85000000000000009 0.49300000000000005 -0.51664999999999994 -1.1503999999999999 1.2082500000000003 1.9740000000000004 0.69785000000000008 0.17735000000000004 0.70500000000000007 0.48770000000000008 -0.064449999999999993 0.89500000000000013 1.1231500000000001
decision_type=2 2 2 2 2 2 2 2 2 2 2 2 2 2
left_child=3 -2 -3 -1 5 6 8 -7 13 12 11 -11 -10 -5
right_child=1 2 -4 4 -6 7 -8 -9 9 10 -12 -13 -14 -15
leaf_value=0.028504554937747201 -0.01006122279454587 -0.0046201312422405241 0.041793997609270848 -0.031735906580424085 0.00075402809195071919 -0.036825034449019987 -0.02444852270996992 0.0024863069798367701 0.0025202310797218935 -0.023452422050676658 -0.037872375509881678 0.014484251916639625 0.030375825843738068 0.015736637993343044
leaf_weight=4.8245944478549054 99.783991792472079 3.4029455732088518 5.2259621908888221 5.9257100196555239 2163.2159750259016 12.477189431898298 12.275021835230289 6.6049633380025616 13.896594570949674 4.6119084618985715 4.1740800738334647 12.709178943186997 14.790214138105512 2.3058015953283757
leaf_count=33 1802 55 41 111 21818 89 95 48 94 36 29 77 81 31
internal_value=0.000186814 -0.00707544 0.024911 0.000538502 0.000465995 -0.00640661 -0.00145271 -0.0237718 0.00370979 0.00758438 -0.00573458 0.0036545 0.0174213 -0.0181738
internal_weight=2366.22 108.413 8.62891 2257.81 2252.99 89.7707 70.6885 19.0822 58.4135 50.182 21.4952 17.3211 28.6868 8.23151
internal_count=24440 1898 96 22542 22509 691 554 137 459 317 142 113 175 142
is_linear=0
shrinkage=0.04


Tree=291
num_leaves=15
num_cat=0
split_feature=5 53 53 11 23 56 52 18 4 55 52 35 59 35
split_gain=2.68335 4.77277 6.0025 8.00228 7.44911 4.91352 5.55171 4.85556 4.7283 4.14182 4.28158 4.13239 4.03034 4.49342
threshold=0.70835000000000015 0.097500000000000017 0.18150000000000002 0.87500000000000011 0.045000000000000005 0.49250000000000005 0.83045000000000013 -0.074999999999999997 0.63000000000000012 0.43900000000000006 0.5797500000000001 -1.4502999999999997 0.45000000000000007 -1.1101999999999999
decision_type=2 2 2 2 2 2 2 2 2 2 2 2 2 2
left_child=11 12 4 -4 5 6 -3 -6 -7 10 -9 -1 -2 -14
right_child=1 2 3 -5 7 8 -8 9 -10 -11 -12 -13 13 -15
leaf_value=-0.025783767408427881 0.0081111208549851255 0.010469163877166753 -0.011789226013079914 0.017597938229812694 -0.028909389380494428 0.037837706011662843 -0.029512007502574156 0.0054809664127853461 -0.0020970838055252841 0.024615316740789588 -0.041557416761075591 0.00070454159187413362 0.021851929967514928 -0.033887156051143341
leaf_weight=8.4659513607621175 6.0338724022731212 37.487307076808065 105.48589194496162 16.316808654461056 12.288374347612264 17.049033016897742 5.5138260438106945 8.036086651496591 6.2978307912126175 7.1845311443321398 3.846180588938295 2125.6952206136193 1.9384539742022777 18.380311292828992
leaf_count=76 88 398 771 116 114 133 51 113 59 78 52 22302 15 235
internal_value=0.000131 -0.00381743 -0.00184523 -0.00774125 0.00550906 0.0130416 0.00478837 -0.0103403 0.0274216 0.00247157 -0.0117889 0.000587439 -0.0195769 -0.027794
internal_weight=2380.02 245.859 219.506 121.803 97.7032 66.348 43.0011 31.3552 23.3469 19.0668 11.8823 2134.16 26.3526 20.3188
internal_count=24601 2223 1885 887 998 641 449 357 192 243 165 22378 338 250
is_linear=0
shrinkage=0.04


Tree=292
num_leaves=15
num_cat=0
split_feature=70 26 78 71 50 35 83 53 87 50 53 18 55 35
split_gain=2.66604 5.40856 5.24778 3.2839 3.48827 3.15575 3.03369 3.70673 2.83827 2.36057 3.23714 4.3075 5.20568 4.44906
threshold=3.6916500000000005 0.48000000000000004 -0.017399999999999995 -0.20249999999999999 0.65625000000000011 -0.51369999999999993 -0.24924999999999997 0.23750000000000002 0.30705000000000005 0.46875000000000006 0.31850000000000006 -1.0000000180025095e-35 0.55400000000000016 -0.87944999999999995
decision_type=2 2 2 2 2 2 2 2 2 2 2 2 2 2
left_child=9 2 8 5 -5 -3 7 -4 -2 10 11 -1 -13 -14
right_child=1 3 6 4 -6 -7 -8 -9 -10 -11 -12 12 13 -15
leaf_value=-0.0104653126360969 0.034589696801812966 -0.026297712454332 -0.028323873905869591 0.0046295731350903006 0.038224526992896295 0.01626192988213164 -0.040463093363689577 0.022062576544906887 -0.010754889426912497 0.00026277760359895213 0.011113648646196867 -0.003891540842861366 -0.02708126934595648 0.020391110309035159
leaf_weight=118.32741261890624 4.7808007677085724 3.5963892247527838 3.6156974434852609 7.742993880063298 14.362802080810068 6.0844403859227914 5.9290034621953938 3.7439715787768364 2.95994982868433 2036.3509533229517 21.172980726696551 119.98087526054587 2.7167120766826001 25.211809468222782
leaf_count=1848 61 35 36 38 61 45 41 19 25 19623 173 2350 30 256
internal_value=-1.30387e-05 0.00878869 -0.00676694 0.0189725 0.0271669 -0.000530656 -0.0214463 -0.00311857 0.0180039 -0.000216785 -0.0036037 -0.00481134 -0.000248254 0.0149968
internal_weight=2376.58 52.816 21.0294 31.7866 22.1058 9.68083 13.2887 7.35967 7.74075 2323.76 287.41 266.237 147.909 27.9285
internal_count=24641 361 182 179 99 80 96 55 86 24280 4657 4484 2636 286
is_linear=0
shrinkage=0.04


Tree=293
num_leaves=15
num_cat=0
split_feature=20 52 45 60 22 55 5 84 85 80 9 60 87 22
split_gain=2.78795 2.18653 4.56761 4.10591 6.43962 6.02413 4.62439 4.95007 5.31889 4.0805 3.98018 3.76283 3.69195 4.53217
threshold=-0.51664999999999994 0.8198000000000002 0.90000000000000013 0.30500000000000005 0.4250000000000001 0.27900000000000008 1.0000000180025095e-35 0.27815000000000006 0.37500000000000006 0.23750000000000002 1.0000000180025095e-35 0.42470000000000002 0.66995000000000016 0.12500000000000003
decision_type=2 2 2 2 2 2 2 2 2 2 2 2 2 2
left_child=-1 2 -2 4 5 -3 7 8 11 -9 -4 -5 13 -7
right_child=1 3 10 6 -6 12 -8 9 -10 -11 -12 -13 -14 -15
leaf_value=0.025074201768073508 0.00070977063222301231 0.020398179017651018 -0.0095067827130989289 0.011206352349492381 0.014982088080870218 -0.028105981591933223 -0.002695117514207414 0.022757413017448786 0.0134638565491921 0.0015353439897470562 0.044785221471414893 -0.040353326976291432 0.018548969566100901 -0.008337669852447261
leaf_weight=6.2712059668265274 1929.8714262521826 6.8845596471801391 2.7114779250696284 2.5707232467830199 14.096372549887745 38.179729438386858 264.23116691363975 34.104806215502322 8.4013859455008042 24.955210348591208 5.8599856393411756 7.6388094183057547 3.7698517944663754 37.524752157740295
leaf_count=45 20770 67 39 21 103 377 2133 274 121 188 53 94 24 272
internal_value=0.000343261 0.000267618 0.00084685 -0.00226681 -0.00933327 -0.0134283 -0.000169423 0.00834786 -0.00928111 0.0139651 0.0284117 -0.0275292 -0.0165757 -0.0185438
internal_weight=2387.07 2380.8 1938.44 442.357 100.455 86.3589 341.902 77.6709 18.6109 59.06 8.57146 10.2095 79.4743 75.7045
internal_count=24581 24536 20862 3674 843 740 2831 698 236 462 92 115 673 649
is_linear=0
shrinkage=0.04


Tree=294
num_leaves=15
num_cat=0
split_feature=19 87 35 76 35 1 54 57 54 55 54 4 84 46
split_gain=2.86007 5.72721 4.61726 2.70689 2.96047 2.53065 5.32008 5.98108 5.28548 6.12657 4.97084 6.18646 5.77624 4.93832
threshold=-0.44999999999999996 0.25905000000000006 -1.0000000180025095e-35 0.70000000000000007 -0.66954999999999987 1.5755000000000001 0.65150000000000008 0.72250000000000003 0.67850000000000021 0.70900000000000007 0.59250000000000014 0.76050000000000006 0.51225000000000009 1.0000000180025095e-35
decision_type=2 2 2 2 2 2 2 2 2 2 2 2 2 2
left_child=1 2 3 4 -1 -2 7 10 9 13 11 -7 -12 -8
right_child=5 -3 -4 -5 -6 6 8 -9 -10 -11 12 -13 -14 -15
leaf_value=-0.013379967210406686 -0.0008250493609790327 -0.02626423910792481 0.023752807500260254 -0.026200323589848189 0.027324726715476533 0.0017468425605015297 -0.0345014919648607 0.025135824336914712 -0.00073205611090063657 0.01774994687294864 0.016833761568420973 -0.028271466815101804 -0.0030141202993546412 0.0027169129000909958
leaf_weight=5.7737865224480656 1289.4239426350687 18.364960890263319 9.2099553337320668 7.6066224901005617 3.9759703944437232 788.57988776313141 22.760981261264536 17.948135868646204 95.297836952377111 5.5127611998468629 72.265403461642563 10.141733619384466 34.114838644862175 7.3232756908982983
leaf_count=61 15443 139 134 74 49 6843 176 112 691 34 504 76 233 50
internal_value=0.000169531 -0.00971567 0.00226192 -0.0098147 0.00421721 0.000363132 0.00181619 0.00288734 -0.00570204 -0.0186238 0.0024189 0.00133081 0.0105 -0.0256456
internal_weight=2388.3 44.9313 26.5663 17.3564 9.74976 2343.37 1053.94 923.05 130.895 35.597 905.102 798.722 106.38 30.0843
internal_count=24619 457 318 184 110 24162 8719 7768 951 260 7656 6919 737 226
is_linear=0
shrinkage=0.04


Tree=295
num_leaves=15
num_cat=0
split_feature=57 4 55 1 20 75 69 50 3 4 83 71 52 23
split_gain=2.95746 2.89114 6.93189 4.72743 4.33852 4.01607 3.99564 5.84679 4.95266 4.46459 4.16081 4.30245 5.19154 4.10485
threshold=0.067500000000000018 0.31100000000000005 0.53700000000000014 0.72550000000000014 -0.51664999999999994 0.74605000000000021 0.70835000000000015 0.57290000000000008 0.13750000000000004 0.30450000000000005 0.97430000000000005 -0.52949999999999997 0.42680000000000001 0.25500000000000006
decision_type=2 2 2 2 2 2 2 2 2 2 2 2 2 2
left_child=-1 2 5 -4 -3 6 7 -2 -9 10 11 13 -13 -8
right_child=1 4 3 -5 -6 -7 9 8 -10 -11 -12 12 -14 -15
leaf_value=-0.025230258063884816 0.0034270351032728579 0.031160203682049678 -0.0083741448324469708 0.019525179124160481 -0.00056217700880585532 -0.016964191507629411 -0.010805899945248618 0.00054392135357679409 -0.02687794935092196 0.029720405140032945 -0.015924305988276089 -0.0022931627327779256 0.013078231154292566 0.022339866362768052
leaf_weight=6.3422926558414465 60.635628404794261 5.9227912239730349 11.11367860692553 56.225185544462875 1950.3308852072805 17.980950281023979 37.991078705294058 17.70047355722636 24.902189491549507 10.046435330994425 15.214229118078945 51.270464375382289 109.0328994714655 6.1027754892129442
leaf_count=185 1484 26 224 517 17501 494 940 359 366 108 107 981 1183 94
internal_value=0.000117216 0.000195512 0.00321007 0.0148655 -0.000450262 0.00093732 0.00195216 -0.00455494 -0.0157336 0.00488436 0.00361863 0.00514375 0.0081782 -0.00582471
internal_weight=2380.81 2374.47 418.216 67.3389 1956.25 350.877 332.896 103.238 42.6027 229.658 219.611 204.397 160.303 44.0939
internal_count=24569 24384 6857 741 17527 6116 5622 2209 725 3413 3305 3198 2164 1034
is_linear=0
shrinkage=0.04


Tree=296
num_leaves=15
num_cat=0
split_feature=20 71 35 35 55 55 28 19 55 26 83 55 57 49
split_gain=3.03783 2.30415 4.73377 5.22838 3.63051 5.36737 4.1768 3.45722 4.2377 3.43789 3.07751 2.17645 2.88387 2.68049
threshold=-0.51664999999999994 0.81050000000000011 0.10245000000000001 -0.39809999999999995 0.5465000000000001 0.57350000000000001 0.97500000000000009 -0.14999999999999997 0.38800000000000007 0.3050000000000001 0.10575000000000002 0.44050000000000006 0.34350000000000008 0.58335000000000015
decision_type=2 2 2 2 2 2 2 2 2 2 2 2 2 2
left_child=-1 -2 3 4 11 -6 -7 -5 -9 10 -4 12 13 -3
right_child=1 2 9 7 5 6 -8 8 -10 -11 -12 -13 -14 -15
leaf_value=0.023698052696305712 -0.00045086425958765469 0.0047211855814799303 -0.026484123944687642 -0.0089291730547541286 -0.046703180839864834 -0.017103474991754714 0.026758316275293542 0.0079276580446123197 0.051527729115014458 0.015392601129110154 0.011613709115921059 0.023060729219060216 0.011706747584958717 -0.042883254737798422
leaf_weight=7.5465503414161494 2257.2066429127008 3.6475037112832096 13.767254173988482 2.8816199689172235 3.8526418358087531 6.701835102401672 5.3411314757540822 6.0708923670463255 9.3859249241650087 5.8069741281215093 3.7724160030484191 13.958158339839427 17.248077930882573 2.5753391664475203
leaf_count=45 23485 40 212 30 27 53 44 82 64 53 35 100 171 19
internal_value=-0.000106507 -0.000192916 0.00587618 0.0109418 0.0043904 -0.0111676 0.0029096 0.0287799 0.0359255 -0.00948366 -0.0181056 0.0111164 0.00336094 -0.0181896
internal_weight=2359.76 2352.22 95.0098 71.6631 53.3247 15.8956 12.043 18.3384 15.4568 23.3466 17.5397 37.4291 23.4709 6.22284
internal_count=24460 24415 930 630 454 124 97 176 146 300 247 330 230 59
is_linear=0
shrinkage=0.04


Tree=297
num_leaves=15
num_cat=0
split_feature=50 54 2 56 7 83 2 82 70 80 5 84 50 80
split_gain=2.48977 1.9519 2.39118 1.949 4.4174 4.28559 6.79031 4.94686 9.05897 6.0475 5.33006 5.48477 4.91641 7.54254
threshold=0.19790000000000005 0.10550000000000001 0.040500000000000008 0.34350000000000008 0.95835000000000015 1.2012000000000003 0.13650000000000004 0.21395000000000003 3.2628000000000008 -0.21449999999999997 1.0000000180025095e-35 0.72875000000000012 0.63540000000000008 -0.26149999999999995
decision_type=2 2 2 2 2 2 2 2 2 2 2 2 2 2
left_child=-1 2 -2 4 -3 -5 -7 8 9 -8 -9 12 13 -12
right_child=1 3 -4 5 -6 6 7 10 -10 -11 11 -13 -14 -15
leaf_value=-0.025604787194248749 -0.0040773735819615914 -0.0033002525252039138 0.030235890343866971 0.0014731655536895914 0.018731726343218142 -0.026018099156677656 -0.016056190535161406 0.005778304102897187 -0.046688793925191076 0.009177709292206954 0.018419191755182487 0.0066212382890506443 -0.0055132059129487203 -0.022834438920959394
leaf_weight=5.1571500260615712 5.4126322809606773 438.4890190664446 6.4070279323495924 1399.0480319783092 14.074123960919676 18.47206471581012 16.373674016445875 62.929094871971756 4.3975756596773854 124.08011522237211 7.2404345236718646 39.020904458127916 157.25112179107964 61.85621102899313
leaf_count=83 222 6379 102 14118 102 138 175 462 49 970 37 365 994 337
internal_value=-0.000201855 -0.000135383 0.0154303 -0.000220448 -0.0025753 0.000344288 -0.00286472 -0.00190783 0.00423025 0.00614331 -0.0046207 -0.00709914 -0.00948316 -0.0183105
internal_weight=2360.21 2355.05 11.8197 2343.23 452.563 1890.67 491.621 473.149 144.851 140.454 328.298 265.369 226.348 69.0966
internal_count=24533 24450 324 24126 6481 17645 3527 3389 1194 1145 2195 1733 1368 374
is_linear=0
shrinkage=0.04


Tree=298
num_leaves=15
num_cat=0
split_feature=53 3 3 54 54 5 3 22 5 49 78 56 35 14
split_gain=2.1727 2.11457 4.63096 7.29212 5.48907 4.45989 4.36095 4.5143 4.14129 4.98836 5.00347 4.20672 5.22873 4.29198
threshold=0.70350000000000013 0.26950000000000007 0.23850000000000002 0.25750000000000006 0.61550000000000005 0.87500000000000011 0.23400000000000001 0.10835000000000002 0.12500000000000003 0.75000000000000011 0.23315000000000005 0.56950000000000001 -0.85214999999999985 1.0000000180025095e-35
decision_type=2 2 2 2 2 2 2 2 2 2 2 2 2 2
left_child=1 2 6 -4 5 8 -1 -8 9 10 -5 12 -10 -14
right_child=-2 -3 3 4 -6 -7 7 -9 11 -11 -12 -13 13 -15
leaf_value=0.00054531345400716635 0.016754857196243179 -0.0011985885976213426 -0.025606910778197704 0.0069605396791944506 -0.024464684922835388 -0.024297105263077087 -0.0042696854002850703 -0.037328120950390391 -0.0059958715194368441 0.032300079887180727 -0.020115760875198552 -0.016727473103503452 0.025905052520467348 -0.0085630195693125483
leaf_weight=734.31183333822992 11.11483569908887 1422.5356327848276 9.2470906563103181 35.873594693141058 6.4568769773468366 4.6804850110784164 21.522750663338233 8.7429217966273409 10.891134792007504 7.3393291113898149 14.517225066199897 4.7285380521789184 69.328978819772601 5.8302389420568934
leaf_count=10935 117 11568 146 424 70 51 248 97 94 48 92 49 527 123
internal_value=-0.000141388 -0.000228174 0.00125036 0.00722394 0.00927315 0.0108446 -7.69022e-05 -0.0147078 0.0121073 0.00364175 -0.00107958 0.0173925 0.0194381 0.023154
internal_weight=2367.12 2356.01 933.471 168.893 159.646 153.19 764.578 30.2657 148.509 57.7301 50.3908 90.7789 86.0504 75.1592
internal_count=24589 24472 12904 1624 1478 1408 11280 345 1357 564 516 793 744 650
is_linear=0
shrinkage=0.04


Tree=299
num_leaves=15
num_cat=0
split_feature=22 5 2 22 65 70 80 80 4 2 41 71 84 54
split_gain=2.11386 3.57783 3.8087 3.17094 4.42652 4.97977 4.40792 3.40663 3.09641 2.59396 2.54749 2.33067 3.99603 4.96261
threshold=0.92500000000000016 0.20835000000000001 0.14000000000000004 0.6916500000000001 1.0000000180025095e-35 0.39765000000000006 0.5485000000000001 0.068500000000000019 0.60750000000000004 0.47650000000000003 1.0000000180025095e-35 0.25450000000000006 0.56265000000000009 0.40450000000000008
decision_type=2 2 2 2 2 2 2 2 2 2 2 2 2 2
left_child=3 2 -2 11 5 7 -6 -5 -4 10 -7 12 -1 -14
right_child=1 -3 8 4 6 9 -8 -9 -10 -11 -12 -13 13 -15
leaf_value=-4.4242606299440911e-05 -0.020050147621716988 -0.02920163923466269 0.033057102486496778 0.014307453697640337 -0.03078745530551006 0.0072367048304200566 0.026045941806521925 -0.033676478770138629 -0.01373767206955683 -0.00043249243749007746 0.041367069666752382 0.0021550147126428274 0.001853081981410216 -0.010639712789934856
leaf_weight=1506.9737722760765 6.5966462260112193 9.5881906244903785 5.6879940293729288 4.1073646452277925 5.8973816549405438 5.202375841327016 2.3084280337207019 3.5283277975395322 2.7347960844635963 4.5441423119045785 13.973833946976811 581.39074003184214 81.913540157722309 132.14926408044994
leaf_count=17173 117 120 45 60 63 42 21 33 33 40 100 4823 901 896
internal_value=3.79691e-05 -0.0113922 0.0010902 0.000162879 0.0112496 0.0180024 -0.0137067 -0.00919726 0.0180178 0.0267759 0.0329253 -3.24214e-05 -0.000772191 -0.00587282
internal_weight=2366.6 24.6076 15.0194 2341.99 39.5619 31.356 8.20581 7.63569 8.42279 23.7204 19.1762 2302.43 1721.04 214.063
internal_count=24467 315 195 24152 359 275 84 93 78 182 142 23793 18970 1797
is_linear=0
shrinkage=0.04


end of trees

feature_importances:
Column_84=195
Column_82=190
Column_3=168
Column_83=165
Column_53=161
Column_78=157
Column_54=147
Column_55=144
Column_71=137
Column_50=134
Column_56=132
Column_4=131
Column_35=117
Column_86=112
Column_52=111
Column_57=111
Column_80=111
Column_87=111
Column_2=110
Column_60=107
Column_18=106
Column_20=97
Column_1=92
Column_70=83
Column_19=76
Column_22=76
Column_5=66
Column_46=63
Column_59=55
Column_73=47
Column_28=44
Column_7=36
Column_26=34
Column_49=34
Column_11=32
Column_75=32
Column_43=30
Column_9=29
Column_23=29
Column_25=28
Column_79=27
Column_69=25
Column_14=23
Column_68=23
Column_6=19
Column_85=19
Column_58=18
Column_44=16
Column_45=16
Column_34=13
Column_40=11
Column_15=10
Column_24=10
Column_21=9
Column_74=9
Column_16=8
Column_31=8
Column_65=8
Column_76=8
Column_67=7
Column_81=7
Column_8=6
Column_13=6
Column_36=6
Column_37=6
Column_38=6
Column_29=4
Column_30=4
Column_39=4
Column_41=4
Column_10=3
Column_64=3
Column_66=3
Column_33=2
Column_42=2
Column_51=2
Column_62=2
Column_77=2
Column_32=1

parameters:
[boosting: gbdt]
[objective: lambdarank]
[metric: ndcg]
[tree_learner: serial]
[device_type: cpu]
[data_sample_strategy: bagging]
[data: ]
[valid: ]
[num_iterations: 300]
[learning_rate: 0.04]
[num_leaves: 15]
[num_threads: 0]
[seed: 0]
[deterministic: 0]
[force_col_wise: 0]
[force_row_wise: 0]
[histogram_pool_size: -1]
[max_depth: -1]
[min_data_in_leaf: 25]
[min_sum_hessian_in_leaf: 0.001]
[bagging_fraction: 0.85]
[pos_bagging_fraction: 1]
[neg_bagging_fraction: 1]
[bagging_freq: 1]
[bagging_seed: 3]
[bagging_by_query: 0]
[feature_fraction: 0.85]
[feature_fraction_bynode: 1]
[feature_fraction_seed: 2]
[extra_trees: 0]
[extra_seed: 6]
[early_stopping_round: 0]
[early_stopping_min_delta: 0]
[first_metric_only: 0]
[max_delta_step: 0]
[lambda_l1: 0]
[lambda_l2: 1]
[linear_lambda: 0]
[min_gain_to_split: 0]
[drop_rate: 0.1]
[max_drop: 50]
[skip_drop: 0.5]
[xgboost_dart_mode: 0]
[uniform_drop: 0]
[drop_seed: 4]
[top_rate: 0.2]
[other_rate: 0.1]
[min_data_per_group: 100]
[max_cat_threshold: 32]
[cat_l2: 10]
[cat_smooth: 10]
[max_cat_to_onehot: 4]
[top_k: 20]
[monotone_constraints: ]
[monotone_constraints_method: basic]
[monotone_penalty: 0]
[feature_contri: ]
[forcedsplits_filename: ]
[refit_decay_rate: 0.9]
[cegb_tradeoff: 1]
[cegb_penalty_split: 0]
[cegb_penalty_feature_lazy: ]
[cegb_penalty_feature_coupled: ]
[path_smooth: 0]
[interaction_constraints: ]
[verbosity: -1]
[saved_feature_importance_type: 0]
[use_quantized_grad: 0]
[num_grad_quant_bins: 4]
[quant_train_renew_leaf: 0]
[stochastic_rounding: 1]
[linear_tree: 0]
[max_bin: 255]
[max_bin_by_feature: ]
[min_data_in_bin: 3]
[bin_construct_sample_cnt: 200000]
[data_random_seed: 1]
[is_enable_sparse: 1]
[enable_bundle: 1]
[use_missing: 1]
[zero_as_missing: 0]
[feature_pre_filter: 1]
[pre_partition: 0]
[two_round: 0]
[header: 0]
[label_column: ]
[weight_column: ]
[group_column: ]
[ignore_column: ]
[categorical_feature: ]
[forcedbins_filename: ]
[precise_float_parser: 0]
[parser_config_file: ]
[objective_seed: 5]
[num_class: 1]
[is_unbalance: 0]
[scale_pos_weight: 1]
[sigmoid: 1]
[boost_from_average: 1]
[reg_sqrt: 0]
[alpha: 0.9]
[fair_c: 1]
[poisson_max_delta_step: 0.7]
[tweedie_variance_power: 1.5]
[lambdarank_truncation_level: 30]
[lambdarank_norm: 1]
[label_gain: 0,1,3,7]
[lambdarank_position_bias_regularization: 0]
[eval_at: 1,3]
[multi_error_top_k: 1]
[auc_mu_weights: ]
[num_machines: 1]
[local_listen_port: 12400]
[time_out: 120]
[machine_list_filename: ]
[machines: ]
[gpu_platform_id: -1]
[gpu_device_id: -1]
[gpu_device_id_list: ]
[gpu_use_dp: 0]
[num_gpu: 1]

end of parameters

pandas_categorical:null
